character,hun_eum,components_norm,components_detail,comp_status,title,link,content
皀,향기로울 급,,,none,향기로울 급(皀),http://tonghanja.com/%ed%96%a5%ea%b8%b0%eb%a1%9c%ec%9a%b8-%ea%b8%89%e7%9a%80/,皀 .무급 밥( )이 담긴 식기( )에서 나오는 것은? 수북하게 밥 이 담긴 식기 에서 풍겨 나오는 것은 ‘ 향기로움 ’이지요. 향기로울 급 * ‘皀’은 다른 글자에서 ‘밥’이란 뜻으로도 쓰입니다.
皃,얼굴 모,,급(모양),image,얼굴 모(皃),http://tonghanja.com/%ec%96%bc%ea%b5%b4-%eb%aa%a8%e7%9a%83/,皃 .무급 : 모양 : 부분을 나타내는 선 儿 : 사람 인 사람(儿) 머리( )의 앞 부분(—)은? 사람 머리 의 앞면 부분 은 ‘ 얼굴 ’이지요. 얼굴 모
彿,비슷할 불,弗彳,彳(걸을 척) 弗(아닐(떨) 불),ok,비슷할 불(彿),http://tonghanja.com/%eb%b9%84%ec%8a%b7%ed%95%a0-%eb%b6%88%e5%bd%bf/,"彿 .1급 彳: 걸을 척 弗: 아닐(떨) 불 걸어서(彳) 떨어지면(弗)? 길을 걸어서 대상과 멀리 떨어지면 , 뚜렷했던 윤곽은 흐릿해지고 주변의 다른 것들과 ‘ 비슷함 ’이지요. 비슷할 불 방 불 ( 彷 彿: 거의 비슷함 / 흐릿하거나 어렴풋함 )"
沸,끓을 비,弗水,氵(물 수) 弗(아닐(떨) 불),ok,끓을 비(沸),http://tonghanja.com/%eb%81%93%ec%9d%84-%eb%b9%84%e6%b2%b8/,沸 .1급 氵: 물 수 弗: 아닐(떨) 불 물(氵)이 떠는(弗) 것은? 물 이 스스로를 떨어 내는 것은 ‘ 끓음 ’이지요. 끓을 비 비 등 (沸 騰 : 끓어 오름 )
磁,자석 자,玆石,石(돌 석) 玆(이(결합할) 자),ok,자석 자(磁),http://tonghanja.com/%ec%9e%90%ec%84%9d-%ec%9e%90%e7%a3%81/,磁 .2급 石: 돌 석 玆: 이(결합할) 자 돌(石)인데 결합하는(玆) 것은? 돌 인데 자성을 띤 물체와 결합하는 것은 ‘ 자석 ’이지요. 자석 자
滋,불을 자,水玆,氵(물 수) 玆(이(결합할) 자),ok,불을 자(滋),http://tonghanja.com/%eb%b6%88%ec%9d%84-%ec%9e%90-%e6%bb%8b/,滋 .2급 氵: 물 수 玆: 이(결합할) 자 물(氵)이 결합하는(玆) 것은? 물 줄기가 서로 결합하는 것은 물이 ‘ 불음 ’ 이지요. 불을 자
欮,숨찰/팔 궐,屰欠,屰(거꾸로 역) 欠(하품(입 벌린 사람) 흠),ok,숨찰/팔 궐(欮),http://tonghanja.com/%ec%88%a8%ec%b0%b0-%ed%8c%94-%ea%b6%90%e6%ac%ae/,欮 .무급 屰: 거꾸로 역 欠: 하품(입 벌린 사람) 흠 거꾸로(屰) 수그린 채 입 벌린 사람(欠)이 하는 것은? 거꾸로 몸을 수그린 채 입 벌린 사람 이 하는 것은 무엇을 ‘ 숨차게 ’ ‘ 팜 ’이지요. 숨찰/팔 궐
聶,소곤거릴 섭,耳,耳(귀 이) 耳(귀 이) 耳(귀 이),ok,소곤거릴 섭(聶),http://tonghanja.com/%ec%86%8c%ea%b3%a4%ea%b1%b0%eb%a6%b4-%ec%84%ad%e8%81%b6/,聶 .무급 耳: 귀 이 耳: 귀 이 耳: 귀 이 많은 귀(聶)가 모인 것은? 많은 귀 가 가까이 모인 것은 여럿이 작은 목소리로 ‘ 소곤거림 ’이지요. 소곤거릴 섭
尼,여승 니,,,none,여승 니(尼),http://tonghanja.com/%ec%97%ac%ec%8a%b9-%eb%8b%88%e5%b0%bc/,"尼 .2급 사람(尸)과 사람(匕)이 등을 기대는 것은? ‘ 尼 ’는 사람 과 사람 이 등을 기대는 것인 ‘ 붙음 ’을 나타낸 글자였으나, 후에 산스크리트어 ‘비쿠니(bhikkhuni: 여성 출가 수행자)’를 한자로 음역한 ‘비구니(比丘尼)’에 쓰이면서 불교의 여성 수도자인 ‘ 여승 ’을 뜻하게 되었답니다. 여승 니"
它,뱀 사/ 다를 타,,,none,뱀 사/ 다를 타(它),http://tonghanja.com/%eb%b1%80-%ec%82%ac-%eb%8b%a4%eb%a5%bc-%ed%83%80%e5%ae%83/,"它 .특급 혀( )와 머리( )와 몸통 및 꼬리( )는? ‘ 它 ’는 혀 와 머리 와 몸통 및 꼬리 로 된 것인 ‘ 뱀 ’을 본뜬 글자였으나, 후에 뱀은 다른 동물과 생김새와 움직임이 다르다는 데서 ‘ 다름 ’을 뜻하게 되었답니다. 뱀 사 / 다를 타"
回,돌 회,,,none,돌 회(回),http://tonghanja.com/%eb%8f%8c-%ed%9a%8c%e5%9b%9e/,"回 .4급Ⅱ 바퀴(回)가 하는 것은? 바퀴 가 하는 것은 ‘ 돎 ’이지요. 돌 회 회 전 (回 轉 : 돌아서 구름 ) , 회귀(回歸), 회독(回讀) * ‘回’는 ‘돌아올 회’라고도 합니다."
變,변할 변,攵,攵(칠(때릴) 복),ok,변할 변(變),http://tonghanja.com/%eb%b3%80%ed%95%a0-%eb%b3%80%e8%ae%8a/,"變 .5급Ⅱ : 잇달 련 攵: 칠(때릴) 복 잇달아( ) 때리면(攵)? 잇달아 때리면 행동이나 성격이 ‘ 변함 ’이지요. 변할 변 변 함 (變 함 : 무엇이 다른 것이 되거나 또는 다른 성질로 달라짐 ) , 변화(變化), 변천(變遷)"
戀,그리워할 련,心,心(마음 심),ok,그리워할 련(戀),http://tonghanja.com/%ea%b7%b8%eb%a6%ac%ec%9b%8c%ed%95%a0-%eb%a0%a8%e6%88%80/,"戀 .3급Ⅱ : 잇달 련 心: 마음 심 잇달아( ) 마음(心)에 떠오르는 것은? 잇달아 마음 에 떠오르는 것은 상대를 ‘ 그리워함 ’이지요. 그리워할 련 연 모 (戀 慕 : 그리워함) , 연애(戀愛), 연인(戀人)"
懲,징계할 징,徵心,徵(부를 징) 心(마음 심),ok,징계할 징(懲),http://tonghanja.com/%ec%a7%95%ea%b3%84%ed%95%a0-%ec%a7%95%e6%87%b2/,"懲 .3급 徵: 부를 징 心: 마음 심 불러서(徵) 마음(心)을 잡게 하는 것은? 불러서 마음 을 잡게 하는 것은 ‘ 징계함 ’이지요. 징계할 징 징 계 (懲 戒 : 잘못을 나무라고 경계함 ) , 징벌(懲罰), 징역(懲役)"
徵,부를 징,王,王(임금 왕),ok,부를 징(徵),http://tonghanja.com/%eb%b6%80%eb%a5%bc-%ec%a7%95%e5%be%b5/,"徵 .3급Ⅱ : 微(작을 미)의 이형 王: 임금 왕 작은( ) 이에게 왕(王)이 하는 것은? ‘ 작은 이’ 즉 ‘미천한 이’에게 왕 이 하는 것은 필요할 때마다 ‘ 부름 ’이지요. 부를 징 징 집 (徵 集 : 불러 모음 ) , 징병(徵兵), 징발(徵發) * ‘徵’의 옛 자형은 ‘微+王’이었으나, 후에 편의상 ‘几’가 생략되었답니다."
微,작을 미,彳攵,彳(걸을) 척(모양) 攵(칠(때릴) 복),ok,작을 미(微),http://tonghanja.com/%ec%9e%91%ec%9d%84-%eb%af%b8%e5%be%ae/,"微 .3급Ⅱ 彳: 걸을 척 : 모양 攵: 칠(때릴) 복 걸으면서(彳) 머리 숙이고(山) 팔 뻗고(ㅡ) 다리 굽힌(几) 채로 때려(攵) 잡는 동물은? 걸으면서 머리 숙이고 팔 뻗고 다리 굽힌 채로 때려 잡는 벼룩이나 이 따위의 동물은 ‘ 작음 ’이지요. 작을 미 미 물 (微 物 : 작은 물건 또는 동물 ) , 미세(微細), 미천(微賤)"
豈,어찌 기,,,none,어찌 기(豈),http://tonghanja.com/%ec%96%b4%ec%b0%8c-%ea%b8%b0%e8%b1%88/,豈 .3급 북(豈)을 치면? 북 을 치면 ‘ 어찌 ’ 기쁘지 아니한가 . 어찌 기
喜,기쁠 희,壴,壴(북 주  ㅁ: 입 구),ok,기쁠 희(喜),http://tonghanja.com/%ea%b8%b0%ec%81%a0-%ed%9d%ac%e5%96%9c/,"喜 .4급 壴: 북 주 ㅁ: 입 구 북(壴)을 치며 입(ㅁ)으로 노래하면? 북 을 치며 입 으로 노래하면 ‘ 기쁨 ’이지요. 기쁠 희 희 열 (喜 悅 : 기쁨) , 환희(歡喜)"
樹,나무 수,尌木,木(나무 목) 尌(세울 주),ok,나무 수(樹),http://tonghanja.com/%eb%82%98%eb%ac%b4-%ec%88%98%e6%a8%b9/,"樹 .6급 木: 나무 목 尌: 세울 주 나무(木)인데 세우는(尌) 것은? 나무 인데 곧게 세우는 것은 ‘ 나무 ’이지요. 나무 수 수 목 (樹 木 : 살아 있는 나무) , 과수(果樹), 가로수(街路樹)"
尌,세울 주,壴寸,壴(북 주) 寸(마디(손) 촌),ok,세울 주(尌),http://tonghanja.com/%ec%84%b8%ec%9a%b8-%ec%a3%bc%e5%b0%8c/,尌 .무급 壴: 북 주 寸: 마디(손) 촌 북(壴)을 손(寸)으로 들어올리는 것은? 북 을 손 으로 들어올리는 것은 세로로 ‘ 세움 ’이지요. 세울 주
鼓,북 고,十又壴,壴(북 주) 十(모양) 又(또(손) 우),ok,북 고(鼓),http://tonghanja.com/%eb%b6%81-%ea%b3%a0%e9%bc%93/,"鼓 .3급Ⅱ 壴: 북 주 十: 모양 又: 또(손) 우 북(壴)인데 채(十)를 손(又)에 들고 치는 것은? 북 인데 채 를 손 에 들고 치는 것은 ‘ 북 ’이지요. 북 고 대 고 ( 大 鼓: 큰 북) , 소고(小鼓), 승전고(勝戰鼓)"
壴,북 주,,,none,북 주(壴),http://tonghanja.com/%eb%b6%81-%ec%a3%bc%e5%a3%b4/,壴 .무급 매듭(士)과 가죽(ㅁ)과 통(ㅛ)으로 된 것은? ‘ 壴 ’는 매듭 과 가죽 과 통 으로 된 ‘단면 북 ’을 나타낸 글자입니다. 북 주
壤,흙덩이 양,土襄,土(흙 토) 襄(도울 양),ok,흙덩이 양(壤),http://tonghanja.com/%ed%9d%99%eb%8d%a9%ec%9d%b4-%ec%96%91%e5%a3%a4/,壤 .3급Ⅱ 土: 흙 토 襄: 도울 양 흙(土)인데 도움(襄)이 되는 것은? 흙 인데 농작물의 생장에 도움 이 되는 것은 ‘ 흙덩이 ’이지요. 흙덩이 양 토 양 ( 土 壤: 흙덩이 / 농작물 등이 생장할 수 있는 흙 )
讓,사양할 양,襄言,言(말씀(말) 언) 襄(도울 양),ok,사양할 양(讓),http://tonghanja.com/%ec%82%ac%ec%96%91%ed%95%a0-%ec%96%91%e8%ae%93/,"讓 .3급Ⅱ 言: 말씀(말) 언 襄: 도울 양 말(言)인데 도움(襄)을 받을 때 하는 것은? 말 인데 상대에게 도움 을 받을 때 일단 하는 것은 ‘ 사양함 ’이지요. 사양할 양 사 양 ( 辭 讓: 겸손히 말하고 받지 아니함 ) , 겸양(謙讓), 양보(讓步)"
襄,도울 양,,,none,도울 양(襄),http://tonghanja.com/%eb%8f%84%ec%9a%b8-%ec%96%91%e8%a5%84/,"襄 .1급Ⅱ 주머니(襄)를 채워주는 것은? 주머니 를 채워주는 것은 상대를 ‘ 도움 ’이지요. ☞ 襄: 옷( )의 양옆에 구멍들( )을 우물( )처럼 뚫고 바닥(ㅡ)을 막은 것인, ‘주머니’를 나타낸 글자 도울 양"
壞,무너질 괴,土褱,土(흙 토) 褱(품을 회),ok,무너질 괴(壞),http://tonghanja.com/%eb%ac%b4%eb%84%88%ec%a7%88-%ea%b4%b4%e5%a3%9e/,"壞 .3급Ⅱ 土: 흙 토 褱: 품을 회 흙(土)이 품는(褱) 것은? 흙 이 무엇을 품는 것은 흙이 ‘ 무너짐 ’이지요. 무너질 괴 붕 괴 ( 崩 壞: 무너짐) , 파괴(破壞), 괴멸(壞滅)"
懷,품을 회,心褱,忄(마음 심) 褱(품을 회),ok,품을 회(懷),http://tonghanja.com/%ed%92%88%ec%9d%84-%ed%9a%8c%e6%87%b7/,"懷 .3급Ⅱ 忄: 마음 심 褱: 품을 회 마음(忄)속에 품는(褱) 것은? 마음 속에 어떤 생각을 품는 것은 ‘ 품음 ’이지요. 품을 회 회 포 (懷 抱 : 마음속에 품은 생각이나 정 ) , 회의(懷疑), 회유(懷柔)"
褱,품을 회,氺网衣,衣(옷 의) 罒(눈 목) 氺(물 수),ok,품을 회(褱),http://tonghanja.com/%ed%92%88%ec%9d%84-%ed%9a%8c%e8%a4%b1/,褱 .무급 衣: 옷 의 罒: 눈 목 氺: 물 수 옷(衣)에 눈(罒)물(氺)을 떨구는 이에게 하는 것은? 옷 에 눈물 을 떨구는 이에게 하는 것은 따뜻하게 ‘ 품음 ’이지요. 품을 회 * 품다: 1. 품속에 넣다 2. 가슴에 대어 안다
獵,사냥 렵,巤犬,犭(개 견) 巤(털 난 짐승 렵),ok,사냥 렵(獵),http://tonghanja.com/%ec%82%ac%eb%83%a5-%eb%a0%b5%e7%8d%b5/,"獵 .3급 犭: 개 견 巤: 털 난 짐승 렵 개(犭)에게 털 난 짐승(巤)을 잡게 하는 것은? 개 에게 털 난 짐승 을 잡게 하는 것은 ‘ 사냥 ’이지요. 사냥 렵 수 렵 ( 狩 獵: 사냥 *狩·1급·사냥 수 ) , 밀렵(密獵)"
巤,털 난 짐승 렵,,,none,털 난 짐승 렵(巤),http://tonghanja.com/%ed%84%b8-%eb%82%9c-%ec%a7%90%ec%8a%b9-%eb%a0%b5%e5%b7%a4/,巤 .무급 털( )과 흉한 몸통( )과 털 난 다리( )와 꼬리( )로 된 것은? ‘ 巤 ’은 털 과 흉한 몸통 과 털 난 다리 와 꼬리 로 된 ‘ 털 난 짐승 ’을 나타낸 글자입니다. 털 난 짐승 렵
演,펼 연,寅水,氵(물 수) 寅(범(펼) 인),ok,펼 연(演),http://tonghanja.com/%ed%8e%bc-%ec%97%b0%e6%bc%94/,"演 .4급Ⅱ 氵: 물 수 寅: 범(펼) 인 물(氵) 흐르듯 펴는(寅) 것은? 물 흐르듯 펴는 것은 재주 따위를 ‘ 폄 ’이지요. 펼 연 연 기 (演 技 : 구경꾼 앞에서 재주를 폄) , 연주(演奏), 공연(公演)"
寅,범 인,,,none,범 인(寅),http://tonghanja.com/%eb%b2%94-%ec%9d%b8%e5%af%85/,"寅 .3급 꼬리( )와 머리( )와 목( )과 몸통( )과 다리( )로 된 것은? ‘ 寅 ’은 활 ( )에 화살 ( )을 걸고 양손 ( )으로 당기는 것인 ‘ 폄 ’을 나타낸 글자였으나, 후에 십이지(十二支)에서는 범을 정면에서 바라본 모습과 같다 하여 ‘ 범 ’을 뜻하게 되었답니다. 범 인"
擔,멜 담,手詹,扌(손 수) 詹(이를 첨),ok,멜 담(擔),http://tonghanja.com/%eb%a9%9c-%eb%8b%b4%e6%93%94/,"擔 .4급Ⅱ 扌: 손 수 詹: 이를 첨 손(扌)으로 위에 이르게(詹) 하는 것은? 손 으로 짐이나 가방 따위를 위에 이르게 하는 것은 ‘ 멤 ’이지요. 멜 담 부 담 ( 負 擔: 지거나 멤) , 전담(全擔), 담당(擔當)"
詹,이를 첨,儿厂言,厂(기슭(벼랑) 엄) 儿(사람 인) 言(말씀 언),ok,이를 첨(詹),http://tonghanja.com/%ec%9d%b4%eb%a5%bc-%ec%b2%a8%e8%a9%b9/,詹 .특급Ⅱ : 사람 인 厂: 기슭(벼랑) 엄 儿: 사람 인 言: 말씀 언 사람( )이 벼랑(厂) 위에서 아래의 사람(儿)에게 말(言)하여 하는 것은? 사람 이 벼랑 위에서 아래의 사람 에게 경로 따위를 말 하여 하는 것은 아래의 사람이 벼랑 위에 ‘ 이름 ’이지요. 이를 첨
戚,친척 척,尗戊,戊(천간(무성할) 무) 尗(콩 숙),ok,친척 척(戚),http://tonghanja.com/%ec%b9%9c%ec%b2%99-%ec%b2%99%e6%88%9a/,"戚 .3급Ⅱ 戊: 천간(무성할) 무 尗: 콩 숙 무성한(戊) 콩(尗) 같은 것은? 무성한 콩 같은 것은 ‘ 친척 ’이지요. 친척 척 친 척 ( 親 戚: 친족과 외척을 아울러 이르는 말 ) , 외척(外戚), 인척(姻戚)"
督,감독할 독,叔目,叔(아재비 숙) 目(눈 목),ok,감독할 독(督),http://tonghanja.com/%ea%b0%90%eb%8f%85%ed%95%a0-%eb%8f%85%e7%9d%a3/,"督 .4급Ⅱ 叔: 아재비 숙 目: 눈 목 아재비(叔)가 눈(目)으로 하는 것은? 아재비 가 눈 으로 하는 것은 ‘ 감독함 ’이지요. 감독할 독 감 독 ( 監 督: 일을 제대로 하나 살피어 봄 ) , 독촉(督促), 독려(督勵)"
寂,고요할 적,叔宀,宀(집 면) 叔(아재비 숙),ok,고요할 적(寂),http://tonghanja.com/%ea%b3%a0%ec%9a%94%ed%95%a0-%ec%a0%81%e5%af%82/,"寂 .3급Ⅱ 宀: 집 면 叔: 아재비 숙 집(宀)에 아재비(叔)만 있으면? 집 에 아재비 만 홀로 있으면 ‘ 고요함 ’이지요. 고요할 적 적적 (寂寂: 고요함) , 정적(靜寂), 한적(閑寂)"
淑,맑을 숙,叔水,氵(물 수) 叔(아재비 숙),ok,맑을 숙(淑),http://tonghanja.com/%eb%a7%91%ec%9d%84-%ec%88%99%e6%b7%91/,"淑 .3급Ⅱ 氵: 물 수 叔: 아재비 숙 물(氵)인데 아재비(叔)가 길어오는 것은? 물 인데 힘 좋은 아재비 가 먼 데서 길어오는 것은 ‘ 맑음 ’이지요. 맑을 숙 숙 수 (淑 水 : 맑은 물 ) , 숙녀(淑女), 정숙(貞淑)"
叔,아재비 숙,又尗,尗(콩 숙) 又(또(손) 우),ok,아재비 숙(叔),http://tonghanja.com/%ec%95%84%ec%9e%ac%eb%b9%84-%ec%88%99%e5%8f%94/,"叔 .4급 尗: 콩 숙 又: 또(손) 우 콩(尗)을 손(又)으로 따는 이는? 콩 을 손 으로 따는 이는 힘 좋은 ‘ 아재비 ’이지요. 아재비 숙 숙 부 (叔 父 : 아재비) , 종숙(從叔), 당숙(堂叔) * 아재비: 1. 아저씨의 낮춤말 2. 작은아버지"
尗,콩 숙,,,none,콩 숙(尗),http://tonghanja.com/%ec%bd%a9-%ec%88%99%e5%b0%97/,尗 .무급 줄기( )와 꼬투리( )와 지면(一)과 뿌리(小)는? ‘ 尗 ’은 줄기 와 꼬투리 와 지면 과 뿌리 로 된 ‘ 콩 ’을 나타낸 글자입니다. 콩 숙
盛,성할 성,成皿,成(이룰 성) 皿(그릇 명),ok,성할 성(盛),http://tonghanja.com/%ec%84%b1%ed%95%a0-%ec%84%b1%e7%9b%9b/,"盛 .4급Ⅱ 成: 이룰 성 皿: 그릇 명 이룬(成) 음식을 그릇(皿)에 담은 모양은? ‘ 이룬 ’ 즉 ‘완성한’ 음식을 그릇 에 가득 담은 모양은 ‘ 성함 ’이지요. 성할 성 성 함 (盛 함 : 기운이나 세력 따위가 크거나 많아짐 ) , 성대(盛大), 풍성(豊盛)"
誠,정성 성,成言,言(말씀(말) 언) 成(이룰 성),ok,정성 성(誠),http://tonghanja.com/%ec%a0%95%ec%84%b1-%ec%84%b1%e8%aa%a0/,"誠 .4급Ⅱ 言: 말씀(말) 언 成: 이룰 성 말(言)을 이루게(成) 하는 것은? 자기의 말 을 이루게 하는 것은 ‘ 정성 ’이지요. 정성 성 정 성 ( 精 誠: 온갖 힘을 다하려는 마음 ) , 성심(誠心), 성의(誠意)"
城,성 성,土成,土(흙 토) 成(이룰 성),ok,성 성(城),http://tonghanja.com/%ec%84%b1-%ec%84%b1%e5%9f%8e/,"城 .4급Ⅱ 土: 흙 토 成: 이룰 성 흙(土)을 쌓아 이룬(成) 것은? 흙 을 쌓아 이룬 것은 ‘ 성 ’이지요. 성 성 성 (城: 적을 막기 위해 쌓은 건축물 ) , 토성(土城), 만리장성(萬里長城)"
成,이룰 성,戌,戌(개(도끼)) 술(모양),ok,이룰 성(成),http://tonghanja.com/%ec%9d%b4%eb%a3%b0-%ec%84%b1%e6%88%90/,"成 .6급Ⅱ 戌: 개(도끼) 술 : 모양 도끼(戌)에서 피( )가 흐르는 것은? 도끼 에서 피 가 흐르는 것은 병사가 공을 ‘ 이룸 ’이지요. 이룰 성 성 공 (成 功 : 공을 이룸) , 성사(成事), 달성(達成)"
越,넘을 월,戉走,走(달릴 주) 戉(도끼 월),ok,넘을 월(越),http://tonghanja.com/%eb%84%98%ec%9d%84-%ec%9b%94%e8%b6%8a/,"越 .3급Ⅱ 走: 달릴 주 戉: 도끼 월 달리면서(走) 도끼(戉)를 휘두르는 것은? 달리면서 도끼 를 휘두르는 것은 병사가 국경을 ‘ 넘음 ’이지요. ☞ ‘戉’은 ‘戌’(도끼 술)이 변한 글자입니다. 넘을 월 월 경 (越 境 : 국경을 넘음) , 초월(超越), 추월(追越)"
歲,해 세,戌步,步(걸음 보) 戌(개(도끼) 술),ok,해 세(歲),http://tonghanja.com/%ed%95%b4-%ec%84%b8%e6%ad%b2/,"歲 .5급Ⅱ 步: 걸음 보 戌: 개(도끼) 술 걸으면서(步) 낫(戌)질하면 끝나는 것은? 걸으면서 ‘낫 질하면’ 즉 ‘농작물을 수확하면’ 끝나는 것은 한 ‘ 해 ’이지요. ☞ ‘歲’의 ‘戌’은 원래 ‘낫’의 모양을 나타낸 글자였으나, 후에 자형이 비슷하여 ‘戌’이 되었답니다. 해 세 연세(年歲), 세월(歲月), 세배(歲拜)"
感,느낄 감,咸心,咸(다 함) 心(마음 심),ok,느낄 감(感),http://tonghanja.com/%eb%8a%90%eb%82%84-%ea%b0%90%e6%84%9f/,"感 .6급 咸: 다 함 心: 마음 심 다(咸) 마음(心) 먹기에 달린 것은? 다 마음 먹기에 달린 것은 기쁨·슬픔· 좋음·싫음·즐거움·괴로움·사랑함·증오함 따위를 ‘ 느낌 ’이지요. 느낄 감 감 정 (感 情 : 느끼어 일어나는 심정 ) , 감성(感性), 만감(萬感)"
減,줄 감/ 덜 감,咸水,氵(물 수) 咸(다 함),ok,줄 감/ 덜 감(減),http://tonghanja.com/%ec%a4%84-%ea%b0%90-%eb%8d%9c-%ea%b0%90%e6%b8%9b/,"減 .4급Ⅱ 氵: 물 수 咸: 다 함 물(氵)이 다(咸)하는 것은? 물 이 점점 다 하는 것은 ‘ 줆 ’이나 ‘ 덞 ’이지요. 줄/덜 감 감 소 (減 少 : 줄어서 적어짐/ 덜어서 적게 함 ) , 감축(減縮), 감량(減量) * 다하다: 다 없어지다"
咸,다 함,戌,戌(개(도끼) 술  ㅁ: 입(말) 구),ok,다 함(咸),http://tonghanja.com/%eb%8b%a4-%ed%95%a8%e5%92%b8/,"咸 .3급 戌: 개(도끼) 술 ㅁ: 입(말) 구 도끼(戌) 든 병사들이 입(ㅁ)으로 소리치는 것은? 도끼 든 병사들이 입 으로 소리치는 것은 ‘ 다 ’ 함께이지요. 다 함 함흥차사(咸興差使) * 함흥차사(咸興差使): 함흥으로 간 차사라는 뜻으로, 심부름을 가서 오지 않는 사람이나 그런 경우를 이르는 말"
威,위엄 위,女戌,戌(개(도끼) 술) 女(여자 녀),ok,위엄 위(威),http://tonghanja.com/%ec%9c%84%ec%97%84-%ec%9c%84%e5%a8%81/,"威 .4급 戌: 개(도끼) 술 女: 여자 녀 도끼(戌)로 여자(女)에게 보이는 것은? 도끼 로 적국의 여자 에게 보이는 것은 ‘ 위엄 ’이지요. 위엄 위 위 엄 (威 嚴 : 사람을 두렵게 하여 복종시키는 엄한 태도 ) , 위세(威勢), 위력(威力)"
滅,멸할 멸,戌水火,氵(물 수) 戌(개(도끼) 술) 火(불 화),ok,멸할 멸(滅),http://tonghanja.com/%eb%a9%b8%ed%95%a0-%eb%a9%b8%e6%bb%85/,"滅 .3급Ⅱ 氵: 물 수 戌: 개(도끼) 술 火: 불 화 물(氵)과 도끼(戌)로 불(火)을 끄는 것은? 물 과 소방 도끼 로 불 을 끄는 것은 화재를 ‘ 멸함 ’이지요. 멸할 멸 멸 함 (滅 함 : 죄다 없애버림 ) , 소멸(消滅), 파멸(破滅)"
戌,개 술,,,none,개 술(戌),http://tonghanja.com/%ea%b0%9c-%ec%88%a0%e6%88%8c/,"戌 .3급 머리( )와 앞다리( )와 몸통 및 뒷다리( )와 꼬리( )는? ‘ 戌 ’은 도끼날 ( )이 달린 창 (戈)인 ‘ 도끼 ’를 나타낸 글자였으나, 후에 십이지(十二支)에서는 자형이 ‘개 견(犬)’의 원래 모양과 비슷하다는 데서 ‘ 개 ’를 뜻하게 되었답니다. 개 술"
茂,무성할 무,戊艸,艹(풀 초) 戊(천간(무성할) 무),ok,무성할 무(茂),http://tonghanja.com/%eb%ac%b4%ec%84%b1%ed%95%a0-%eb%ac%b4%e8%8c%82/,茂 .3급Ⅱ 艹: 풀 초 戊: 천간(무성할) 무 풀(艹)이 무성한(戊) 것은? 풀 이 무성한 것은 ‘ 무성함 ’이지요. 무성할 무 무 성 (茂 盛 : 초목 따위가 성하게 우거짐 )
戊,천간 무,戈,급(모양) 戈(창 과),ok,천간 무(戊),http://tonghanja.com/%ec%b2%9c%ea%b0%84-%eb%ac%b4%e6%88%8a/,"戊 .3급 : 모양 戈: 창 과 긴 날( )이 달린 창(戈)은? ‘ 戊 ’는 긴 날 이 달린 창 은 날의 모양이 ‘ 무성함 ’을 나타낸 글자였으나, 후에 천간(天干: 갑을병정무기경신임계)에서 다섯째로 쓰여 다섯째 ‘ 천간 (天干)’을 뜻하게 되었답니다. 천간 무"
詞,말 사,司言,言(말씀(말) 언) 司(맡을 사),ok,말 사(詞),http://tonghanja.com/%eb%a7%90-%ec%82%ac%e8%a9%9e/,"詞 .3급Ⅱ 言: 말씀(말) 언 司: 맡을 사 말(言)인데 맡은(司) 이가 하는 것은? 말 인데 어떤 역할을 맡은 이가 하는 것은 ‘ 말 ’이지요. 말 사 대 사 ( 臺 詞: 무대에서 배우가 하는 말 ) , 가사(歌詞), 작사(作詞)"
司,맡을 사,,,none,맡을 사(司),http://tonghanja.com/%eb%a7%a1%ec%9d%84-%ec%82%ac%e5%8f%b8/,"司 .3급Ⅱ 허리 굽혀( ) 손( )을 물건(ㅁ)에 대고 있는 것은? 허리 굽혀 손 을 물건 에 대고 있는 것은 물건을 ‘ 맡음 ’이지요. 맡을 사 사회자(司會者), 사령관(司令官), 사법부(司法府)"
體,몸 체,豊骨,骨(뼈 골) 豊(풍성할 풍),ok,몸 체(體),http://tonghanja.com/%eb%aa%b8-%ec%b2%b4%e9%ab%94/,"體 .6급Ⅱ 骨: 뼈 골 豊: 풍성할 풍 뼈(骨)와 풍성한(豊) 살로 된 것은? 뼈 와 풍성한 살로 된 것은 ‘ 몸 ’이지요. 몸 체 신 체 ( 身 體: 몸) , 육체(肉體), 인체(人體)"
禮,예도 례,示豊,示(보일(제단) 시) 豊(풍성할 풍),ok,예도 례(禮),http://tonghanja.com/%ec%98%88%eb%8f%84-%eb%a1%80%e7%a6%ae/,"禮 .6급 示: 보일(제단) 시 豊: 풍성할 풍 제단(示)에 풍성한(豊) 음식을 올리는 것은? 제단 에 풍성한 음식을 올리는 것은 ‘ 예도 ’이지요. 예도 례 예 도 (禮 度 : 예의와 법도를 아울러 이르는 말 ) , 예의(禮儀), 예법(禮法)"
豊,풍성할 풍,曲豆,曲(모양) 豆(콩(제기) 두),ok,풍성할 풍(豊),http://tonghanja.com/%ed%92%8d%ec%84%b1%ed%95%a0-%ed%92%8d%e8%b1%8a/,"豊 .4급Ⅱ 曲: 모양 豆: 콩(제기) 두 음식(曲)을 제기(豆)에 쌓아놓은 모양은? 음식 을 제기 에 가득 쌓아놓은 모양은 ‘ 풍성함 ’이지요. 풍성할 풍 풍 성 (豊 盛 : 넉넉하고 많음 ) , 풍부(豊富), 풍년(豊年) * ‘豊’은 음식을 제기에 가득 쌓아놓는 해인 풍년을 뜻하여, ‘풍년 풍’이라고도 합니다."
踏,밟을 답,沓,沓(합할 답),ok,밟을 답(踏),http://tonghanja.com/%eb%b0%9f%ec%9d%84-%eb%8b%b5%e8%b8%8f/,"踏 .3급Ⅱ : 발 족 沓: 합할 답 발( )을 합하는(沓) 것은? 발 을 어떤 것 위에 합하는 것은 ‘ 밟음 ’이지요. 밟을 답 천 답 ( 踐 踏: 밟음) , 답보(踏步), 답사(踏査)"
沓,합할 답,日水,水(물 수) 日(날(해) 일),ok,합할 답(沓),http://tonghanja.com/%ed%95%a9%ed%95%a0-%eb%8b%b5%e6%b2%93/,沓 .특급Ⅱ 水: 물 수 日: 날(해) 일 물(水)이 해(日) 위에서 하는 것은? 물 방울이 해 위에서 하는 것은 구름으로 ‘ 합함 ’이지요. 합할 답
淺,얕을 천,戔水,氵(물 수) 戔(쌓을 전),ok,얕을 천(淺),http://tonghanja.com/%ec%96%95%ec%9d%84-%ec%b2%9c%e6%b7%ba/,"淺 .3급Ⅱ 氵: 물 수 戔: 쌓을 전 물(氵)에서 쌓이는(戔) 곳은? 물 에서 퇴적물이 쌓이는 곳은 다른 데보다 수심이 ‘ 얕음 ’이지요. 얕을 천 천 박 (淺 薄 : 얕고 엷음/ 학문이나 생각이 얕고 엷음을 이르는 말 ) , 천학(淺學), 천식(淺識)"
賤,천할 천,戔貝,貝(조개(돈) 패) 戔(쌓을 전),ok,천할 천(賤),http://tonghanja.com/%ec%b2%9c%ed%95%a0-%ec%b2%9c%e8%b3%a4/,"賤 .3급Ⅱ 貝: 조개(돈) 패 戔: 쌓을 전 재물(貝)만을 쌓는(戔) 것은? 재물 만을 수단 방법 가리지 않고 쌓는 것은 ‘ 천함 ’이지요. 천할 천 천 함 (賤 함 : 신분·지체·품위 따위가 낮음 ) , 천직(賤職), 천민(賤民)"
踐,밟을 천,戔,戔(쌓을 전),ok,밟을 천(踐),http://tonghanja.com/%eb%b0%9f%ec%9d%84-%ec%b2%9c%e8%b8%90/,"踐 .3급Ⅱ : 발 족 戔: 쌓을 전 발( )을 쌓는(戔) 것은? 발 을 어떤 것 위에 쌓는 것은 ‘ 밟음 ’이지요. 밟을 천 천 답 (踐 踏 : 밟음) , 실천(實踐)"
錢,돈 전,戔金,金(쇠(금속) 금) 戔(쌓을 전),ok,돈 전(錢),http://tonghanja.com/%eb%8f%88-%ec%a0%84%e9%8c%a2/,"錢 .4급 金: 쇠(금속) 금 戔: 쌓을 전 금속(金)인데 쌓아(戔)놓는 것은? 금속 인데 차곡차곡 쌓아 놓는 것은 ‘ 돈 ’이지요. 돈 전 금 전 ( 金 錢: 쇠붙이로 만든 돈) , 동전(銅錢), 엽전(葉錢)"
殘,남을 잔,戔歹,歹(부서진 뼈(죽을) 알) 戔(쌓을 전),ok,남을 잔(殘),http://tonghanja.com/%eb%82%a8%ec%9d%84-%ec%9e%94%e6%ae%98/,"殘 .4급 歹: 부서진 뼈(죽을) 알 戔: 쌓을 전 죽은(歹) 이에게 수거하여 쌓아(戔)놓는 창은? 죽은 이에게 수거하여 쌓아 놓는 창은 전투에서 ‘ 남음 ’이지요. 남을 잔 잔 여 (殘 餘 : 남은 것 ) , 잔존(殘存), 잔재(殘在)"
戔,쌓을 전,戈,戈(창 과) 戈(창 과),ok,쌓을 전(戔),http://tonghanja.com/%ec%8c%93%ec%9d%84-%ec%a0%84%e6%88%94/,戔 .무급 戈: 창 과 戈: 창 과 창(戈)을 창(戈) 위에 놓는 것은? 창 을 창 위에 놓는 것은 창을 ‘ 쌓음 ’이지요. 쌓을 전 * ‘戔’은 전사자(戰死者)의 창을 수거하여 쌓아놓은 모습입니다.
衰,쇠할 쇠,哀,哀(슬플 애  ㅡ: 모양),ok,쇠할 쇠(衰),http://tonghanja.com/%ec%87%a0%ed%95%a0-%ec%87%a0%e8%a1%b0/,"衰 .3급Ⅱ 哀: 슬플 애 ㅡ: 모양 슬픔(哀)이 길어지면(ㅡ)? 슬픔 이 길어지면 체력 따위가 ‘ 쇠함 ’이지요. 쇠할 쇠 쇠 함 (衰 함 : 점점 줄어서 약해짐 ) , 쇠약(衰弱), 쇠퇴(衰退)"
哀,슬플 애,,,image,슬플 애(哀),http://tonghanja.com/%ec%8a%ac%ed%94%8c-%ec%95%a0%e5%93%80/,"哀 .3급Ⅱ : 옷 의 ㅁ: 입 구 옷( )으로 입(ㅁ)을 막고 하는 것은? 옷 으로 입 을 틀어막고 하는 것은 ‘슬퍼함( 슬픔 )’이지요. 슬플 애 애 도 (哀 悼 : 사람의 죽음을 슬퍼함 *悼·2급·슬퍼할 도 ) , 애통(哀痛), 비애(悲哀)"
搜,찾을 수,叟手,扌(손 수) 叟(늙은이 수),ok,찾을 수(搜),http://tonghanja.com/%ec%b0%be%ec%9d%84-%ec%88%98%e6%90%9c/,"搜 .3급 扌: 손 수 叟: 늙은이 수 손(扌)으로 늙은이(叟)가 하는 것은? 손 으로, 시력 안 좋은 늙은이 가 하는 것은 더듬어 ‘ 찾음 ’이지요. 찾을 수 수 색 (搜 索 : 더듬어 찾음) , 수사(搜査)"
叟,늙은이 수,又臼,臼(모양  ㅣ: 모양) 又(또(손) 우),ok,늙은이 수(叟),http://tonghanja.com/%eb%8a%99%ec%9d%80%ec%9d%b4-%ec%88%98%e5%8f%9f/,叟 .특급 臼: 모양 ㅣ: 모양 又: 또(손) 우 양손(臼)으로 지팡이(ㅣ)를 잡아서 손(又)으로 짚는 이는? 양손 으로 지팡이 를 잡아서 손 으로 짚는 이는 손힘이 부족한 ‘ 늙은이 ’이지요. 늙은이 수
寫,베낄 사,宀,宀(집) 면(모양),ok,베낄 사(寫),http://tonghanja.com/%eb%b2%a0%eb%82%84-%ec%82%ac%e5%af%ab/,"寫 .5급 宀: 집 면 : 모양 집(宀)에서 구관조( )가 하는 것은? 집 에서 구관조 가 하는 것은 사람의 목소리를 ‘ 베낌 ’이지요. ☞ : 머리(凵)에 줄무늬( )가 있는 새( )인 ‘구관조’를 나타낸 글자 베낄 사 모 사 ( 模 寫: 본떠 베낌) , 복사(複寫), 사진(寫眞)"
毁,헐 훼,工殳臼,臼(절구 구) 工(장인(공이) 공) 殳(몽둥이/창(칠) 수),ok,헐 훼(毁),http://tonghanja.com/%ed%97%90-%ed%9b%bc%e6%af%81/,"毁 .3급 臼: 절구 구 工: 장인(공이) 공 殳: 몽둥이/창(칠) 수 절구(臼) 속을 공이(工)로 치는(殳) 것은? 절구 속을 공이 로 치는 것은 절구 속의 내용물을 ‘ 헒 ’이지요. 헐 훼 파 훼 ( 破 毁: 깨뜨려 헒) , 훼손(毁損)"
兒,아이 아,儿臼,臼(절구 구) 儿(사람 인),ok,아이 아(兒),http://tonghanja.com/%ec%95%84%ec%9d%b4-%ec%95%84%e5%85%92/,"兒 .5급Ⅱ 臼: 절구 구 儿: 사람 인 절구(臼) 같은 머리가 달린 사람(儿)은? 절구 같은 머리가 달린 사람 은 정수리 부근의 뼈가 아직 굳지 않고 열려 있는 사람인 ‘ 아이 ’이지요. 아이 아 영 아 ( 嬰 兒: 갓난 아이 *嬰·1급·갓난아이 영 ) , 유아(幼兒), 아동(兒童)"
陷,빠질 함,臼阝,阝(언덕) 부(사람 인) 臼(절구 구),ok,빠질 함(陷),http://tonghanja.com/%eb%b9%a0%ec%a7%88-%ed%95%a8%e9%99%b7/,"陷 .3급Ⅱ 阝: 언덕 부 : 사람 인 臼: 절구 구 언덕(阝)에서 사람( )이 절구(臼)같이 파인 곳으로 떨어지는 것은? 언덕 에서 사람 이 절구 같이 파인 곳으로 떨어지는 것은 함정(陷穽)에 ‘ 빠짐 ’이지요. 빠질 함 함 몰 (陷 沒 : 빠짐) , 함정(陷穽 * 穽·1급·함정 정), 결함(缺陷)"
稻,벼 도,爫禾臼,禾(벼 화) 爫(손톱(손) 조) 臼(절구 구),ok,벼 도(稻),http://tonghanja.com/%eb%b2%bc-%eb%8f%84%e7%a8%bb/,稻 .3급 禾: 벼 화 爫: 손톱(손) 조 臼: 절구 구 벼(禾)인데 손(爫)으로 절구(臼)에 넣고 찧는 것은? 벼 인데 손 으로 절구 에 넣고 찧는 것은 ‘ 벼 ’이지요. 벼 도 도열병(稻熱病)
舊,옛 구,臼艸隹,艹(풀 초) 隹(새 추) 臼(절구 구),ok,옛 구(舊),http://tonghanja.com/%ec%98%9b-%ea%b5%ac%e8%88%8a/,"舊 .5급Ⅱ 艹: 풀 초 隹: 새 추 臼: 절구 구 풀(艹)로 새(隹)가 절구(臼) 같은 둥지를 짓는 것은? 풀 로 새 가 절구 같은 둥지를 짓는 것은 아주 오래 전부터 있었던 ‘ 옛 ’ 방식이지요. 옛 구 구 식 (舊 式 : 옛 방식 ) , 구습(舊習), 구세대(舊世代)"
臼,절구 구,,,none,절구 구(臼),http://tonghanja.com/%ec%a0%88%ea%b5%ac-%ea%b5%ac%e8%87%bc/,臼 .1급 돌기( )가 달린 그릇( )은? 돌기 가 달린 그릇 은 ‘ 절구 ’이지요. 절구 구
荒,거칠 황,亡川艸,艹(풀 초) 亡(망할(없을) 망) 川(내 천),ok,거칠 황(荒),http://tonghanja.com/%ea%b1%b0%ec%b9%a0-%ed%99%a9%e8%8d%92/,"荒 .3급Ⅱ 艹: 풀 초 亡: 망할(없을) 망 川: 내 천 풀(艹)이 없어질(亡) 정도로 내(川)가 마른 모양은? 풀 이 없어질 정도로 내 가 마른 모양은 ‘ 거칢 ’이지요. 거칠 황 황 폐 (荒 廢 : 거칠고 피폐함 ) , 황량(荒凉), 황야(荒野)"
盲,눈 멀 맹,亡目,亡(망할(없을) 망) 目(눈 목),ok,눈 멀 맹(盲),http://tonghanja.com/%eb%88%88-%eb%a9%80-%eb%a7%b9%e7%9b%b2/,"盲 .3급Ⅱ 亡: 망할(없을) 망 目: 눈 목 눈(目)이 없는(亡) 것은? 눈 이 없는 것은 ‘ 눈 이 멂 ’이지요. 눈 멀 맹 맹 목 (盲 目 : 눈 멂) , 맹인(盲人), 문맹(文盲)"
茫,아득할 망,亡水艸,艹(풀 초) 氵(물 수) 亡(망할(없을) 망),ok,아득할 망(茫),http://tonghanja.com/%ec%95%84%eb%93%9d%ed%95%a0-%eb%a7%9d%e8%8c%ab/,茫 .3급 艹: 풀 초 氵: 물 수 亡: 망할(없을) 망 풀(艹)에 줄 물(氵)이 없을(亡) 때 느끼는 것은? ‘ 풀 ’ 즉 ‘농작물’ 에 줄 물 이 없을 때 느끼는 것은 ‘ 아득함 ’이지요. 아득할 망 망 연자실 (茫 然自失 : 정신이 아득하여 자기를 잃음 )
罔,없을 망,亡,급(그물 망) 亡(망할(없을) 망),ok,없을 망(罔),http://tonghanja.com/%ec%97%86%ec%9d%84-%eb%a7%9d%e7%bd%94/,罔 .3급 : 그물 망 亡: 망할(없을) 망 그물( ) 안에 잡힌 게 없는(亡) 것은? 그물 안에 잡힌 게 없는 것은 ‘ 없음 ’이지요. 없을 망 망 측 (罔 測 : 헤아릴 수 없음 / 정상적인 상태에서 벗어나 어이가 없거나 차마 보기가 어려움 )
望,바랄 망,亡壬月,亡(망할(없을) 망) 月(달 월) 壬(북방(짊어질) 임),ok,바랄 망(望),http://tonghanja.com/%eb%b0%94%eb%9e%84-%eb%a7%9d%e6%9c%9b/,"望 .5급Ⅱ 亡: 망할(없을) 망 月: 달 월 壬: 북방(짊어질) 임 없어지는(亡) 달(月)에게 빌어서 짊어지우는(壬) 것은? 점점 없어지는 달 인 보름달에게 무엇을 빌어서 짊어지우는 것은 무엇을 ‘ 바람 ’이지요. 바랄 망 소 망 ( 所 望: 바람) , 희망(希望), 갈망(渴望) * ‘望’은 ‘보름 망’이라고도 합니다."
妄,망령될 망,亡女,亡(망할(없을) 망) 女(여자 녀),ok,망령될 망(妄),http://tonghanja.com/%eb%a7%9d%eb%a0%b9%eb%90%a0-%eb%a7%9d%e5%a6%84/,"妄 .3급Ⅱ 亡: 망할(없을) 망 女: 여자 녀 없어진(亡) 여자(女)가 씐 것은? 세상에서 ‘ 없어진 여자 ’ 즉 ‘죽은 여자’가 씐 것은 ‘ 망령됨 ’이지요. 망령될 망 망 령 (妄 靈 : 언행을 극히 비정상적으로 하는 상태 ) , 망발(妄發), 노망(老妄)"
忘,잊을 망,亡心,亡(망할(없을) 망) 心(마음 심),ok,잊을 망(忘),http://tonghanja.com/%ec%9e%8a%ec%9d%84-%eb%a7%9d%e5%bf%98/,"忘 .3급 亡: 망할(없을) 망 心: 마음 심 마음(心)에서 없어지는(亡) 것은? 마음 에서 어떤 내용이 없어지는 것은 ‘ 잊음 ’이지요. 잊을 망 망 각 (忘 却 : 잊어 버림 ) , 건망증(健忘症)"
忙,바쁠 망,亡心,忄(마음(정신) 심) 亡(망할(없을) 망),ok,바쁠 망(忙),http://tonghanja.com/%eb%b0%94%ec%81%a0-%eb%a7%9d%e5%bf%99/,"忙 .3급 忄: 마음(정신) 심 亡: 망할(없을) 망 정신(忄)이 없는(亡) 것은? 정신 이 없는 것은 “정신없이 바빠요.” 할 때처럼 ‘ 바쁨 ’이지요. 바쁠 망 다 망 ( 多 忙: 많이 바쁨) , 망중한(忙中閑)"
亡,망할 망,,급(人(사람 인)의 이) 형(숨을 은),image,망할 망(亡),http://tonghanja.com/%eb%a7%9d%ed%95%a0-%eb%a7%9d%e4%ba%a1/,"亡 .5급 : 人(사람 인)의 이형 : 숨을 은 사람( )이 숨어( ) 지내는 것은? 사람 이 숨어 지내는 것은 ‘ 망함 ’이지요. 망할 망 망 함 (亡 함 : 개인·집안·단체 따위가 끝장이 남 ) , 패망(敗亡), 도망(逃亡) * ‘亡’은 사람이 숨어 지내는 것은 세상에서 없어지는 것이라 하여, ‘없어지다/없다’는 뜻으로도 쓰입니다."
淫,음란할 음,壬水爫,氵(물 수) 爫(손톱(손) 조) 壬(북방(짊어질) 임),ok,음란할 음(淫),http://tonghanja.com/%ec%9d%8c%eb%9e%80%ed%95%a0-%ec%9d%8c%e6%b7%ab/,"淫 .3급Ⅱ 氵: 물 수 爫: 손톱(손) 조 壬: 북방(짊어질) 임 물(氵)을 손(爫)으로 떠서 짊어지는(壬) 모습은? 물 을 손 으로 떠서 몸 위에 짊어지는 모습은 ‘ 음란함 ’이지요. 음란할 음 음 란 (淫 亂 : 성적으로 문란함 ) , 음행(淫行), 간음(姦淫)"
聖,성인 성,呈耳,耳(귀 이) 呈(드릴 정),ok,성인 성(聖),http://tonghanja.com/%ec%84%b1%ec%9d%b8-%ec%84%b1%e8%81%96/,"聖 .4급Ⅱ 耳: 귀 이 呈: 드릴 정 귀(耳)를 드리는(呈) 이는? ‘ 귀 를 남에게 드리는 이’ 즉 ‘귀 기울여 남의 말을 들어주는 이’는 ‘ 성인 ’이지요. 성인 성 성 인 (聖 人 : 지혜와 덕이 매우 뛰어난 사람 ) , 성현(聖賢), 성군(聖君)"
程,한도 정,呈禾,禾(벼(곡물) 화) 呈(드릴 정),ok,한도 정(程),http://tonghanja.com/%ed%95%9c%eb%8f%84-%ec%a0%95%e7%a8%8b/,"程 .4급Ⅱ 禾: 벼(곡물) 화 呈: 드릴 정 곡물(禾)을 드릴(呈) 때 맞추는 것은? 곡물 을 손님 따위에게 드릴 때 맞추는 것은 곡물의 ‘ 한도 (限度)’이지요. 한도 정 정 도 (程 度 : 알맞은 한도) , 노정(路程), 과정(過程) * ‘程’은 곡물(禾) 가마니(ㅁ)를 짊어지고(壬) 이동하는 곳인 길을 뜻하여, ‘길 정’이라고도 합니다."
呈,드릴 정,壬,壬(북방(짊어질) 임),ok,드릴 정(呈),http://tonghanja.com/%eb%93%9c%eb%a6%b4-%ec%a0%95%e5%91%88/,呈 .2급 ㅁ: 모양 壬: 북방(짊어질) 임 물건(ㅁ)을 짊어지게(壬) 하는 것은? 물건 을 짊어지게 하는 것은 물건을 ‘ 드림 ’이지요. 드릴 정
庭,뜰 정,广廷,广(집 엄) 廷(조정 정),ok,뜰 정(庭),http://tonghanja.com/%eb%9c%b0-%ec%a0%95%e5%ba%ad/,"庭 .6급Ⅱ 广: 집 엄 廷: 조정 정 집(广)에서 조정(廷)같이 꾸며놓는 곳은? 집 에서 조정 같이 멋있게 꾸며놓는 곳은 ‘ 뜰 ’이지요. 뜰 정 정 원 (庭 園 : 집 안의 뜰 이나 꽃밭 ) , 가정(家庭), 교정(校庭)"
廷,조정 정,壬廴,壬(북방(짊어질) 임) 廴(길게 걸을 인),ok,조정 정(廷),http://tonghanja.com/%ec%a1%b0%ec%a0%95-%ec%a0%95%e5%bb%b7/,"廷 .3급Ⅱ 壬: 북방(짊어질) 임 廴: 길게 걸을 인 짊어지러(壬) 길게 걸어(廴) 가는 곳은? 나랏일을 짊어지러 임금에게 길게 걸어 가는 곳은 ‘ 조정 ’이지요. 조정 정 조 정 ( 朝 廷: 임금이 신하에게 나랏일을 내리는 곳 ) , 궁정(宮廷)"
賃,품삯 임,任貝,任(맡길 임) 貝(조개(돈) 패),ok,품삯 임(賃),http://tonghanja.com/%ed%92%88%ec%82%af-%ec%9e%84%e8%b3%83/,"賃 .3급Ⅱ 任: 맡길 임 貝: 조개(돈) 패 맡기고(任) 주는 돈(貝)은? 일을 맡기고 주는 돈 은 ‘ 품삯 ’이지요. 품삯 임 임 금 (賃 金 : 품삯) , 노임(勞賃), 운임(運賃)"
任,맡길 임,人壬,亻(사람 인) 壬(북방(짊어질) 임),ok,맡길 임(任),http://tonghanja.com/%eb%a7%a1%ea%b8%b8-%ec%9e%84%e4%bb%bb/,"任 .5급Ⅱ 亻: 사람 인 壬: 북방(짊어질) 임 사람(亻)에게 짐을 짊어지게(壬) 하는 것은? 사람 에게 짐을 짊어지게 하는 것은 짐을 ‘ 맡김 ’이지요. 맡길 임 위 임 ( 委 任: 맡김) , 책임(責任), 임무(任務)"
壬,북방 임,士,士(선비 사),ok,북방 임(壬),http://tonghanja.com/%eb%b6%81%eb%b0%a9-%ec%9e%84%e5%a3%ac/,"壬 .3급Ⅱ : 모양 士: 선비 사 짐( )을 선비(士)가 지는 것은? ‘ 壬 ’은 짐 을 선비 가 지는 것인 ‘ 짊어짐 ’을 나타낸 글자였으나, 후에 ‘짊어짐’은 등에 짐을 지는 것이라 하여 등지는(北) 곳인 ‘ 북방 (北方)’을 뜻하게 되었답니다. 북방 임 임 방 (壬 方 : 북방)"
繫,맬 계,糸,급(부딪칠 격) 糸(실(줄) 사),ok,맬 계(繫),http://tonghanja.com/%eb%a7%ac-%ea%b3%84%e7%b9%ab/,"繫 .3급 : 부딪칠 격 糸: 실(줄) 사 부딪침( )을 대비하여 줄(糸)로 하는 것은? 부딪침 을 대비하여 줄 로 하는 것은 짐 따위를 ‘ 맴 ’이지요. 맬 계 계 류 (繫 留 : 매어서 머무르게 함 ) , 연계(連繫)"
擊,칠 격,手,급(부딪칠 격) 手(손 수),ok,칠 격(擊),http://tonghanja.com/%ec%b9%a0-%ea%b2%a9%e6%93%8a/,"擊 .4급 : 부딪칠 격 手: 손 수 손(手)이 부딪치는( ) 것은? 손 이 무엇에 부딪치는 것은 손이 무엇을 ‘ 침 ’이지요. 칠 격 타 격 ( 打 擊: 침) , 공격(攻擊), 격파(擊破)"
穀,곡식 곡,冖士殳禾,士(선비 사) 冖(모양 -: 모양) 禾(벼 화) 殳(몽둥이/창(칠) 수),ok,곡식 곡(穀),http://tonghanja.com/%ea%b3%a1%ec%8b%9d-%ea%b3%a1%e7%a9%80/,"穀 .4급 士: 선비 사 冖: 모양 -: 모양 禾: 벼 화 殳: 몽둥이/창(칠) 수 선비(士)가 껍질(冖) 덮인 낟알(-)을 벼(禾)에서 쳐(殳)낸 것은? ‘ 선비 ’가, 즉 ‘성인 남자’가 껍질 덮인 낟알 을 벼 에서 쳐 낸 것은 ‘ 곡식 ’이지요. 곡식 곡 곡 식 (穀 食 : 쌀, 밀, 보리 따위의 식량 ) , 곡물(穀物), 미곡(米穀)"
殺,죽일 살,丶乂木殳,乂(벨 예) 木(모양) 丶(모양) 殳(몽둥이/창(칠) 수),ok,죽일 살(殺),http://tonghanja.com/%ec%a3%bd%ec%9d%bc-%ec%82%b4%e6%ae%ba/,"殺 .4급Ⅱ 乂: 벨 예 木: 모양 丶: 모양 殳: 몽둥이/창(칠) 수 베어서(乂) 짐승의 몸(木)에서 머리(丶)를 쳐(殳)내는 것은? 베어서 짐승의 몸 에서 머리 를 쳐 내는 것은 짐승을 ‘ 죽임 ’이지요. 죽일 살 살 생 (殺 生 : 생물을 죽임) , 살해(殺害), 살벌(殺伐)"
極,다할 극,亟木,木(나무 목) 亟(빠를 극),ok,다할 극(極),http://tonghanja.com/%eb%8b%a4%ed%95%a0-%ea%b7%b9%e6%a5%b5/,"極 .4급Ⅱ 木: 나무 목 亟: 빠를 극 나무(木)에서 빠르게(亟) 움직이는 곳은? ‘ 極 ’은 바람이 불거나 할 때 나무 에서 빠르게 움직이는 곳인 ‘ 끝 ’을 나타낸 글자였으나, 후에 ‘끝’은 무엇이 다한 곳이라 하여 ‘ 다함 ’을 뜻하게 되었답니다. 다할 극 극 단 (極 端 : 맨 끝) , 극한(極限), 궁극(窮極)"
亟,빠를 극,人又,亻(사람 인  ㅁ: 입 구) 又(또(손)) 우(모양),ok,빠를 극(亟),http://tonghanja.com/%eb%b9%a0%eb%a5%bc-%ea%b7%b9%e4%ba%9f/,亟 .특급 ￣: 모양 亻: 사람 인 ㅁ: 입 구 又: 또(손) 우 : 모양 하늘(￣)과 땅( ) 사이를 차지한 사람(亻)이 입(ㅁ)과 손(又)을 발달시킨 속도는? 하늘 과 땅 사이를 차지한 사람 이 ‘말을 하는 입 ’ 과 ‘기술을 쓰는 손 ’ 을 발달시킨 속도는 다른 동물들보다 ‘ 빠름 ’이지요. 빠를 극
術,재주 술,朮行,行(다닐(거리) 행) 朮(삽주 출),ok,재주 술(術),http://tonghanja.com/%ec%9e%ac%ec%a3%bc-%ec%88%a0%e8%a1%93/,"術 .6급Ⅱ 行: 다닐(거리) 행 朮: 삽주 출 거리(行)에서 삽주(朮)가 자라는 것은? 거리 한복판에서 삽주 가 밟혀 죽지 않고 자라는 것은 ‘ 재주 ’이지요. 재주 술 예 술 ( 藝 術: 재주) , 기술(技術), 전술(戰術)"
述,펼 술,朮辵,朮(삽주 출) 辶(갈 착),ok,펼 술(述),http://tonghanja.com/%ed%8e%bc-%ec%88%a0%e8%bf%b0/,"述 .3급Ⅱ 朮: 삽주 출 辶: 갈 착 삽주(朮)의 뿌리처럼 펴내려가는(辶) 것은? 삽주 의 뿌리처럼 아래로 펴내려 가는 것은 글이나 말을 ‘ 폄 ’이지요. 펼 술 서 술 ( 敍 述: 글이나 말을 폄) , 진술(陳述), 논술(論述) * 펴다: 1. 젖히어 벌리다 2. 생각·감정·의견 따위를 얽매임 없이 표현하다"
朮,삽주 출,,,none,삽주 출(朮),http://tonghanja.com/%ec%82%bd%ec%a3%bc-%ec%b6%9c%e6%9c%ae/,朮 .특급Ⅱ 꽃( )과 줄기( )와 지면( )과 뿌리( )는? ‘ 朮 ’은 꽃 과 줄기 와 지면 과 뿌리 로 된 ‘ 삽주 ’를 나타낸 글자입니다. 삽주 출 * 삽주: 국화과의 여러해살이 풀
勢,형세 세,力埶,埶(심을 예) 力(힘 력),ok,형세 세(勢),http://tonghanja.com/%ed%98%95%ec%84%b8-%ec%84%b8%e5%8b%a2/,"勢 .4급Ⅱ 埶: 심을 예 力: 힘 력 심어진(埶) 씨앗이 힘(力)써 갖추는 것은? 심어진 씨앗이 힘 써 갖추는 것은 뿌리와 줄기의 ‘ 형세 ’이지요. 형세 세 형 세 ( 形 勢: 식물이 뿌리와 줄기를 뻗는 모양/ 일이 되어 가는 형편 ) , 자세(姿勢), 태세(態勢)"
熱,더울 열,埶火,埶(심을 예) 灬(불 화),ok,더울 열(熱),http://tonghanja.com/%eb%8d%94%ec%9a%b8-%ec%97%b4%e7%86%b1/,"熱 .5급 埶: 심을 예 灬: 불 화 심어진(埶) 불(灬)이 내는 것은? 언덕에 심어진 불 인 마그마가 내는 것은 ‘ 더움 ’이지요. 더울 열 열 (熱: 더운 기운 ) , 열기(熱氣), 고열(高熱)"
藝,재주 예,云埶艸,艹(풀 초) 埶(심을 예) 云(이를 운),ok,재주 예(藝),http://tonghanja.com/%ec%9e%ac%ec%a3%bc-%ec%98%88%e8%97%9d/,"藝 .4급Ⅱ 艹: 풀 초 埶: 심을 예 云: 이를 운 풀(艹)을 심어진(埶) 씨앗이 틔우는 능력을 이르는(云) 말은? ‘ 풀 ’ 을, 즉 ‘싹’을 심어진 씨앗이 틔우는 능력을 이르는 말은 ‘ 재주 ’이지요. 재주 예 예 술 (藝 術 : 재주) , 예능(藝能), 기예(技藝)"
埶,심을 예,丸坴,坴(언덕 륙) 丸(둥글(알) 환),ok,심을 예(埶),http://tonghanja.com/%ec%8b%ac%ec%9d%84-%ec%98%88%e5%9f%b6/,埶 .무급 坴: 언덕 륙 丸: 둥글(알) 환 언덕(坴)에 알(丸)을 묻는 것은? 언덕 에 알 을 묻는 것은 씨앗을 ‘ 심음 ’이지요. 심을 예
睦,화목할 목,坴目,目(눈 목) 坴(언덕 륙),ok,화목할 목(睦),http://tonghanja.com/%ed%99%94%eb%aa%a9%ed%95%a0-%eb%aa%a9%e7%9d%a6/,"睦 .3급Ⅱ 目: 눈 목 坴: 언덕 륙 눈(目)을 언덕(坴) 모양으로 하는 것은? 눈 을 언덕 모양(^^)으로 하는 것은 분위기가 ‘ 화목함 ’이지요. 화목할 목 화 목 ( 和 睦: 서로 사이좋은 상태가 되어 정다움 ) , 친목(親睦)"
陸,뭍 륙,坴阝,阝(언덕 부) 坴(언덕 륙),ok,뭍 륙(陸),http://tonghanja.com/%eb%ad%8d-%eb%a5%99%e9%99%b8/,"陸 .5급Ⅱ 阝: 언덕 부 坴: 언덕 륙 언덕(阝)과 언덕(坴)으로 된 곳은? 바다에서 봤을 때, 언덕 과 언덕 으로 된 곳은 ‘ 뭍 ’이지요. 뭍 륙 육 지 (陸 地 : 뭍) , 대륙(大陸), 내륙(內陸)"
坴,언덕 륙,土,土(흙(땅)) 토(모양) 土(흙(땅) 토),ok,언덕 륙(坴),http://tonghanja.com/%ec%96%b8%eb%8d%95-%eb%a5%99%e5%9d%b4/,坴 .무급 土: 흙(땅) 토 : 모양 土: 흙(땅) 토 땅(土)이 솟아서( ) 땅(土) 위로 나온 곳은? 땅 이 솟아서 평평한 땅 위로 나온 곳은 ‘ 언덕 ’이지요. 언덕 륙
陵,언덕 릉,土夊阝,阝(언덕 부) 土(흙(땅)) 토(모양) 夊(천천히 걸을 쇠),ok,언덕 릉(陵),http://tonghanja.com/%ec%96%b8%eb%8d%95-%eb%a6%89%e9%99%b5/,"陵 .3급Ⅱ 阝: 언덕 부 土: 흙(땅) 토 : 모양 夊: 천천히 걸을 쇠 언덕(阝)인데 땅(土)이 솟아서( ) 천천히 걷는(夊) 곳은? 언덕 인데 땅 이 솟아서 발로 천천히 걷는 곳은 ‘ 언덕 ’이지요. 언덕 릉 구 릉 ( 丘 陵: 언덕) , 왕릉(王陵)"
夌,언덕 릉,土夊,土(흙(땅)) 토(모앙) 夊(천천히 걸을 쇠),ok,언덕 릉(夌),http://tonghanja.com/%ec%96%b8%eb%8d%95-%eb%a6%89%e5%a4%8c/,夌 .무급 土: 흙(땅) 토 : 모앙 夊: 천천히 걸을 쇠 땅(土)이 솟아서( ) 천천히 걷는(夊) 곳은? 땅 이 솟아서 발로 천천히 걷는 곳은 ‘ 언덕 ’이지요. 언덕 릉
存,있을 존,子,급(才(재주 재)의 이형) 子(아들(아이) 자),ok,있을 존(存),http://tonghanja.com/%ec%9e%88%ec%9d%84-%ec%a1%b4%e5%ad%98/,"存 .4급 : 才(재주 재)의 이형 子: 아들(아이) 자 재주( )껏 아이(子)가 하는 것은? 재주 껏 ‘ 아이 ’ 가, 즉 ‘씨앗’이 하는 것은 이 세상에 ‘ 있음 ’이지요. 있을 존 존 재 (存 在 : 있음) , 존립(存立), 생존(生存)"
在,있을 재,土,급(才(재주 재)의 이형) 土(흙(땅) 토),ok,있을 재(在),http://tonghanja.com/%ec%9e%88%ec%9d%84-%ec%9e%ac%e5%9c%a8/,"在 .6급 : 才(재주 재)의 이형 土: 흙(땅) 토 재주( )껏 땅(土)에서 하는 것은? 재주 껏 씨앗이 땅 에서 하는 것은 이 세상에 ‘ 있음 ’이지요. 있을 재 존 재 ( 存 在: 있음) , 실재(實在), 현재(現在)"
財,재물 재,才貝,貝(조개(재물) 패) 才(재주 재),ok,재물 재(財),http://tonghanja.com/%ec%9e%ac%eb%ac%bc-%ec%9e%ac%e8%b2%a1/,"財 .5급Ⅱ 貝: 조개(재물) 패 才: 재주 재 재물(貝)인데 재주(才)껏 얻는 것은? 재물 인데 자기 재주 껏 얻는 것은 ‘ 재물 ’이지요. 재물 재 재 물 (財 物 : 값나가는 물건 ) , 재화(財貨), 재산(財産)"
材,재목 재,才木,木(나무 목) 才(재주 재),ok,재목 재(材),http://tonghanja.com/%ec%9e%ac%eb%aa%a9-%ec%9e%ac%e6%9d%90/,"材 .5급Ⅱ 木: 나무 목 才: 재주 재 나무(木)인데 재주(才)껏 쓰는 것은? 나무 인데 자기 재주 껏 쓰는 것은 ‘ 재목 ’이지요. 재목 재 재 목 (材 木 : 재료가 되는 나무 ) , 재료(材料), 자재(資材)"
才,재주 재,,,none,재주 재(才),http://tonghanja.com/%ec%9e%ac%ec%a3%bc-%ec%9e%ac%e6%89%8d/,"才 .6급Ⅱ 땅( )에서 줄기 및 뿌리(亅)를 씨앗( )이 뻗는 것은? 땅 에서 줄기 및 뿌리 를 씨앗 이 뻗는 것은 씨앗의 ‘ 재주 ’이지요. 재주 재 재 능 (才 能 : 재주 와 능력 ) , 재질(才質), 수재(秀才)"
呼,부를 호,乎,乎(어조사(입김) 호),ok,부를 호(呼),http://tonghanja.com/%eb%b6%80%eb%a5%bc-%ed%98%b8%e5%91%bc/,"呼 .4급Ⅱ ㅁ: 입 구 乎: 어조사(입김) 호 입(ㅁ)으로 입김(乎)을 내며 하는 것은? 입 으로 입김 을 내며 하는 것은 이름 따위를 ‘ 부름 ’이지요. 부를 호 호 명 (呼 名 : 이름을 부름) , 호칭(呼稱), 호출(呼出)"
乎,어조사 호,,,none,어조사 호(乎),http://tonghanja.com/%ec%96%b4%ec%a1%b0%ec%82%ac-%ed%98%b8%e4%b9%8e/,"乎 .3급 입술( )을 벌리고 양옆( )을 좁혀서 입김(亅)을 내는 것은? 입술 을 벌리고 양옆 을 좁혀서 입김 을 ‘호~’ 하고 내는 것은 ‘ 어조사 (語助辭) 호’이지요. 어조사 호 호 (乎: 의문형 또는 감탄형 종결사, 처소격, 비교격 등으로 쓰이는 어조사)"
汚,더러울 오,水,氵(물) 수(모) 양(모양),ok,더러울 오(汚),http://tonghanja.com/%eb%8d%94%eb%9f%ac%ec%9a%b8-%ec%98%a4%e6%b1%9a/,"汚 .3급 氵: 물 수 : 모양 : 모양 물(氵)을 입술( ) 벌리고 뱉어내는( ) 것은? 물 을 입술 벌리고 뱉어내는 것은 물이 ‘ 더러움 ’이지요. 더러울 오 오 염 (汚 染 : 더럽게 물듦 ) , 오수(汚水), 오물(汚物)"
宇,집 우,于宀,宀(집 면) 于(모양),ok,집 우(宇),http://tonghanja.com/%ec%a7%91-%ec%9a%b0%e5%ae%87/,宇 .3급Ⅱ 宀: 집 면 于: 모양 집(宀)인데 들보(二)와 기둥(亅)이 있는 것은? 집 인데 들보 와 기둥 이 있는 것은 ‘ 집 ’이지요. 집 우 우주(宇宙)
于,어조사 우,,,none,어조사 우(于),http://tonghanja.com/%ec%96%b4%ec%a1%b0%ec%82%ac-%ec%9a%b0%e4%ba%8e/,"于 .3급 입술( )을 벌리고 입김(亅)을 내는 것은? 입술 을 벌리고 입김 을 ‘우~’ 하고 내는 것은 ‘ 어조사 (語助辭) 우’이지요. 어조사 우 우 (于: 처소격, 목적격, 비교격 등으로 쓰이는 어조사)"
瞬,깜짝일 순,目舜,目(눈 목) 舜(메꽃 순),ok,깜짝일 순(瞬),http://tonghanja.com/%ea%b9%9c%ec%a7%9d%ec%9d%bc-%ec%88%9c%e7%9e%ac/,"瞬 .3급Ⅱ 目: 눈 목 舜: 메꽃 순 눈(目)으로 메꽃(舜)처럼 하는 것은? 눈 으로, 피고 오므라듦을 반복하는 메꽃 처럼 하는 것은 눈을 ‘ 깜짝임 ’이지요. 깜짝일 순 일 순 ( 一 瞬: 한 번 눈을 깜짝임) , 순간(瞬間), 순식간(瞬息間)"
舜,메꽃 순,,,none,메꽃 순(舜),http://tonghanja.com/%eb%a9%94%ea%bd%83-%ec%88%9c%e8%88%9c/,"舜 .1급Ⅱ 꽃부리(爫)와 꽃받침(冖)과 잎들(舛)로 된 것은? ‘ 舜 ’은 꽃부리 와 꽃받침 과 잎들 로 된 ‘ 메꽃 ’을 나타낸 글자입니다. 메꽃 순 * 메꽃: 나팔 모양의 꽃이 피는 덩굴풀 * ‘舜’은 중국 고대의 임금인 순임금의 이름자로 쓰여, ‘순임금 순’이라고도 합니다."
廢,폐할 폐,广發,广(집 엄) 發(필(떠날) 발),ok,폐할 폐(廢),http://tonghanja.com/%ed%8f%90%ed%95%a0-%ed%8f%90%e5%bb%a2/,"廢 .3급Ⅱ 广: 집 엄 發: 필(떠날) 발 집(广)을 떠나는(發) 것은? 집 을 거주자가 떠나는 것은 ‘ 폐함 ’이지요. 폐할 폐 폐 함 (廢 함 : 쓰지 않고 버림 ) , 폐기(廢棄), 폐가(廢家)"
發,필 발,弓殳癶,癶(나아갈 발) 弓(활 궁) 殳(몽둥이/창 수),ok,필 발(發),http://tonghanja.com/%ed%95%84-%eb%b0%9c%e7%99%bc/,"發 .6급Ⅱ 癶: 나아갈 발 弓: 활 궁 殳: 몽둥이/창 수 활(弓)이나 창(殳)을 나아가게(癶) 하는 것은? ‘ 發 ’은 활 이나 창 을 나아가게 하는 것인 ‘ 쏨 ’을 나타낸 글자였으나, 후에 의미가 확장되어 ‘ 핌 ’을 뜻하게 되었답니다. 필 발 발 사 (發 射 : 쏨 ) * ‘發’은 ‘쏘다(發射)’에서 ‘떠나다(出發)/나아가다(發展)/ 피다 (發花)’로 의미가 확장되었답니다."
癸,천간 계,天癶,癶(나아갈 발) 天(하늘 천),ok,천간 계(癸),http://tonghanja.com/%ec%b2%9c%ea%b0%84-%ea%b3%84%e7%99%b8/,癸 .3급 癶: 나아갈 발 天: 하늘 천 다 나아간(癶) 천(天)간은? 끝까지 다 나아간 천 간은 열째 ‘ 천간 (天干)’이지요. 천간 계 * 천간(天干): 갑(甲)·을(乙)·병(丙)·정(丁)·무(戊)· 기(己)·경(庚)·신(辛)·임(壬)·계(癸)
證,증거 증,登言,言(말씀(말) 언) 登(오를 등),ok,증거 증(證),http://tonghanja.com/%ec%a6%9d%ea%b1%b0-%ec%a6%9d%e8%ad%89/,"證 .4급 言: 말씀(말) 언 登: 오를 등 말(言)을 올려(登) 주는 것은? 말 을 ‘ 올려 ’ 주는, 즉 ‘받쳐’ 주는 것은 ‘ 증거 ’이지요. 증거 증 증 거 (證 據 : 어떤 주장을 뒷받침하는 근거 ) , 증명(證明), 논증(論證)"
燈,등 등,火登,火(불 화) 登(오를 등),ok,등 등(燈),http://tonghanja.com/%eb%93%b1-%eb%93%b1%e7%87%88/,"燈 .4급Ⅱ 火: 불 화 登: 오를 등 불(火)을 올려(登)놓는 기구는? 불 을 올려 놓는 기구는 ‘ 등 ’이지요. 등 등 등 (燈: 불을 켜서 밝게 하는 기구 ) , 조명등(照明燈), 가로등(街路燈)"
登,오를 등,癶豆,癶(나아갈 발) 豆(콩(머리) 두),ok,오를 등(登),http://tonghanja.com/%ec%98%a4%eb%a5%bc-%eb%93%b1%e7%99%bb/,"登 .7급 癶: 나아갈 발 豆: 콩(머리) 두 머리(豆) 부분을 향해 나아가는(癶) 것은? 어떤 곳의 머리 부분을 향해 나아가는 것은 어떤 곳을 ‘ 오름 ’이지요. 오를 등 등 정 (登 頂 : 정상에 오름) , 등극(登極), 등산(登山)"
癶,나아갈 발,,,none,나아갈 발(癶),http://tonghanja.com/%eb%82%98%ec%95%84%ea%b0%88-%eb%b0%9c%e7%99%b6/,"癶 .무급 한 발( )을 다른 발( ) 앞으로 내미는 것은? 한 발 을 다른 발 앞으로 내미는 것은 ‘ 나아감 ’이지요. 나아갈 발 * ‘癶’은 ‘發(필 발)’의 머리 부분이라는 데서, ‘필발머리’라고도 합니다."
短,짧을 단,矢豆,矢(화살 시) 豆(콩(머리) 두),ok,짧을 단(短),http://tonghanja.com/%ec%a7%a7%ec%9d%84-%eb%8b%a8%e7%9f%ad/,"短 .6급Ⅱ 矢: 화살 시 豆: 콩(머리) 두 화살(矢)의 머리(豆) 길이는? 화살 의 머리 인 화살촉의 길이는 ‘ 짧음 ’이지요. 짧을 단 단 거리 (短 距離 : 짧은 거리 ) , 단검(短劍), 단축(短縮)"
鬪,싸울 투,寸豆鬥,鬥(싸울 투) 豆(콩(머리) 두) 寸(마디(손) 촌),ok,싸울 투(鬪),http://tonghanja.com/%ec%8b%b8%ec%9a%b8-%ed%88%ac%e9%ac%aa/,"鬪 .4급 鬥: 싸울 투 豆: 콩(머리) 두 寸: 마디(손) 촌 싸우는(鬥) 건데 머리(豆)를 손(寸)으로 때리는 것은? 싸우는 건데 상대의 머리 를 손 으로 때리는 것은 ‘ 싸움 ’이지요. 싸울 투 전 투 ( 戰 鬪: 싸움) , 권투(拳鬪), 결투(決鬪)"
鬥,싸울 투,,,none,싸울 투(鬥),http://tonghanja.com/%ec%8b%b8%ec%9a%b8-%ed%88%ac%e9%ac%a5/,鬥 .무급 둘( )이 치고( ) 받고( ) 하는 것은? 둘 이 손으로 치고 받고 하는 것은 ‘ 싸움 ’이지요. 싸울 투
奉,받들 봉,手,扌(손 수),ok,받들 봉(奉),http://tonghanja.com/%eb%b0%9b%eb%93%a4-%eb%b4%89%e5%a5%89/,"奉 .5급Ⅱ : 클 태 扌: 손 수 큰( ) 분에게 손( )으로 하는 것은? 큰 분에게 손 으로 하는 것은 ‘ 받듦 ’이지요. 받들 봉 봉 사 (奉 仕 : 받들어 섬김/ 국가나 사회 또는 남을 위해 헌신적으로 일함 ) , 봉헌(奉獻), 봉양(奉養) * 받들다: 1. 밑을 받쳐 들다 2. 공경하여 모시다."
奏,아뢸 주,天,天(하늘 천),ok,아뢸 주(奏),http://tonghanja.com/%ec%95%84%eb%a2%b8-%ec%a3%bc%e5%a5%8f/,"奏 .3급Ⅱ : 클 태 天: 하늘 천 큰( ) 하늘(天) 같은 이에게 하는 것은? 큰 하늘 같은 이인 임금에게 신하가 하는 것은 ‘ 아룀 ’이지요. 아뢸 주 주 청 (奏 請 : 임금에게 아뢰어 청함 ) , 연주(演奏), 협주(協奏) * 아뢰다: 1. 말씀드려 알리다 2. 윗사람 앞에서 풍악을 들려주다"
春,봄 춘,日,급(클 태) 日(날(해) 일),ok,봄 춘(春),http://tonghanja.com/%eb%b4%84-%ec%b6%98%e6%98%a5/,"春 .7급 : 클 태 日: 날(해) 일 해(日)가 크는( ) 계절은? 해 가 크기 시작하는 계절은 ‘ 봄 ’이지요. 봄 춘 춘 계 (春 季 : 봄 철 ) , 입춘(立春), 신춘(新春)"
泰,클 태,氺,氺(물 수),ok,클 태(泰),http://tonghanja.com/%ed%81%b4-%ed%83%9c%e6%b3%b0/,"泰 .3급Ⅱ : 클 태 氺: 물 수 큰( ) 물(氺)의 모습은? 바다나 호수 같은 큰 물 의 모습은 ‘ 큼 ’이지요. 클 태 태 평 (泰 平 : 크고 평평함 ) , 태연(泰然)"
遺,남길 유,貴辵,貴(귀할 귀) 辶(갈 착),ok,남길 유(遺),http://tonghanja.com/%eb%82%a8%ea%b8%b8-%ec%9c%a0%e9%81%ba/,"遺 .4급 貴: 귀할 귀 辶: 갈 착 귀한(貴) 것을 놓고 가는(辶) 것은? 귀한 것을 놓고 가는 것은 ‘ 남김 ’이지요. 남길 유 유 류 (遺 留 : 남겨 놓음 ) , 유물(遺物), 유산(遺産)"
貴,귀할 귀,貝,급(삼태기 궤) 貝(조개(재물) 패),ok,귀할 귀(貴),http://tonghanja.com/%ea%b7%80%ed%95%a0-%ea%b7%80%e8%b2%b4/,"貴 .5급 : 삼태기 궤 貝: 조개(재물) 패 삼태기( )에 담는 재물(貝)은? 삼태기 에 주워 담는 재물 은 ‘ 귀함 ’이지요. 귀할 귀 귀 함 (貴 함 : 가치가 큼 ) , 귀중(貴重), 희귀(稀貴)"
遣,보낼 견,辵,급(삼태기) 궤(阝(언덕 부)의 이형) 辶(갈 착),ok,보낼 견(遣),http://tonghanja.com/%eb%b3%b4%eb%82%bc-%ea%b2%ac%e9%81%a3/,遣 .3급 : 삼태기 궤 : 阝(언덕 부)의 이형 辶: 갈 착 삼태기( ) 들고 언덕( ) 쌓는 곳으로 가게(辶) 하는 것은? 삼태기 들고 제방이나 토성 따위의 언덕 쌓는 곳으로 가게 하는 것은 ‘ 보냄 ’이지요. 보낼 견 파 견 ( 派 遣: 임무를 주어서 다른 곳으로 보냄)
畿,경기 기,田,田(밭 전),ok,경기 기(畿),http://tonghanja.com/%ea%b2%bd%ea%b8%b0-%ea%b8%b0%e7%95%bf/,"畿 .3급Ⅱ : 幾(몇 기)의 이형 田: 밭 전 몇( ) 시간 거리의 밭(田)은? 서울에서 몇 시간 거리의 밭 은 ‘ 경기 ’이지요. 경기 기 경 기 ( 京 畿: 서울의 주변 지역 ) , 경기도(京畿道)"
機,베틀 기,幾木,木(나무 목) 幾(몇 기),ok,베틀 기(機),http://tonghanja.com/%eb%b2%a0%ed%8b%80-%ea%b8%b0%e6%a9%9f/,"機 .4급 木: 나무 목 幾: 몇 기 나무(木)로 만든 베틀(幾)은? 나무 로 만든 베틀 은 ‘ 베틀 ’이지요. 베틀 기 기 계 (機 械 : 베틀 과 형틀 / 동력을 써서 작업을 하는 장치 ) , 기기(機器), 기관(機關) * ‘機’는 ‘틀 기’라고도 합니다."
幾,몇 기,人幺戈,幺(작을(실) 요) 幺(작을(실) 요) 戈(창 과) 人(사람 인),ok,몇 기(幾),http://tonghanja.com/%eb%aa%87-%ea%b8%b0%e5%b9%be/,"幾 .3급 幺: 작을(실) 요 幺: 작을(실) 요 戈: 창 과 人: 사람 인 날실들(幺幺) 사이로 창(戈) 같은 북을 사람(人)이 넣는 기계인 베틀을 쓰면? 날실들 사이로 창 같은 북을 사람 이 넣는 기계인 베틀을 쓰면 일이 ‘ 몇 ’ 배는 빨라지지요. 몇 기 기십(幾十), 기백(幾百), 기만(幾萬)"
禽,새 금,人离,人(모양) 离(짐승 리),ok,새 금(禽),http://tonghanja.com/%ec%83%88-%ea%b8%88%e7%a6%bd/,"禽 .3급Ⅱ 人: 모양 离: 짐승 리 부리(人) 달린 짐승(离)은? 부리 달린 짐승 은 ‘ 새 ’이지요. 새 금 맹금(猛禽), 가금(家禽), 금수(禽獸)"
離,떠날 리,离隹,离(짐승 리) 隹(새 추),ok,떠날 리(離),http://tonghanja.com/%eb%96%a0%eb%82%a0-%eb%a6%ac%e9%9b%a2/,"離 .4급 离: 짐승 리 隹: 새 추 짐승(离)이 다가올 때 새(隹)가 하는 것은? 짐승 이 다가올 때 새 가 하는 것은 ‘ 떠남 ’이지요. 떠날 리 이 륙 (離 陸 : 뭍을 떠남) , 이탈(離脫), 이별(離別)"
离,짐승 리,,,none,짐승 리(离),http://tonghanja.com/%ec%a7%90%ec%8a%b9-%eb%a6%ac%e7%a6%bb/,离 .특급 뿔 난 머리(亠)와 흉한 얼굴(凶)과 다리(冂)와 꼬리(厶)는? 뿔 난 머리 와 흉한 얼굴 과 다리 와 꼬리 로 된 것은 ‘ 짐승 ’이지요. 짐승 리
勵,힘쓸 려,力厂萬,厂(기슭(굴바위) 엄) 萬(일만(전갈) 만) 力(힘 력),ok,힘쓸 려(勵),http://tonghanja.com/%ed%9e%98%ec%93%b8-%eb%a0%a4%e5%8b%b5/,"勵 .3급Ⅱ 厂: 기슭(굴바위) 엄 萬: 일만(전갈) 만 力: 힘 력 굴바위(厂)의 전갈(萬)처럼 힘(力)을 쓰는 것은? 굴바위 의 전갈 처럼 힘 을 쓰는 것은 ‘ 힘씀 ’이지요. 힘쓸 려 장려(奬勵), 권려(勸勵), 격려(激勵)"
萬,일만 만,,,none,일만 만(萬),http://tonghanja.com/%ec%9d%bc%eb%a7%8c-%eb%a7%8c%e8%90%ac/,"萬 .8급 전갈(萬)의 수는? 굴바위에 모여 사는 전갈 의 수는 ‘ 일만 ’쯤 되지요. 일만 만 일 만 ( 一 萬: 10,000 )"
愚,어리석을 우,心禺,禺(원숭이 우) 心(마음 심),ok,어리석을 우(愚),http://tonghanja.com/%ec%96%b4%eb%a6%ac%ec%84%9d%ec%9d%84-%ec%9a%b0%e6%84%9a/,"愚 .3급Ⅱ 禺: 원숭이 우 心: 마음 심 원숭이(禺)의 마음(心)은? 원숭이 의 마음 은 ‘ 어리석음 ’이지요. 어리석을 우 우 매 (愚 昧 : 어리석고 사리에 어두움 *昧·1급·어두울 매 ) , 우둔(愚鈍), 우직(愚直)"
遇,만날 우,禺辵,禺(원숭이 우) 辶(갈 착),ok,만날 우(遇),http://tonghanja.com/%eb%a7%8c%eb%82%a0-%ec%9a%b0%e9%81%87/,"遇 .4급 禺: 원숭이 우 辶: 갈 착 원숭이(禺)가 지나가는(辶) 것은? 원숭이 가 갑자기 툭 튀어나와 지나 가는 것은 원숭이를 ‘ 만남 ’이지요. 만날 우 조 우 ( 遭 遇: 우연히 만남 *遭·1급·만날 조 ) , 경우(境遇), 대우(待遇)"
偶,짝 우,人禺,亻(사람 인) 禺(원숭이 우),ok,짝 우(偶),http://tonghanja.com/%ec%a7%9d-%ec%9a%b0%e5%81%b6/,"偶 .3급Ⅱ 亻: 사람 인 禺: 원숭이 우 사람(亻)과 원숭이(禺)는? 사람 과 원숭이 는 수많은 동물들 중에서 한 ‘ 짝 ’이지요. 짝 우 배우자(配偶者), 우연(偶然), 우상(偶像) * ‘偶’는 사람이 원숭이를 만나는 것인, ‘우연(뜻하지 않게 일어난 일)’을 뜻하기도 합니다. * ‘偶’는 사람을 원숭이( ) 모양으로 만든 것인 ‘허수아비’를 뜻하기도 합니다."
禺,원숭이 우,,,none,원숭이 우(禺),http://tonghanja.com/%ec%9b%90%ec%88%ad%ec%9d%b4-%ec%9a%b0%e7%a6%ba/,禺 .무급 흉한 얼굴 (田)과 다리(冂)와 꼬리(厶)는? 흉한 얼굴 과 다리 와 꼬리 로 된 것은 ‘ 원숭이 ’이지요. 원숭이 우
國,나라 국,囗或,囗(모양) 或(혹 혹),ok,나라 국(國),http://tonghanja.com/%eb%82%98%eb%9d%bc-%ea%b5%ad%e5%9c%8b/,"國 .8급 囗: 모양 或: 혹 혹 넓은 지역(囗)인데 혹(或) 적이 침입할까봐 지키는 곳은? 넓은 지역 인데 혹 적이 침입할까봐 지키는 곳은 ‘ 나라 ’이지요. 나라 국 국 가 (國 家 : 나라) , 국토(國土), 국내(國內)"
域,지경 역,土或,土(흙(땅) 토) 或(혹 혹),ok,지경 역(域),http://tonghanja.com/%ec%a7%80%ea%b2%bd-%ec%97%ad%e5%9f%9f/,"域 .4급 土: 흙(땅) 토 或: 혹 혹 땅(土)인데 혹(或) 적이 침입할까봐 지키는 곳은? 땅 인데 혹 적이 침입할까봐 지키는 곳은 땅의 경계인 ‘ 지경 (地境)’이지요. 지경 역 지 역 ( 地 域: 지경 또는 그 안의 땅 ) , 구역(區域), 영역(領域)"
惑,미혹할 혹,心或,或(혹 혹) 心(마음 심),ok,미혹할 혹(惑),http://tonghanja.com/%eb%af%b8%ed%98%b9%ed%95%a0-%ed%98%b9%e6%83%91-2/,"惑 .3급Ⅱ 或: 혹 혹 心: 마음 심 혹(或) 하는 마음(心)이 드는 것은? 혹 가능하지 않을까 하는 마음 이 드는 것은 ‘ 미혹함 ’이지요. 미혹할 혹 미 혹 ( 迷 惑: 무엇에 홀려 정신을 차리지 못함 ) , 유혹(誘惑)"
或,혹 혹,,급(창 과  ㅁ: 모) 양(모양),image,혹 혹(或),http://tonghanja.com/%ed%98%b9-%ed%98%b9%e6%88%96/,"或 .4급 : 창 과 ㅁ: 모양 : 모양 창( ) 들고 지역(ㅁ)을 막는( ) 이유는? 창 들고 지역 을 막는 이유는 ‘ 혹 적이 침입할까봐’이지요. 혹 혹 혹 (或: 그럴 리는 없지만 만일에 ) , 혹시(或是), 간혹(間或)"
歡,기쁠 환,欠雚,雚(부엉이 관) 欠(하품(입 벌릴) 흠),ok,기쁠 환(歡),http://tonghanja.com/%ea%b8%b0%ec%81%a0-%ed%99%98%e6%ad%a1/,"歡 .4급 雚: 부엉이 관 欠: 하품(입 벌릴) 흠 부엉이(雚)처럼 입 벌려(欠) 소리치는 것은? 부엉이 처럼 ‘우앙 우앙’ 하고 사람이 입 벌려 소리치는 것은 ‘ 기쁨 ’이지요. 기쁠 환 환 호 (歡 呼 : 기쁘게 부르짖음 ) , 환성(歡聲), 환희(歡喜)"
勸,권할 권,力雚,雚(부엉이 관) 力(힘 력),ok,권할 권(勸),http://tonghanja.com/%ea%b6%8c%ed%95%a0-%ea%b6%8c%e5%8b%b8/,"勸 .4급 雚: 부엉이 관 力: 힘 력 부엉이(雚)처럼 힘(力) 쓰라고 하는 것은? 어떤 일에 부엉이 처럼 힘 쓰라고 하는 것은 그 어떤 일을 ‘ 권함 ’이지요. 권할 권 권 함 (勸 함 : 어떤 일을 하라고 청함 ) , 권고(勸告), 권장(勸獎)"
權,권세 권,木雚,木(나무 목) 雚(부엉이 관),ok,권세 권(權),http://tonghanja.com/%ea%b6%8c%ec%84%b8-%ea%b6%8c%e6%ac%8a/,"權 .4급Ⅱ 木: 나무 목 雚: 부엉이 관 나무(木)에 앉아 부엉이(雚)가 누리는 것은? 나무 에 앉아 부엉이 가 누리는 것은 생태계 최고 포식자로서의 ‘ 권세 ’이지요. 권세 권 권 세 (權 勢 : 권력과 세력을 아울러 이르는 말 ) , 권위(權威), 권력(權力)"
觀,볼 관,見雚,雚(부엉이 관) 見(볼 견),ok,볼 관(觀),http://tonghanja.com/%eb%b3%bc-%ea%b4%80%e8%a7%80/,"觀 .5급Ⅱ 雚: 부엉이 관 見: 볼 견 부엉이(雚)처럼 보는(見) 것은? 부엉이 처럼 두 눈 부릅뜨고 목표물을 보는 것은 ‘ 봄 ’이지요. 볼 관 관 찰 (觀 察 : 자세히 살펴 봄) , 관람(觀覽), 관측(觀測)"
雚,부엉이 관,,,none,부엉이 관(雚),http://tonghanja.com/%eb%b6%80%ec%97%89%ec%9d%b4-%ea%b4%80%e9%9b%9a/,雚 .무급 눈썹(艹)과 큰 눈( )이 특징인 새(隹)는? ‘ 雚 ’은 눈썹 과 큰 눈 이 특징인 새 인 ‘ 부엉이 ’를 나타낸 글자입니다. 부엉이 관
寧,편안할 녕,丁宀心皿,宀(집 면) 心(마음 심) 皿(그릇 명) 丁(고무래/장정 정),ok,편안할 녕(寧),http://tonghanja.com/%ed%8e%b8%ec%95%88%ed%95%a0-%eb%85%95%e5%af%a7/,"寧 .3급Ⅱ 宀: 집 면 心: 마음 심 皿: 그릇 명 丁: 고무래/장정 정 집(宀)에서 마음(心)껏 그릇(皿)을 비운 장정(丁)은? 집 에서 마음 껏 그릇 을 비운 장정 은 심신이 ‘ 편안함 (便安함)’이지요. 편안할 녕 안 녕 ( 安 寧: 편안함) , 강녕(康寧)"
盡,다할 진,皿,급(또(손)) 우(모양) 皿(그릇 명),ok,다할 진(盡),http://tonghanja.com/%eb%8b%a4%ed%95%a0-%ec%a7%84%e7%9b%a1/,"盡 .4급 : 또(손) 우 : 모양 皿: 그릇 명 손( )으로 솔( )을 들어 그릇(皿)을 털면? 손 으로 솔 을 들어 그릇 을 털면, 그릇에 낀 먼지 따위가 ‘ 다함 ’이지요. 다할 진 소 진 ( 消 盡: 점점 사라지다가 다함) , 고진감래(苦盡甘來) * 고진감래(苦盡甘來): 쓴 것이 다하면 단 것이 온다는 뜻으로, 고생 끝에 낙이 옴을 이르는 말"
肅,엄숙할 숙,,,none,엄숙할 숙(肅),http://tonghanja.com/%ec%97%84%ec%88%99%ed%95%a0-%ec%88%99%e8%82%85/,"肅 .4급 손( )으로 먹(丨)을 벼루( )에 갈 때 하는 것은? 손 으로 먹 을 벼루 에 갈 때 하는 것은 먹물이 튀지 않게 ‘ 엄숙함 ’이지요. ☞ : 볼록한 네 모퉁이( ) 사이에 물(ㅡ)이 들어 있는 ‘벼루’를 나타낸 글자 엄숙할 숙 엄 숙 ( 嚴 肅: 분위기나 의식 따위가 위엄이 있고 정숙함 ) , 정숙(靜肅), 숙연(肅然)"
益,더할 익,皿,皿(그릇 명),ok,더할 익(益),http://tonghanja.com/%eb%8d%94%ed%95%a0-%ec%9d%b5%e7%9b%8a/,"益 .4급Ⅱ : 모양 皿: 그릇 명 물( )을 그릇(皿)에 붓는 것은? 물 을 그릇 에 붓는 것은 물을 그릇에 ‘ 더함 ’이지요. 더할 익 이 익 ( 利 益: 이로움을 더함) , 유익(有益), 수익(收益)"
潛,잠길 잠,朁水,氵(물 수) 朁(입김 낼 참),ok,잠길 잠(潛),http://tonghanja.com/%ec%9e%a0%ea%b8%b8-%ec%9e%a0%e6%bd%9b/,"潛 .3급Ⅱ 氵: 물 수 朁: 입김 낼 참 물(氵)속에서 입김 내는(朁) 것은? 물 속에서 보글보글 하고 입김 을 내는 것은 물에 ‘ 잠김 ’이지요. 잠길 잠 잠 수 (潛 水 : 물에 잠김) , 잠영(潛泳), 침잠(沈潛)"
朁,입김 낼 참,旡曰,旡(입 벌린 사람 기) 旡(입 벌린 사람 기) 曰(가로(말할) 왈),ok,입김 낼 참(朁),http://tonghanja.com/%ec%9e%85%ea%b9%80-%eb%82%bc-%ec%b0%b8%e6%9c%81/,朁 .무급 旡: 입 벌린 사람 기 旡: 입 벌린 사람 기 曰: 가로(말할) 왈 입 벌린 사람들(旡旡)이 말할(曰) 때 하는 것은? 입 벌린 사람들 이 말할 때 하는 것은 ‘ 입김 을 냄 ’이지요. 입김 낼 참
慨,분개할 개,心旣,忄(마음 심) 旣(이미 기),ok,분개할 개(慨),http://tonghanja.com/%eb%b6%84%ea%b0%9c%ed%95%a0-%ea%b0%9c%e6%85%a8/,"慨 .3급 忄: 마음 심 旣: 이미 기 마음(忄)인데 이미(旣) 끝났을 때 드는 것은? 마음 인데 이미 끝나 결과를 바꿀 수 없을 때 드는 것은 ‘ 분개함 ’이지요. 분개할 개 분 개 ( 憤 慨: 몹시 분하게 여김 ) , 개탄(慨歎)"
槪,대개 개,旣木,木(나무 목) 旣(이미 기),ok,대개 개(槪),http://tonghanja.com/%eb%8c%80%ea%b0%9c-%ea%b0%9c%e6%a7%aa/,"槪 .3급Ⅱ 木: 나무 목 旣: 이미 기 나무(木)가 이미(旣) 자란 것은? 나무 가 이미 자란 것은 나무가 ‘ 대개 ’ 자란 것이지요. 대개 개 대 개 ( 大 槪: 대부분 ) , 개요(槪要), 개념(槪念)"
旣,이미 기,匕旡白,白(흰 백) 匕(숟가락 비) 旡(입 벌린 사람 기),ok,이미 기(旣),http://tonghanja.com/%ec%9d%b4%eb%af%b8-%ea%b8%b0%e6%97%a3/,"旣 .3급 白: 흰 백 匕: 숟가락 비 旡: 입 벌린 사람 기 흰(白)밥과 숟가락(匕)에 반대쪽으로 입 벌린 사람(旡)은? 흰 밥과 숟가락 에 반대쪽으로 입 벌린 사람 은 ‘ 이미 ’ 밥을 먹은 것이지요. 이미 기 기 득 (旣 得 : 이미 얻음 ) , 기성(旣成), 기왕(旣往)"
旡,입 벌린 사람 기,,,none,입 벌린 사람 기(旡),http://tonghanja.com/%ec%9e%85-%eb%b2%8c%eb%a6%b0-%ec%82%ac%eb%9e%8c-%ea%b8%b0%e6%97%a1/,旡 .무급 입 벌린( ) 사람( )은? ‘ 旡 ’는 반대쪽으로 ‘ 입 벌린 사람 ’을 나타낸 글자입니다. 입 벌린 사람 기
響,울릴 향,鄕音,鄕(시골 향) 音(소리 음),ok,울릴 향(響),http://tonghanja.com/%ec%9a%b8%eb%a6%b4-%ed%96%a5%e9%9f%bf/,"響 .3급Ⅱ 鄕: 시골 향 音: 소리 음 시골(鄕)에서 내는 소리(音)는? 시골 에서 사람들이 밥을 함께 먹으며 내는 소리 는 온 마을을 ‘울림’이지요. 울릴 향 음 향 ( 音 響: 소리와 그 울림) , 반향(反響), 영향(影響)"
鄕,시골 향,幺皀阝,幺(작을 요) 皀(향기로울(밥) 급) 阝(고을 읍),ok,시골 향(鄕),http://tonghanja.com/%ec%8b%9c%ea%b3%a8-%ed%96%a5%e9%84%95/,"鄕 .4급Ⅱ 幺: 작을 요 皀: 향기로울(밥) 급 阝: 고을 읍 작은(幺) 고을(阝)인데 밥(皀)을 함께 먹는 곳은? 작은 고을 인데 사람들이 밥 을 함께 나누어 먹는 곳은 ‘ 시골 ’이지요. 시골 향 고 향 ( 故 鄕: 예전에 살던 시골) , 향토(鄕土), 향수(鄕愁)"
節,마디 절,卩皀竹,竹(대 죽) 皀(향기로울(밥) 급) 卩(병부(무릎 굽힐) 절),ok,마디 절(節),http://tonghanja.com/%eb%a7%88%eb%94%94-%ec%a0%88%e7%af%80/,"節 .5급Ⅱ 竹: 대 죽 皀: 향기로울(밥) 급 卩: 병부(무릎 굽힐) 절 대(竹)에서, 밥(皀) 먹으려고 굽히는 무릎(卩) 같은 곳은? 대 나무에서, 밥 먹으려고 굽히는 무릎 마디 같은 곳은 ‘ 마디 ’이지요. 마디 절 관 절 ( 關 節: 뼈와 뼈를 이어주는 마디) , 구절(句節), 계절(季節)"
卽,곧 즉,卩皀,皀(향기로울(밥) 급) 卩(병부(무릎 굽힐) 절),ok,곧 즉(卽),http://tonghanja.com/%ea%b3%a7-%ec%a6%89%e5%8d%bd/,"卽 .3급Ⅱ 皀: 향기로울(밥) 급 卩: 병부(무릎 굽힐) 절 밥(皀) 앞에서 무릎 굽히는(卩) 이는? 향기로운 밥 앞에서 무릎 굽혀 앉는 이는 ‘ 곧 ’ 밥을 먹지요. 곧 즉 즉 시 (卽 時 : 곧 바로 ) , 즉각(卽刻), 즉석(卽席)"
便,편할 편/ 똥오줌 변,人更,亻(사람 인) 更(고칠 경/다시 갱),ok,편할 편/ 똥오줌 변(便),http://tonghanja.com/%ed%8e%b8%ed%95%a0-%ed%8e%b8-%eb%98%a5%ec%98%a4%ec%a4%8c-%eb%b3%80%e4%be%bf/,"便 .7급 亻: 사람 인 更: 고칠 경/다시 갱 사람(亻)이 고치면(更)? 사람 이 잘못된 점을 고치면 일을 하기가 ‘ 편함 ’이지요. 편할 편 편 함 (便 함 : 무엇을 하기가 쉽고 수월함 ) , 편리(便利), 편안(便安) 便 .7급 亻: 사람 인 更: 고칠 경/다시 갱 사람(亻)이 고치려고(更) 누는 것은? 사람 이 몸의 불편함을 고치려고 누는 것은 ‘ 똥오줌 ’이지요. 똥오줌 변 변 (便 : 똥오줌) , 대변(大便), 소변(小便)"
硬,굳을 경,更石,石(돌 석) 更(고칠 경/다시 갱),ok,굳을 경(硬),http://tonghanja.com/%ea%b5%b3%ec%9d%84-%ea%b2%bd%e7%a1%ac-2/,"硬 .3급Ⅱ 石: 돌 석 更: 고칠 경/다시 갱 돌(石)처럼 고쳐지는(更) 것은? 돌 처럼 딱딱하게 ‘ 고쳐지는 ’ 즉 ‘변경되는’ 것은 ‘ 굳음 ’이지요. 굳을 경 경 화 (硬 化 : 굳음) , 경직(硬直), 강경(強硬)"
更,고칠 경/ 다시 갱,,,none,고칠 경/ 다시 갱(更),http://tonghanja.com/%ea%b3%a0%ec%b9%a0-%ea%b2%bd-%eb%8b%a4%ec%8b%9c-%ea%b0%b1%e6%9b%b4/,"更 .4급 : 丙(남녘/밝을 병)의 이형 丈: 攵(칠/때릴 복)의 이형 밝아지게( ) 때리는(丈) 것은? 사리(事理)에 밝아지게 매를 들어 때리는 것은 잘못된 점을 ‘ 고쳐서 ’ 일을 ‘ 다시 ’ 하게 함 이지요. 고칠 경 /다시 갱 경 신 (更 新 : 고쳐 새롭게 함 ) , 변경(變更) 갱 신 (更 新 : 다시 새롭게 함 ) , 갱생(更生)"
確,굳을 확,石隺,石(돌 석) 隺(두루미 각),ok,굳을 확(確),http://tonghanja.com/%ea%b5%b3%ec%9d%84-%ed%99%95%e7%a2%ba/,"確 .4급Ⅱ 石: 돌 석 隺: 두루미 각 돌(石)처럼 두루미(隺)가 서 있는 것은? 다가오는 물고기를 부리로 낚아채려고, 돌 처럼 두루미 가 가만히 서 있는 것은 ‘ 굳음 ’이지요. 굳을 확 확 고 (確 固 : 굳음) , 확립(確立), 확정(確定)"
鶴,학 학,隺鳥,隺(두루미 각) 鳥(새 조),ok,학 학(鶴),http://tonghanja.com/%ed%95%99-%ed%95%99%e9%b6%b4/,鶴 .3급Ⅱ 隺: 두루미 각 鳥: 새 조 두루밋(隺)과의 새(鳥)는? 두루밋 과의 새 는 ‘ 학 ’이지요. 학 학 학 (鶴: 두루밋과의 새를 이르는 말 )
隺,두루미 각,,,none,두루미 각(隺),http://tonghanja.com/%eb%91%90%eb%a3%a8%eb%af%b8-%ea%b0%81%e9%9a%ba/,隺 .무급 부리( )와 머리(冖)와 긴 목(丿)이 특징인 새(隹)는? ‘ 隺 ’은 부리 와 머리 와 긴 목 이 특징인 새 인 ‘ 두루미 ’를 나타낸 글자입니다. 두루미 각
鐵,쇠 철,金,金(쇠(금속) 금),ok,쇠 철(鐵),http://tonghanja.com/%ec%87%a0-%ec%b2%a0%e9%90%b5/,"鐵 .5급 金: 쇠(금속) 금 : 쇠 철 금속(金)인 쇠( )는? 금속 인 쇠 는 ‘ 쇠 ’이지요. 쇠 철 철 (鐵: 쇠) , 철광(鐵鑛), 강철(鋼鐵)"
哉,어조사 재,,급(삽 재  ㅁ: 입(말) 구),image,어조사 재(哉),http://tonghanja.com/%ec%96%b4%ec%a1%b0%ec%82%ac-%ec%9e%ac%e5%93%89/,"哉 .3급 : 삽 재 ㅁ: 입(말) 구 삽( )질할 때 나오는 말(ㅁ)은? 삽 질할 때 나오는 말 은 ‘ 어조사 (語助辭) 재’이지요. 어조사 재 재 (哉: 종결형 감탄사로 쓰이는 어조사) , 오호통재(嗚呼痛哉) * 오호통재(嗚呼痛哉): ‘아, 비통하다’라는 뜻으로, 슬플 때나 탄식할 때 하는 말"
裁,마를 재,衣,衣(옷 의),ok,마를 재(裁),http://tonghanja.com/%eb%a7%88%eb%a5%bc-%ec%9e%ac%e8%a3%81/,"裁 .3급Ⅱ : 삽 재 衣: 옷 의 삽( )처럼 생긴 창칼로 옷(衣)을 자르는 것은? 삽 처럼 생긴 창칼로 옷 을 자르는 것은 ‘ 마름 ’이지요. 마를 재 재 단 (裁 斷 : 마름 질 ) , 제재(制裁), 재량(裁量) * 마르다: 치수에 맞추어 옷감을 자르다"
載,실을 재,車,車(수레 차),ok,실을 재(載),http://tonghanja.com/%ec%8b%a4%ec%9d%84-%ec%9e%ac%e8%bc%89/,"載 .3급Ⅱ : 삽 재 車: 수레 차 삽( )으로 수레(車)에 하는 것은? 삽 으로 수레 에 하는 것은 흙 따위를 ‘ 실음 ’이지요. 실을 재 적 재 ( 積 載: 짐을 쌓아서 실음) , 등재(登載), 기재(記載)"
栽,심을 재,木,木(나무 목),ok,심을 재(栽),http://tonghanja.com/%ec%8b%ac%ec%9d%84-%ec%9e%ac%e6%a0%bd/,栽 .3급Ⅱ : 삽 재 木: 나무 목 삽( )으로 나무(木)를 파묻는 것은? 삽 으로 나무 의 뿌리 부분을 파묻는 것은 나무를 ‘ 심음 ’이지요. 심을 재 재 배 (栽 培 : 식물을 심어서 기름 )
履,밟을 리,尸復,尸(주검(몸) 시) 復(다시 부/돌아올 복),ok,밟을 리(履),http://tonghanja.com/%eb%b0%9f%ec%9d%84-%eb%a6%ac%e5%b1%a5/,"履 .3급Ⅱ 尸: 주검(몸) 시 復: 다시 부/돌아올 복 몸(尸)으로 풀무에 다시(復) 하는 것은? 몸 으로 풀무에 다시 하는 것은 풀무를 ‘ 밟음 ’이지요. 밟을 리 이 행 (履 行 : 밟아서 행함/ 실제로 행함 ) , 이력(履歷), 이수(履修)"
覆,뒤집힐 복,覀復,覀(덮을(마개) 아) 復(다시 부/돌아올 복),ok,뒤집힐 복(覆),http://tonghanja.com/%eb%92%a4%ec%a7%91%ed%9e%90-%eb%b3%b5%e8%a6%86/,"覆 .3급Ⅱ 覀: 덮을(마개) 아 復: 다시 부/돌아올 복 마개(覀)가 풀무에서 다시(復) 하는 것은? 가죽 마개 가 풀무 에서 다시 하는 것은 ‘ 뒤집힘 ’이지요. 뒤집힐 복 전 복 ( 顚 覆: 뒤집혀 엎어짐 *顚·1급·엎어질 전 ) , 번복(飜覆)"
復,다시 부/ 돌아올 복,复彳,彳(조금 걸을(걸을) 척) 复(풀무 복),ok,다시 부/ 돌아올 복(復),http://tonghanja.com/%eb%8b%a4%ec%8b%9c-%eb%b6%80-%eb%8f%8c%ec%95%84%ec%98%ac-%eb%b3%b5%e5%be%a9/,"復 .4급Ⅱ 彳: 조금 걸을(걸을) 척 复: 풀무 복 걷듯이(彳) 풀무(复)를 밟았다가 들어 올리는 것은? 걷듯이 풀무 를 발로 밟았다가 들어 올리는 것은 풀무가 제자리로 ‘ 다시 ’ ‘ 돌아옴 ’이지요. 다시 부 /돌아올 복 부 흥 (復 興 : 다시 읾 ) , 부활(復活) 복 귀 (復 歸 : 본디의 자리로 돌아옴) , 회복(回復), 반복(反復)"
腹,배 복,复月,月(고기(몸) 육) 复(풀무 복),ok,배 복(腹),http://tonghanja.com/%eb%b0%b0-%eb%b3%b5%e8%85%b9/,"腹 .3급Ⅱ 月: 고기(몸) 육 复: 풀무 복 몸(月)에서 풀무(复) 같은 곳은? 몸 에서 풀무 같이 작동하는 곳은 ‘ 배 ’이지요. 배 복 복 부 (腹 部 : 배 부위 ) , 복근(腹筋), 공복(空腹)"
複,겹칠 복,复衣,衤(옷 의) 复(풀무 복),ok,겹칠 복(複),http://tonghanja.com/%ea%b2%b9%ec%b9%a0-%eb%b3%b5%e8%a4%87/,"複 .4급 衤: 옷 의 复: 풀무 복 옷(衤)이 풀무(复)에서 하는 것은? ‘ 옷 ’이, 즉 ‘공기주머니’가 풀무 에서 하는 것은 ‘ 겹침 ’이지요. 겹칠 복 중 복 ( 重 複: 겹침) , 복합(複合), 복식(複式)"
复,풀무 복,夂,급(모양) 夂(뒤져 올(발) 치),ok,풀무 복(复),http://tonghanja.com/%ed%92%80%eb%ac%b4-%eb%b3%b5%e5%a4%8d/,复 .무급 : 모양 夂: 뒤져 올(발) 치 분사구( )와 두 판( )과 공기주머니(曰)로 된 것인데 발(夂)로 작동시키는 것은? 분사구 과 두 판 과 공기주머니 로 된 것인데 발 로 작동시키는 것은 ‘ 풀무 ’이지요. 풀무 복 * 풀무의 작동 과정: (1) 판을 발로 밟으면 공기주머니가 압착되며 분사구로 공기가 빠져나간다. (2) 판을 발로 들어 올리면 가죽 마개가 공기주머니 안쪽으로 뒤집히며 공기주머니로 공기가 들어온다. (3) 공기주머니에 공기가 다 차면 가죽 마개가 가죽의 탄력으로 인해 자동으로 닫힌다.
應,응할 응,䧹心,䧹(매 응) 心(마음 심),ok,응할 응(應),http://tonghanja.com/%ec%9d%91%ed%95%a0-%ec%9d%91%e6%87%89/,"應 .4급Ⅱ 䧹: 매 응 心: 마음 심 매(䧹)가 주인의 마음(心)에 하는 것은? 매 가 주인의 마음 에 하는 것은 ‘ 응함 ’이지요. 응할 응 응 함 (應 함 : 상대의 요구에 맞추어 행함 ) , 응답(應答) , 응대(應對)"
䧹,매 응,人广隹,广(집 엄) 亻(사람 인) 隹(새 추),ok,매 응(䧹),http://tonghanja.com/%eb%a7%a4-%ec%9d%91%e4%a7%b9/,䧹 .무급 广: 집 엄 亻: 사람 인 隹: 새 추 집(广)에서 사람(亻)이 길들이는 새(隹)는? 집 에서 사람 이 길들이는 새 는 사냥용 ‘ 매 ’이지요. 매 응
雁,기러기 안,人厂隹,厂(기슭 엄) 亻(사람 인) 隹(새 추),ok,기러기 안(雁),http://tonghanja.com/%ea%b8%b0%eb%9f%ac%ea%b8%b0-%ec%95%88%e9%9b%81/,"雁 .3급 厂: 기슭 엄 亻: 사람 인 隹: 새 추 기슭(厂)에서 사람(亻)같이 사는 새(隹)는? 하천 따위의 기슭 에서 사람 같이 짝을 지어 사는 새 는 ‘ 기러기 ’이지요. 기러기 안 홍 안 ( 鴻 雁: 큰 기러기와 작은 기러기) , 홍안지례(鴻雁之禮) * 홍안지례(鴻雁之禮): 혼인할 때 신랑이 신부에게 기러기 한 쌍을 전하는 의식. 기러기는 한 번 짝을 지으면 죽을 때까지 서로 함께 한다는 데서 유래함."
輸,보낼 수,兪車,車(수레 차) 兪(대답할(배) 유),ok,보낼 수(輸),http://tonghanja.com/%eb%b3%b4%eb%82%bc-%ec%88%98%e8%bc%b8/,"輸 .3급Ⅱ 車: 수레 차 兪: 대답할(배) 유 수레(車)나 배(兪)로 하는 것은? 수레 나 배 로 하는 것은 화물 따위를 목적지로 ‘ 보냄 ’이지요. 보낼 수 수 송 (輸 送 : 보냄) , 수출(輸出), 수입(輸入)"
愈,나을 유,兪心,兪(대답할(나아갈) 유) 心(마음 심),ok,나을 유(愈),http://tonghanja.com/%eb%82%98%ec%9d%84-%ec%9c%a0%e6%84%88/,愈 .3급 兪: 대답할(나아갈) 유 心: 마음 심 나아감(兪)을 마음(心)으로 느끼는 것은? 나아감 을 마음 으로 느끼는 것은 병이 점점 ‘ 나음 ’이지요. 나을 유 * 나아가다: 1. 앞으로 향해 가다 2. 병세나 하는 일이 점점 나아지다
兪,대답할 유,,,none,대답할 유(兪),http://tonghanja.com/%eb%8c%80%eb%8b%b5%ed%95%a0-%ec%9c%a0%e5%85%aa/,"兪 .1급Ⅱ 배( )가 물( )에서 하는 것은? ‘ 兪 ’는 배 가 물 에서 하는 것인 ‘ 나아감 ’을 나타낸 글자였으나, 후에 대화가 나아가는 것인 ‘ 대답함 ’을 뜻하게 되었답니다. ☞ : ‘흐르는 물’을 나타낸 글자 대답할 유"
跡,발자취 적,亦,亦(또 역),ok,발자취 적(跡),http://tonghanja.com/%eb%b0%9c%ec%9e%90%ec%b7%a8-%ec%a0%81%e8%b7%a1/,"跡 .3급Ⅱ : 발 족 亦: 또 역 발( )이 또(亦) 남기는 것은? 발 이 또 남기는 것은 ‘ 발자취 ’이지요. 발자취 적 족 적 ( 足 跡: 발자취) , 행적(行跡), 인적(人跡)"
亦,또 역,,,none,또 역(亦),http://tonghanja.com/%eb%98%90-%ec%97%ad%e4%ba%a6/,"亦 .3급Ⅱ 사람( )이 발자취( )를 남기는 것은? 사람 이 뒤에 발자취 를 남기는 것은 ‘남기고, 또 남기고, 또 남기고, 또 … ’이지요. 또 역 역 시 (亦 是 : 또 한 )"
會,모일 회,,,none,모일 회(會),http://tonghanja.com/%eb%aa%a8%ec%9d%bc-%ed%9a%8c%e6%9c%83/,"會 .6급Ⅱ 뚜껑( )과 시루( )와 물그릇(曰)이 하는 것은? 뚜껑 과 시루 와 물그릇 이 하는 것은 여럿이 하나로 ‘ 모임 ’이지요. 모일 회 회 합 (會 合 : 여럿이 모이는 일 ) , 집회(集會), 대회(大會)"
層,층 층,尸曾,尸(주검(집) 시) 曾(일찍(거듭) 증),ok,층 층(層),http://tonghanja.com/%ec%b8%b5-%ec%b8%b5%e5%b1%a4/,"層 .4급 尸: 주검(집) 시 曾: 일찍(거듭) 증 집(尸)을 거듭(曾) 쌓아서 만드는 것은? 집 을 거듭 쌓아서 만드는 것은 ‘ 층 ’이지요. 층 층 층 (層: 물체가 거듭 쌓여 생긴 켜 ) , 이층(二層), 삼층(三層)"
僧,중 승,人曾,亻(사람 인) 曾(일찍(거듭) 증),ok,중 승(僧),http://tonghanja.com/%ec%a4%91-%ec%8a%b9%e5%83%a7/,"僧 .3급Ⅱ 亻: 사람 인 曾: 일찍(거듭) 증 사람(亻)인데 공덕을 거듭(曾) 쌓는 이는? 사람 인데 공덕을 거듭 쌓는 이는 ‘ 중 ’이지요. 중 승 승 려 (僧 侶 : 중 *侶·1급·짝/동아리 려 ) , 노승(老僧), 동자승(童子僧) * 공덕(功德): 착한 일을 하여 쌓은 업적과 어진 덕"
贈,줄 증,曾貝,貝(조개(재물) 패) 曾(일찍(거듭) 증),ok,줄 증(贈),http://tonghanja.com/%ec%a4%84-%ec%a6%9d%e8%b4%88/,"贈 .3급 貝: 조개(재물) 패 曾: 일찍(거듭) 증 재물(貝)을 거듭(曾) 쌓아서 하는 것은? 재물 을 거듭 쌓아서 하는 것은 ‘ 줌 ’이지요. 줄 증 증 여 (贈 與 : 줌) , 기증(寄贈) * “하나 주면 정 없다 하니, 하나 더 얹어 줄게.”"
憎,미워할 증,心曾,忄(마음 심) 曾(일찍(거듭) 증),ok,미워할 증(憎),http://tonghanja.com/%eb%af%b8%ec%9b%8c%ed%95%a0-%ec%a6%9d%e6%86%8e/,"憎 .3급Ⅱ 忄: 마음 심 曾: 일찍(거듭) 증 마음(忄)인데 거듭(曾) 쌓이는 것은? 마음 인데 없어지지 않고 거듭 쌓이는 것은 ‘ 미워함 ’이지요. 미워할 증 증 오 (憎 惡 : 미워함) , 가증(可憎), 애증(愛憎) * “나 너한테 쌓인 거 많아, 이 새끼야.”"
增,더할 증,土曾,土(흙 토) 曾(일찍(거듭) 증),ok,더할 증(增),http://tonghanja.com/%eb%8d%94%ed%95%a0-%ec%a6%9d%e5%a2%9e/,"增 .4급Ⅱ 土: 흙 토 曾: 일찍(거듭) 증 흙(土)을 거듭(曾) 쌓는 것은? 흙 을 거듭 쌓는 것은 흙을 ‘ 더함 ’이지요. 더할 증 증 가 (增 加 : 더함) , 증대(增大), 증축(增築)"
曾,일찍 증,,,none,일찍 증(曾),http://tonghanja.com/%ec%9d%bc%ec%b0%8d-%ec%a6%9d%e6%9b%be/,"曾 .3급Ⅱ 김(八)이 통하게 시루( )를 물그릇(曰) 위에 쌓은 것은? ‘ 曾 ’은 김 이 통하게 시루 를 물그릇 위에 쌓은 것인 ‘ 거듭 ’을 나타낸 글자였으나, 후에 무엇이 거듭됨은 그 무엇이 일찍이 있었던 것이라는 데서, ‘ 일찍 ’을 뜻하게 되었답니다. 일찍 증 증 유 (曾 有 : 일찍 이 있었음 ) , 미증유(未曾有), 증조부(曾祖父) * 거듭: 어떤 것 위에 무엇을 다시 쌓은 모양"
謝,사례할 사,射言,言(말씀(말) 언) 射(쏠 사),ok,사례할 사(謝),http://tonghanja.com/%ec%82%ac%eb%a1%80%ed%95%a0-%ec%82%ac%e8%ac%9d/,"謝 .4급Ⅱ 言: 말씀(말) 언 射: 쏠 사 말(言)로 쏜다고(射) 하는 것은? 말 로, 한턱 쏜다고 하는 것은 ‘ 사례함 ’이지요. 사례할 사 사 례 (謝 禮 : 말이나 물품으로 상대에게 고마움을 전함 ) , 사은(謝恩), 감사(感謝)"
射,쏠 사,寸身,身(몸 신) 寸(모양),ok,쏠 사(射),http://tonghanja.com/%ec%8f%a0-%ec%82%ac%e5%b0%84/,"射 .4급 身: 몸 신 寸: 모양 몸(身)이 활(寸)을 들고 하는 것은? 몸 이 활 을 들고 하는 것은 화살을 ‘ 쏨 ’이지요. 쏠 사 발 사 ( 發 射: 쏨) , 사격(射擊), 사살(射殺)"
靈,신령 령,巫,巫(무당 무),ok,신령 령(靈),http://tonghanja.com/%ec%8b%a0%eb%a0%b9-%eb%a0%b9%e9%9d%88/,"靈 .3급Ⅱ : 기우제 령 巫: 무당 무 기우제( )를 지낼 때 무당(巫)이 비는 대상은? 기우제 를 지낼 때 무당 이 비를 내려달라고 비는 대상은 ‘ 신령 ’이지요. 신령 령 신 령 ( 神 靈: 신으로 섬기는 영적 존재 ) , 혼령(魂靈), 유령(幽靈)"
巫,무당 무,,,none,무당 무(巫),http://tonghanja.com/%eb%ac%b4%eb%8b%b9-%eb%ac%b4%e5%b7%ab/,巫 .1급 하늘(￣)과 땅( )을 이어(丨) 죽은 사람(人)과 산 사람(人)을 매개하는 이는? 하늘 과 땅 을 이어 죽은 사람 과 산 사람 을 매개하는 이는 ‘ 무당 ’이지요. 무당 무
議,의논할 의,義言,言(말씀(말) 언) 義(옳을 의),ok,의논할 의(議),http://tonghanja.com/%ec%9d%98%eb%85%bc%ed%95%a0-%ec%9d%98%e8%ad%b0/,"議 .4급Ⅱ 言: 말씀(말) 언 義: 옳을 의 말(言)로 무엇이 옳은(義)지를 논하는 것은? 말 로 어떤 일에 대하여 무엇이 옳은 지를 논하는 것은 ‘ 의논함 ’이지요. 의논할 의 의 논 (議 論 : 어떤 일에 대하여 서로 의견을 주고받음 ) , 회의(會議), 토의(討議)"
儀,거동 의,人義,亻(사람 인) 義(옳을 의),ok,거동 의(儀),http://tonghanja.com/%ea%b1%b0%eb%8f%99-%ec%9d%98%e5%84%80/,"儀 .4급 亻: 사람 인 義: 옳을 의 사람(亻)이 옳게(義) 행해야 하는 것은? 사람 이 옳게 행해야 하는 것은 ‘ 거동 (擧動)’이지요. 거동 의 예 의 ( 禮 儀: 예로써 나타내는 몸가짐( 거동 ) ) , 의식(儀式), 의전(儀典) * 거동(擧動): 1. 몸을 움직임 2. 몸가짐"
義,옳을 의,我,我(나 아),ok,옳을 의(義),http://tonghanja.com/%ec%98%b3%ec%9d%84-%ec%9d%98%e7%be%a9/,"義 .4급Ⅱ : 羊(양 양)의 이형 我: 나 아 양( ) 같은 이들을 내(我)가 지켜주는 것은? 양 같이 선한 이들을 내 가 지켜주는 것은 ‘ 옳음 ’이지요. 옳을 의 정 의 ( 正 義: 바르고 옳음) , 의리(義理), 의무(義務)"
餓,주릴 아,我食,食(밥 식) 我(나 아),ok,주릴 아(餓),http://tonghanja.com/%ec%a3%bc%eb%a6%b4-%ec%95%84%e9%a4%93/,"餓 .3급 食: 밥 식 我: 나 아 밥(食)을 먹어서 나(我)를 지켜야 하는 상태는? 밥 을 먹어서 나 를 죽음으로부터 지켜야 하는 상태는 ‘ 주림 ’이지요. 주릴 아 기 아 ( 飢 餓: 주림) , 아사(餓死)"
我,나 아,戈手,手(손 수) 戈(창 과),ok,나 아(我),http://tonghanja.com/%eb%82%98-%ec%95%84%e6%88%91/,"我 .3급Ⅱ 手: 손 수 戈: 창 과 손(手)으로 창(戈)을 들어 지키는 것은? 손 으로 창 을 들어 적에게서 지키는 것은 ‘ 나 ’이지요. 나 아 자 아 ( 自 我: 나) , 아군(我軍), 아집(我執)"
影,그림자 영,彡景,景(볕 경) 彡(터럭(무늬) 삼),ok,그림자 영(影),http://tonghanja.com/%ea%b7%b8%eb%a6%bc%ec%9e%90-%ec%98%81%e5%bd%b1/,"影 .3급Ⅱ 景: 볕 경 彡: 터럭(무늬) 삼 볕(景)이 가려질 때 생기는 무늬(彡)는? 볕 이 가려질 때 반대 쪽에 생기는 무늬 는 ‘ 그림자 ’이지요. 그림자 영 음 영 ( 陰 影: 그림자) , 투영(投影), 잔영(殘影)"
景,볕 경,京日,日(날(해) 일) 京(서울(누각) 경),ok,볕 경(景),http://tonghanja.com/%eb%b3%95-%ea%b2%bd%e6%99%af/,"景 .5급 日: 날(해) 일 京: 서울(누각) 경 해(日)가 누각(京)을 비출 때 보이는 것은? 해 가 누각 을 비출 때 확연히 보이는 것은 ‘ 볕 ’이지요. 볕 경 광경(光景), 경치(景致), 경관(景觀)"
就,나아갈 취,京尤,京(서울 경) 尤(모양),ok,나아갈 취(就),http://tonghanja.com/%eb%82%98%ec%95%84%ea%b0%88-%ec%b7%a8%e5%b0%b1/,"就 .4급 京: 서울 경 尤: 모양 서울(京)로 사람(尢)이 짐( ) 싸들고 가는 것은? 서울 로 사람 이 짐 싸들고 가는 것은 일 따위를 하러 서울로 ‘ 나아감 ’이지요. 나아갈 취 취 임 (就 任 : 맡은 자리에 처음으로 나아감) , 취직(就職), 취업(就業)"
掠,노략질할 략,京手,扌(손 수) 京(서울 경),ok,노략질할 략(掠),http://tonghanja.com/%eb%85%b8%eb%9e%b5%ec%a7%88%ed%95%a0-%eb%9e%b5%e6%8e%a0/,"掠 .3급 扌: 손 수 京: 서울 경 손(扌)으로 서울(京)에서 하는 것은? 손 으로 적국의 서울 에서 하는 것은 ‘ 노략질함 ’이지요. 노략질할 략 노 략 ( 擄 掠 질 : 떼를 지어 다니며 사람을 해치거나 재물을 빼앗음 *擄·1급·노략질할 로 ) , 약탈(掠奪)"
諒,살펴 알 량,京言,言(말씀(말) 언) 京(서울 경),ok,살펴 알 량(諒),http://tonghanja.com/%ec%82%b4%ed%8e%b4-%ec%95%8c-%eb%9f%89%e8%ab%92/,諒 .3급 言: 말씀(말) 언 京: 서울 경 말(言)을 서울(京)에서 할 때 부탁하는 것은? 지방 사람이 말 을 서울 에서 할 때 상대방에게 부탁하는 것은 ‘ 살펴 앎 ’이지요. 살펴 알 량 양 해 (諒 解 : 사정을 살펴 알아 너그럽게 이해함 ) * 중국은 땅덩이가 커서 지방말과 서울말이 무척 다르답니다.
凉,서늘할 량,京冫,冫(얼음 빙) 京(서울(누각) 경),ok,서늘할 량(凉),http://tonghanja.com/%ec%84%9c%eb%8a%98%ed%95%a0-%eb%9f%89%e5%87%89/,"凉 .3급Ⅱ 冫: 얼음 빙 京: 서울(누각) 경 얼음(冫)같이 누각(京) 안이 느껴지는 것은? 사방으로 바람이 잘 통해서, 얼음 같이 누각 안이 느껴지는 것은 ‘ 서늘함 ’이지요. 서늘할 량 청 량 ( 淸 凉: 맑고 서늘함) , 납량(納涼), 황량(荒凉)"
京,서울 경,,,none,서울 경(京),http://tonghanja.com/%ec%84%9c%ec%9a%b8-%ea%b2%bd%e4%ba%ac/,"京 .6급 누각(京)이 많은 곳은? 높은 건물인 누각 이 많은 곳은 ‘ 서울 ’이지요. 서울 경 경 성 (京 城 : 서울) , 동경(東京), 북경(北京)"
尤,더욱 우,丶尢,尢(절름발이 왕) 丶(모양),ok,더욱 우(尤),http://tonghanja.com/%eb%8d%94%ec%9a%b1-%ec%9a%b0%e5%b0%a4/,尤 .3급 尢: 절름발이 왕 丶: 모양 절름발이(尢)가 짐(丶)을 지면? 절름발이 가 짐 을 지면 절름거림이 ‘ 더욱 ’ 심해지지요. 더욱 우 우 심 (尤 甚 : 더욱 심함 )
尢,절름발이 왕,,,none,절름발이 왕(尢),http://tonghanja.com/%ec%a0%88%eb%a6%84%eb%b0%9c%ec%9d%b4-%ec%99%95%e5%b0%a2/,尢 .무급 한쪽 다리를 끄는 사람(尢)은? 한쪽 다리를 끄는 사람 은 ‘ 절름발이 ’이지요. 절름발이 왕
隆,높을 륭,生,生(날 생),ok,높을 륭(隆),http://tonghanja.com/%eb%86%92%ec%9d%84-%eb%a5%ad%e9%9a%86/,"隆 .3급Ⅱ : 降(내릴 강)의 이형 生: 날 생 내리는( ) 데가 생긴(生) 곳은? 내리는 데가 생긴 곳은 다른 데보다 ‘ 높음 ’이지요. 높을 륭 융 기 (隆 起 : 높게 일어남 ) , 융숭(隆崇), 융성(隆盛) * ‘隆’은 원래 ‘降’과 ‘生’으로 구성된 글자였으나, 후에 ‘隆’으로 자형이 간략하게 변했답니다."
降,내릴 강/ 항복할 항,夅阝,阝(언덕 부) 夅(모양),ok,내릴 강/ 항복할 항(降),http://tonghanja.com/%eb%82%b4%eb%a6%b4-%ea%b0%95-%ed%95%ad%eb%b3%b5%ed%95%a0-%ed%95%ad%e9%99%8d/,"降 .4급 阝: 언덕 부 夅: 모양 언덕(阝)에서 아래로 양발(夅)을 내딛는 것은? 언덕 에서 아래로 양발 을 내딛는 것은 언덕에서 ‘ 내림 ’이지요. 내릴 강 하 강 ( 下 降: 아래로 내려 옴 ) , 강등(降等), 강판(降板) 降 .4급 阝: 언덕 부 夅: 모양 언덕(阝)에서 아래로 양발(夅)을 내딛는 것은? 언덕 에서 아래로 양발 을 내딛는 것은 진지에서 내려와 적에게 ‘ 항복함 ’이지요. 항복할 항 항 복 (降 伏 : 싸움에 진 것을 인정하고 적에게 굴복함 ) , 투항(投降)"
茶,차 차,人木艸,艹(풀 초) 人(사람 인) 木(나무 목),ok,차 차(茶),http://tonghanja.com/%ec%b0%a8-%ec%b0%a8%ef%a7%be/,"茶 .3급Ⅱ 艹: 풀 초 人: 사람 인 木: 나무 목 풀(艹)잎을 사람(人)이 따는 나무(木)는? 풀 잎을 사람 이 따는 나무 는 ‘ 차 ’이지요. 차 차 차 (茶: ‘차나무’의 준말/ 차나무의 잎을 달인 물 ) , 녹차(綠茶), 다방(茶房) * ‘茶’는 ‘차 다’라고도 합니다."
乾,마를 건/ 하늘 건,乙,乙(새 을),ok,마를 건/ 하늘 건(乾),http://tonghanja.com/%eb%a7%88%eb%a5%bc-%ea%b1%b4-%ed%95%98%eb%8a%98-%ea%b1%b4%e4%b9%be/,"乾 .3급Ⅱ : 햇살 간 乙: 새 을 햇살( )이 퍼질 때 새(乙)가 날아오르는 곳은? 아침에 햇살 이 퍼질 때 새 가 날아오르는 곳은 ‘ 마른 ’ ‘ 하늘 ’이지요. 마를/하늘 건 건조(乾燥), 건기(乾期), 건곤(乾坤)"
幹,줄기 간,干,干(방패 간),ok,줄기 간(幹),http://tonghanja.com/%ec%a4%84%ea%b8%b0-%ea%b0%84%e5%b9%b9/,"幹 .3급Ⅱ : 햇살 간 干: 방패 간 햇살( )을 방패(干)처럼 막고 있는 것은? 햇살 을 방패 처럼 막고 있는 것은 풀들( )의 ‘ 줄기 ’이지요. 줄기 간 간부(幹部), 기간(基幹), 근간(根幹)"
韓,한국 한,韋,급(해 돋을 간) 韋(偉(클 위)의 생략형),ok,한국 한(韓),http://tonghanja.com/%ed%95%9c%ea%b5%ad-%ed%95%9c%e9%9f%93/,"韓 .8급 : 해 돋을 간 韋: 偉(클 위)의 생략형 해 돋는( ) 큰(韋) 나라는? 해 돋는 큰 나라는 동방의 위대한 나라인 ‘ 한국 ’이지요. 한국 한 한 국 (韓 國 : 대한민국의 준말 ) , 대한민국(大韓民國)"
廟,사당 묘,广朝,广(집 엄) 朝(아침 조),ok,사당 묘(廟),http://tonghanja.com/%ec%82%ac%eb%8b%b9-%eb%ac%98%e5%bb%9f/,"廟 .3급 广: 집 엄 朝: 아침 조 집(广)인데 아침(朝)에 가는 곳은? 집 인데 아침 에 향 피우러 가는 곳은 ‘ 사당 (祠堂)’이지요. 사당 묘 가 묘 ( 家 廟: 한 집안의 사당) , 종묘(宗廟)"
潮,조수 조,朝水,氵(물 수) 朝(아침 조),ok,조수 조(潮),http://tonghanja.com/%ec%a1%b0%ec%88%98-%ec%a1%b0%e6%bd%ae/,"潮 .4급 氵: 물 수 朝: 아침 조 물(氵)인데 아침(朝)에 들어오는 것은? 물 인데 아침 에 들어오는 것은 ‘ 조수 ’이지요. 조수 조 조 수 (潮 水 : 아침에 들어오는 바닷물 ) , 조류(潮流), 만조(滿潮)"
朝,아침 조,月,급(해 돋을 간) 月(달 월),ok,아침 조(朝),http://tonghanja.com/%ec%95%84%ec%b9%a8-%ec%a1%b0%e6%9c%9d/,"朝 .6급 : 해 돋을 간 月: 달 월 해 돋았는데( ) 달(月)이 있는 때는? 해 돋았는데 아직 달 이 있는 때는 ‘ 아침 ’이지요. 아침 조 조 조 ( 早 朝: 이른 아침) , 조반(朝飯), 조회(朝會)"
卓,높을 탁,早,급(匕의 이형) 早(이를 조),ok,높을 탁(卓),http://tonghanja.com/%eb%86%92%ec%9d%84-%ed%83%81%e5%8d%93/,"卓 .5급 : 匕의 이형 早: 이를 조 사람( )이 이른(早) 아침에 앉는 곳은? ‘ 卓 ’은 사람 이 이른 아침에 밥 먹으려고 앉는 곳인 ‘ 탁자 ’를 나타낸 글자였으나, 후에 탁자는 방바닥보다 높다는 데서 ‘ 높음 ’을 뜻하게 되었답니다. 높을 탁 탁 월 (卓 越 : 월등하게 높음) , 탁자(卓子), 식탁(食卓) * 㔬: ‘卓’의 원래 글자"
草,풀 초,早艸,艹(풀 초) 早(이를 조),ok,풀 초(草),http://tonghanja.com/%ed%92%80-%ec%b4%88%e8%8d%89/,"草 .7급 艹: 풀 초 早: 이를 조 풀(艹)인데 이른(早) 아침부터 크는 것은? 풀 인데 이른 아침부터 햇빛을 받고 크는 것은 ‘ 풀 ’이지요. 풀 초 화초(花草), 잡초(雜草), 약초(藥草)"
早,이를 조,十日,日(날(해) 일) 十(모양),ok,이를 조(早),http://tonghanja.com/%ec%9d%b4%eb%a5%bc-%ec%a1%b0%e6%97%a9/,"早 .4급Ⅱ 日: 날(해) 일 十: 모양 해(日)가 풀(十) 위에 떠 있는 것은? 해 가 풀 위에 떠 있는 것은 때가 ‘ 이름 ’이지요. 이를 조 조 조 (早 朝 : 이른 아침 ) , 조기(早期)"
圍,에워쌀 위,囗韋,囗(모양) 韋(어긋날(에울) 위),ok,에워쌀 위(圍),http://tonghanja.com/%ec%97%90%ec%9b%8c%ec%8c%80-%ec%9c%84%e5%9c%8d/,"圍 .4급 囗: 모양 韋: 어긋날(에울) 위 에워(韋) 싸는(囗) 것은? 에워 싸는 것은 ‘ 에워쌈 ’이지요. 에워쌀 위 포 위 ( 包 圍: 에워쌈) , 주위(周圍), 범위(範圍)"
衛,지킬 위,行韋,行(다닐 행) 韋(어긋날(에울) 위),ok,지킬 위(衛),http://tonghanja.com/%ec%a7%80%ed%82%ac-%ec%9c%84%e8%a1%9b/,"衛 .4급Ⅱ 行: 다닐 행 韋: 어긋날(에울) 위 에우고(韋) 다니는(行) 것은? 구역을 에우고 다니는 것은 구역을 ‘ 지킴 ’이지요. 지킬 위 방 위 ( 防 衛: 적을 막으려고 지킴) , 수위(守衛), 호위(護衛)"
違,어긋날 위,辵韋,韋(어긋날 위) 辶(갈 착),ok,어긋날 위(違),http://tonghanja.com/%ec%96%b4%ea%b8%8b%eb%82%a0-%ec%9c%84%e9%81%95/,"違 .3급 韋: 어긋날 위 辶: 갈 착 어긋나게(韋) 가는(辶) 것은? 어긋나게 가는 것은 ‘ 어긋남 ’이지요. 어긋날 위 위 반 (違 反 : 반대로 어긋남 / 법·약속·계약 등에 반대로 어긋남을 이르는 말 ) , 위배(違背), 위법(違法)"
緯,씨 위,糸韋,糸(실 사) 韋(어긋날 위),ok,씨 위(緯),http://tonghanja.com/%ec%94%a8-%ec%9c%84%e7%b7%af/,"緯 .3급 糸: 실 사 韋: 어긋날 위 실(糸)인데 어긋나게(韋) 넣는 것은? 실 인데 날실들 사이로 어긋나게 넣는 것은 ‘ 씨 실’이지요. 씨 위 위 사 (緯 絲 : 씨 실 ) , 위도(緯度), 경위(經緯) * 씨: 씨실/ 피륙을 짤 때 날실들 사이로 어긋나게 넣는 실"
偉,클 위,人韋,亻(사람 인) 韋(어긋날 위),ok,클 위(偉),http://tonghanja.com/%ed%81%b4-%ec%9c%84%e5%81%89/,"偉 .5급Ⅱ 亻: 사람 인 韋: 어긋날 위 사람(亻)이 어긋나(韋) 있는 것은? 사람 이 다른 사람들과 어긋나 있는 것은 키가 ‘ 큼 ’이지요. 클 위 위 대 (偉 大 : 큼) , 위인(偉人), 위업(偉業)"
韋,어긋날 위,,,none,어긋날 위(韋),http://tonghanja.com/%ec%96%b4%ea%b8%8b%eb%82%a0-%ec%9c%84%e9%9f%8b/,"韋 .1급Ⅱ 구역(ㅁ)에서 발들( )이 서로 반대로 가는 것은? 구역 에서 발들 이 서로 반대로 가는 것은 ‘ 어긋남 ’이지요. 어긋날 위 * ‘韋’는 구역(口)을 발로 돌아( ) 에운다는 데서, ‘에울 위’라고도 합니다. * ‘韋’는 자형이 짐승의 가죽(革)과 비슷하다는 데서, ‘가죽 위’라고도 합니다."
慰,위로할 위,尉心,尉(벼슬 위) 心(마음 심),ok,위로할 위(慰),http://tonghanja.com/%ec%9c%84%eb%a1%9c%ed%95%a0-%ec%9c%84%e6%85%b0/,"慰 .4급 尉: 벼슬 위 心: 마음 심 벼슬(尉)하는 이가 마음(心)을 달래주는 것은? 벼슬 하는 이가 병사들의 마음 을 달래주는 것은 ‘ 위로함 ’이지요. 위로할 위 위 로 (慰 勞 : 따뜻한 말이나 행동으로 괴로움을 덜어 줌 ) , 위안(慰安), 위문(慰問)"
尉,벼슬 위,寸尸示,尸(주검(몸) 시) 示(보일(제단) 시) 寸(마디(손) 촌),ok,벼슬 위(尉),http://tonghanja.com/%eb%b2%bc%ec%8a%ac-%ec%9c%84%e5%b0%89/,"尉 .2급 尸: 주검(몸) 시 示: 보일(제단) 시 寸: 마디(손) 촌 몸(尸)을 제단(示)에 손(寸)으로 올리는 이가 하는 것은? 제물의 몸 을 제단 에 손 으로 올리는 이인 장수(將帥)가 하는 것은 ‘ 벼슬 ’이지요. 벼슬 위 소위(少尉), 중위(中尉), 대위(大尉)"
奮,떨칠 분,大田隹,大(큰 대) 隹(새 추) 田(밭 전),ok,떨칠 분(奮),http://tonghanja.com/%eb%96%a8%ec%b9%a0-%eb%b6%84%e5%a5%ae/,"奮 .3급Ⅱ 大: 큰 대 隹: 새 추 田: 밭 전 큰(大) 새(隹)가 밭(田)에서 하는 것은? 큰 새 가 밭 에서 하는 것은 쥐나 참새 따위의 작은 짐승들에게 위세를 ‘ 떨침 ’이지요. 떨칠 분 분 발 (奮 發 : 떨쳐 일어남 ) , 분투(奮鬪), 흥분(興奮)"
奪,빼앗을 탈,大寸隹,大(큰 대) 隹(새 추) 寸(마디(손) 촌),ok,빼앗을 탈(奪),http://tonghanja.com/%eb%b9%bc%ec%95%97%ec%9d%84-%ed%83%88%e5%a5%aa/,"奪 .3급Ⅱ 大: 큰 대 隹: 새 추 寸: 마디(손) 촌 큰(大) 새(隹)가 손(寸) 같은 발로 하는 것은? 큰 새 가 손 같은 발로 하는 것은 남의 것을 ‘ 빼앗음 ’이지요. 빼앗을 탈 탈 취 (奪 取 : 빼앗아 가짐 ) , 강탈(強奪), 쟁탈(爭奪)"
濯,씻을 탁,水翟,氵(물 수) 翟(꿩 적),ok,씻을 탁(濯),http://tonghanja.com/%ec%94%bb%ec%9d%84-%ed%83%81%e6%bf%af/,濯 .3급 氵: 물 수 翟: 꿩 적 물(氵)에서 꿩(翟)이 하는 것은? 물 에서 꿩 이 하는 것은 아름다운 깃을 ‘ 씻음 ’이지요. 씻을 탁 세 탁 ( 洗 濯: 씻음)
躍,뛸 약,翟,급(발 족) 翟(꿩 적),ok,뛸 약(躍),http://tonghanja.com/%eb%9b%b8-%ec%95%bd%e8%ba%8d/,"躍 .3급 : 발 족 翟: 꿩 적 발( )로 꿩(翟)이 하는 것은? 발 로 꿩 이 하는 것은 폴짝폴짝 ‘ 뜀 ’이지요. 뛸 약 도 약 ( 跳 躍: 뜀) , 약진(躍進), 약동(躍動)"
曜,빛날 요,日翟,日(날(해) 일) 翟(꿩 적),ok,빛날 요(曜),http://tonghanja.com/%eb%b9%9b%eb%82%a0-%ec%9a%94%e6%9b%9c/,"曜 .5급 日: 날(해) 일 翟: 꿩 적 해(日)가 꿩(翟)을 비추면? 해 가 꿩 을 비추면 꿩의 깃이 아름답게 ‘ 빛남 ’이지요. 빛날 요 * 요일(曜日): 월·화·수·목·금·토·일에 붙어서, 1주일의 각 날을 나타내는 말"
翟,꿩 적,羽隹,羽(깃 우) 隹(새 추),ok,꿩 적(翟),http://tonghanja.com/%ea%bf%a9-%ec%a0%81%e7%bf%9f/,翟 .특급Ⅱ 羽: 깃 우 隹: 새 추 깃(羽)이 아름다운 새(隹)는? 깃 이 아름다운 새 는 ‘ 꿩 ’이지요. 꿩 적
濟,건널 제,水齊,氵(물 수) 齊(가지런할(약초) 제),ok,건널 제(濟),http://tonghanja.com/%ea%b1%b4%eb%84%90-%ec%a0%9c%e6%bf%9f/,"濟 .4급Ⅱ 氵: 물 수 齊: 가지런할(약초) 제 물(氵)에서 가지런한(齊) 징검다리를 밟는 것은? 물 에서 보행자가 가지런한 징검다리를 밟는 것은 물을 ‘ 건넘 ’이지요. 건널 제 제주도(濟州道), 구제(救濟), 경제(經濟)"
齊,가지런할 제,,,none,가지런할 제(齊),http://tonghanja.com/%ea%b0%80%ec%a7%80%eb%9f%b0%ed%95%a0-%ec%a0%9c%e9%bd%8a/,"齊 .3급Ⅱ 약초( )를 싸놓은( ) 모양은? 약초 를 싸놓은 모양은 ‘ 가지런함 ’이지요. 가지런할 제 정 제 ( 整 齊: 가지런함) , 제창(齊唱)"
脫,벗을 탈,兌月,月(고기(몸) 육) 兌(바꿀 태),ok,벗을 탈(脫),http://tonghanja.com/%eb%b2%97%ec%9d%84-%ed%83%88%e8%84%ab/,"脫 .4급 月: 고기(몸) 육 兌: 바꿀 태 몸(月)의 모습을 바꾸는(兌) 것은? 몸 의 모습을 바꾸는 것은 옷을 ‘ 벗음 ’이지요. 벗을 탈 탈 의 (脫 衣 : 옷을 벗음) , 탈피(脫皮), 탈출(脫出)"
稅,세금 세,兌禾,禾(벼(곡물) 화) 兌(바꿀 태),ok,세금 세(稅),http://tonghanja.com/%ec%84%b8%ea%b8%88-%ec%84%b8%e7%a8%85/,"稅 .4급Ⅱ 禾: 벼(곡물) 화 兌: 바꿀 태 곡물(禾)로 바꾸어(兌) 내는 것은? 소득의 일부를 곡물 로 바꾸어 정부에 내는 것은 ‘ 세금 ’이지요. 세금 세 세 금 (稅 金 : 정부가 국민으로부터 강제로 거두어들이는 금전 ) , 조세(租稅), 납세(納稅) * 옛날에는 세금을 쌀 따위의 곡물로 냈답니다."
銳,날카로울 예,兌金,金(쇠 금) 兌(바꿀 태),ok,날카로울 예(銳),http://tonghanja.com/%eb%82%a0%ec%b9%b4%eb%a1%9c%ec%9a%b8-%ec%98%88%e9%8a%b3/,"銳 .3급 金: 쇠 금 兌: 바꿀 태 쇠(金)를 갈아서 바꾸는(兌) 것은? 쇠 를 갈아서 바꾸는 것은 쇠의 ‘ 날카로움 ’이지요. 날카로울 예 예 리 (銳 利 : 날카로움) , 예민(銳敏), 첨예(尖銳)"
閱,볼 열,兌門,門(문 문) 兌(바꿀 태),ok,볼 열(閱),http://tonghanja.com/%eb%b3%bc-%ec%97%b4%e9%96%b1/,"閱 .3급 門: 문 문 兌: 바꿀 태 문(門)에서 바꾸면서(兌) 하는 것은? 문 에서 검사 대상을 바꾸면서 하는 것은 ‘ 봄 ’이지요. 볼 열 검 열 ( 檢 閱: 검사하려고 봄) , 사열(査閱), 열람(閱覽)"
說,말씀 설,兌言,言(말씀(말) 언) 兌(바꿀(기쁠) 태),ok,말씀 설(說),http://tonghanja.com/%eb%a7%90%ec%94%80-%ec%84%a4%e8%aa%aa/,"說 .5급Ⅱ 言: 말씀(말) 언 兌: 바꿀(기쁠) 태 말(言)인데 기쁘게(兌) 하는 것은? 말 인데 팔자주름을 입 위에 사람이 만들며 기쁘게 하 는 것은 ‘ 말씀 (말) ’이지요. 말씀 설 설 (說: 말 / 이야기 ) , 설명(說明), 연설(演說)"
悅,기쁠 열,兌心,忄(마음 심) 兌(바꿀(기쁠) 태),ok,기쁠 열(悅),http://tonghanja.com/%ea%b8%b0%ec%81%a0-%ec%97%b4%e6%82%85/,"悅 .3급Ⅱ 忄: 마음 심 兌: 바꿀(기쁠) 태 마음(忄)인데 기쁜(兌) 것은? 마음 인데 팔자주름을 입 위에 사람이 만들 만큼 기쁜 것 은 ‘ 기쁨 ’이지요. 기쁠 열 희 열 ( 喜 悅: 기쁨) , 열락(悅樂)"
兌,바꿀 태,儿八,八(여덟 팔  ㅁ: 입 구) 儿(사람 인),ok,바꿀 태(兌),http://tonghanja.com/%eb%b0%94%ea%bf%80-%ed%83%9c%e5%85%8c/,"兌 .1급Ⅱ 八: 여덟 팔 ㅁ: 입 구 儿: 사람 인 팔자주름(八)을 입(ㅁ) 위에 사람(儿)이 만드는 것은? 팔자주름 을 입 위에 사람 이 만드는 것은 표정을 ‘ 바꿈 ’이지요. 바꿀 태 * ‘兌’는 팔자주름을 입 위에 사람이 만드는 것은 기쁜 것이라 하여, ‘기쁠 태’라고도 합니다."
汽,물 끓는 김 기,气水,氵(물 수) 气(기운 기),ok,물 끓는 김 기(汽),http://tonghanja.com/%eb%ac%bc-%eb%81%93%eb%8a%94-%ea%b9%80-%ea%b8%b0%e6%b1%bd/,"汽 .5급 氵: 물 수 气: 기운 기 물(氵) 끓는 기운(气)은? 물 끓는 기운 은 ‘ 물 끓는 김 ’이지요. 물 끓는 김 기 기차(汽車), 기적(汽笛)"
氣,기운 기,气米,气(기운 기) 米(쌀 미),ok,기운 기(氣),http://tonghanja.com/%ea%b8%b0%ec%9a%b4-%ea%b8%b0%e6%b0%a3/,"氣 .7급Ⅱ 气: 기운 기 米: 쌀 미 기운(气)인데 쌀(米)밥을 지을 때 나는 것은? 기운 인데 쌀 밥을 지을 때 나는 것은 ‘ 기운 ’이지요. 기운 기 기 체 (氣 體 : 기운 으로 된 물질 ) , 증기(蒸氣), 연기(煙氣)"
气,기운 기,,,none,기운 기(气),http://tonghanja.com/%ea%b8%b0%ec%9a%b4-%ea%b8%b0%e6%b0%94/,气 .무급 피어오르는 김(气)은? 위로 피어오르는 김 은 증기나 연기 따위의 ‘ 기운 ’이지요. 기운 기
惱,번뇌할 뇌,心,忄(마음) 심(골 뇌),ok,번뇌할 뇌(惱),http://tonghanja.com/%eb%b2%88%eb%87%8c%ed%95%a0-%eb%87%8c%e6%83%b1/,"惱 .3급 忄: 마음 심 : 골 뇌 마음(忄)인데 골( )을 아프게 만드는 것은? 마음 인데 골 을 아프게 만드는 것은 ‘ 번뇌함 ’이지요. ☞ : 腦(골 뇌)의 원래 글자 번뇌할 뇌 번 뇌 ( 煩 惱: 망념에 빠져 괴로워함 ) , 고뇌(苦惱)"
腦,골 뇌,亠凶巛月,月(고기(몸) 육) 巛(모양) 亠(머리 두) 凶(흉할 흉),ok,골 뇌(腦),http://tonghanja.com/%ea%b3%a8-%eb%87%8c%e8%85%a6/,"腦 .3급Ⅱ 月: 고기(몸) 육 巛: 모양 亠: 머리 두 凶: 흉할 흉 몸(月)에서 머리털(巛) 난 머리(亠) 안의 흉한(凶) 부위는? 몸 에서, 머리털 난 머리 안의 흉한 부위는 ‘ 골 ’이지요. 골 뇌 뇌 (腦: 골) , 두뇌(頭腦), 대뇌(大腦)"
胸,가슴 흉,凶勹月,月(고기(몸) 육) 勹(쌀 포) 凶(흉할 흉),ok,가슴 흉(胸),http://tonghanja.com/%ea%b0%80%ec%8a%b4-%ed%9d%89%e8%83%b8/,"胸 .3급Ⅱ 月: 고기(몸) 육 勹: 쌀 포 凶: 흉할 흉 몸(月)에서 흉한(凶) 장기들이 싸여(勹) 있는 부위는? 몸 에서, 심장이나 간이나 폐 따위의 흉한 장기들이 갈비뼈에 싸여 있는 부위는 ‘ 가슴 ’이지요. 가슴 흉 흉 부 (胸 部 : 가슴 부위 )"
凶,흉할 흉,凵,凵(모양),ok,흉할 흉(凶),http://tonghanja.com/%ed%9d%89%ed%95%a0-%ed%9d%89%e5%87%b6/,"凶 .5급Ⅱ : 벨 예 凵: 모양 베여서( ) 패인(凵) 곳은? 베여서 살이 패인 곳은 ‘ 흉함 ’이지요. 흉할 흉 흉 함 (凶 함 : 생김새가 보기에 나쁨 ) , 흉측(凶測), 흉악(凶惡)"
凝,엉길 응,冫疑,冫(얼음 빙) 疑(의심할 의),ok,엉길 응(凝),http://tonghanja.com/%ec%97%89%ea%b8%b8-%ec%9d%91%e5%87%9d/,"凝 .3급 冫: 얼음 빙 疑: 의심할 의 얼음(冫) 위에서 의심하는(疑) 것은? 얼음 위에서 의심하는 것은 얼음의 ‘ 엉김 ’ 정도이지요. 엉길 응 응 결 (凝 結 : 엉기어 맺어짐 ) , 응고(凝固), 응집(凝集) * 엉기다: 액체 따위가 한데 뭉치어 굳어지다"
疑,의심할 의,匕疋矢,匕(숟가락(비수) 비) 矢(화살) 시(모양) 疋(발 소),ok,의심할 의(疑),http://tonghanja.com/%ec%9d%98%ec%8b%ac%ed%95%a0-%ec%9d%98%e7%96%91/,"疑 .4급 匕: 숟가락(비수) 비 矢: 화살 시 : 모양 疋: 발 소 비수(匕)나 화살(矢)이나 갈고리( ) 창을 보고 발(疋)을 멈추는 것은? 상대의 비수 나 화살 이나 갈고리 창을 보고 내 발 을 멈추는 것은 혹 나를 해치지 않을까 ‘ 의심함 ’이지요. 의심할 의 의 심 (疑 心 : 믿지 못해 이상히 여기는 마음이나 생각 ) , 의혹(疑惑), 의구(疑懼)"
霧,안개 무,務雨,雨(비 우) 務(힘쓸 무),ok,안개 무(霧),http://tonghanja.com/%ec%95%88%ea%b0%9c-%eb%ac%b4%e9%9c%a7/,"霧 .3급 雨: 비 우 務: 힘쓸 무 비(雨) 맞으며 힘쓰면(務) 생기는 것은? 비 맞으며 힘쓰면 생기는 것은 몸에서 피어나는 ‘ 안개 ’이지요. 안개 무 백 무 ( 白 霧: 흰 안개) , 오리무중(五里霧中) * 오리무중(五里霧中): 오 리나 되는 안개 속에 있다는 뜻으로, 무슨 일에 대해 방향을 잡을 수 없음을 이르는 말"
務,힘쓸 무,力攵矛,矛(창 모) 攵(칠 복) 力(힘 력),ok,힘쓸 무(務),http://tonghanja.com/%ed%9e%98%ec%93%b8-%eb%ac%b4%e5%8b%99/,"務 .4급Ⅱ 矛: 창 모 攵: 칠 복 力: 힘 력 창(矛)으로 치면(攵) 힘(力)으로 하는 것은? 창 으로 일꾼을 치면 일꾼이 힘 으로 하는 것은 ‘ 힘씀 ’이지요. 힘쓸 무 노 무 ( 勞 務: 육체적으로 힘쓰는 일 ) , 업무(業務), 직무(職務) * ‘務’는 무엇에 힘쓰는 것인 ‘일’을 뜻하기도 합니다."
柔,부드러울 유,木矛,矛(창 모) 木(나무 목),ok,부드러울 유(柔),http://tonghanja.com/%eb%b6%80%eb%93%9c%eb%9f%ac%ec%9a%b8-%ec%9c%a0%e6%9f%94/,"柔 .3급Ⅱ 矛: 창 모 木: 나무 목 창(矛)으로 쓰는 나무(木)는? 창 으로 쓰는 나무 는 재질이 ‘ 부드러움 ’이지요. 부드러울 유 유 연 (柔 軟 : 부드럽고 연함 ) , 유순(柔順)"
矛,창 모,,,none,창 모(矛),http://tonghanja.com/%ec%b0%bd-%eb%aa%a8%e7%9f%9b/,"矛 .2급 갈고리( )가 달린 창( )은? 갈고리 모양의 칼날이 달린 창 은 ‘ 창 ’이지요. 창 모 * 모(矛): 갈고리 모양의 칼날이 달린 창으로, 주로 병거(兵車)에 세우고 다녔음"
缺,이지러질 결,夬缶,缶(장군 부) 夬(터놓을 쾌),ok,이지러질 결(缺),http://tonghanja.com/%ec%9d%b4%ec%a7%80%eb%9f%ac%ec%a7%88-%ea%b2%b0%e7%bc%ba/,"缺 .4급Ⅱ 缶: 장군 부 夬: 터놓을 쾌 장군(缶)이 터놓아(夬)지는 것은? 밀폐 용기인 장군 이 내용물의 압력으로 인해 ‘ 터놓아 지는’ 즉 ‘터지는’ 것은 ‘ 이지러짐 ’이지요. 이지러질 결 결 함 (缺 陷 : 이지러지거나 빠짐 또는 그런 부분 ) , 결손(缺損), 결점(缺點) * 이지러지다: 어느 한 곳이 떨어져 나가다"
決,결단할 결,夬水,氵(물 수) 夬(터놓을 쾌),ok,결단할 결(決),http://tonghanja.com/%ea%b2%b0%eb%8b%a8%ed%95%a0-%ea%b2%b0%e6%b1%ba/,"決 .5급Ⅱ 氵: 물 수 夬: 터놓을 쾌 물(氵)을 터놓는(夬) 것은? 비가 많이 올 때 둑을 끊어 강물을 마을로 약간 터놓을지 아니면 더 두고 볼지를 고민하다가, 이러다 둑 무너지면 홍수 나겠다 싶어서, 물 을 터놓는 것은 ‘ 결단함 ’이지요. 결단할 결 결 단 (決 斷 : 결정적인 판단을 하거나 단정을 내림 ) , 결정(決定), 결심(決心)"
訣,이별할 결,夬言,言(말씀(말) 언) 夬(터놓을 쾌),ok,이별할 결(訣),http://tonghanja.com/%ec%9d%b4%eb%b3%84%ed%95%a0-%ea%b2%b0%e8%a8%a3/,"訣 .3급Ⅱ 言: 말씀(말) 언 夬: 터놓을 쾌 말(言)을 터놓고(夬) 하는 것은? 앞으로 볼 일이 없어서, 말 을 툭 터놓고 하는 것은 ‘ 이별함 (離別함)’이지요. 이별할 결 결 별 (訣 別 : 기약 없이 이별함) , 영결(永訣)"
快,쾌할 쾌,夬心,忄(마음 심) 夬(터놓을 쾌),ok,쾌할 쾌(快),http://tonghanja.com/%ec%be%8c%ed%95%a0-%ec%be%8c%e5%bf%ab/,"快 .4급Ⅱ 忄: 마음 심 夬: 터놓을 쾌 마음(忄)을 터놓으면(夬)? 꽉 막혀 답답했던 마음 을 터놓으면 ‘ 쾌함 ’이지요. 쾌할 쾌 쾌 함 (快 함 : 마음이 즐겁고 산뜻함 ) , 유쾌(愉快 *愉·1급·즐거울 유), 상쾌(爽快 *爽·1급·시원할 상)"
夬,터놓을 쾌,央,央(가운데) 앙(모양),ok,터놓을 쾌(夬),http://tonghanja.com/%ed%84%b0%eb%86%93%ec%9d%84-%ec%be%8c%e5%a4%ac/,夬 .특급 央: 가운데 앙 : 모양 가운데(央)에서 한쪽( )을 트는 것은? 가운데 앙에서 한쪽 을 트는 것은 ‘ 터놓음 ’이지요. 터놓을 쾌
英,꽃부리 영,央艸,艹(풀 초) 央(가운데 앙),ok,꽃부리 영(英),http://tonghanja.com/%ea%bd%83%eb%b6%80%eb%a6%ac-%ec%98%81%e8%8b%b1/,"英 .6급 艹: 풀 초 央: 가운데 앙 풀(艹)의 가운데(央)에서 피는 것은? 풀 의 가운데 에서 피는 것은 ‘ 꽃부리 ’이지요. 꽃부리 영 영웅(英雄) , 영재(英材), 영국(英國) * 꽃부리: 한 송이 꽃의 꽃잎 전체를 이르는 말"
映,비출 영,央日,日(날(해) 일) 央(가운데 앙),ok,비출 영(映),http://tonghanja.com/%eb%b9%84%ec%b6%9c-%ec%98%81%e6%98%a0/,"映 .4급 日: 날(해) 일 央: 가운데 앙 해(日)가 가운데(央)에서 하는 것은? 해 가 가운데 에서 하는 것은 빛을 ‘ 비춤 ’이지요. 비출 영 조 영 ( 照 映: 밝게 비춤) , 영상(映像), 영화(映畫) * ‘映’은 ‘비칠 영’이라고도 합니다."
殃,재앙 앙,央歹,歹(부서진 뼈(죽을) 알) 央(가운데 앙),ok,재앙 앙(殃),http://tonghanja.com/%ec%9e%ac%ec%95%99-%ec%95%99%e6%ae%83/,殃 .3급 歹: 부서진 뼈(죽을) 알 央: 가운데 앙 죽는(歹) 사람이 가운데(央)에서 생기는 것은? 죽는 사람이 가운데 지역에서 생기는 것은 지진이나 홍수나 태풍 따위의 ‘ 재앙 ’이지요. 재앙 앙 재 앙 ( 災 殃: 천재지변 따위로 인한 불행한 사고 )
央,가운데 앙,大,大(큰(사람) 대),ok,가운데 앙(央),http://tonghanja.com/%ea%b0%80%ec%9a%b4%eb%8d%b0-%ec%95%99%e5%a4%ae/,央 .3급Ⅱ : 모양 大: 큰(사람) 대 칼( )에서 사람(大)이 목을 넣는 곳은? 칼 에서 사람 이 목을 넣는 곳은 칼의 ‘ 가운데 ’이지요. 가운데 앙 중 앙 ( 中 央: 가운데) * 칼: 죄인의 목에 씌우는 형벌 도구
棄,버릴 기,,급(태아) 돌(키) 필(모양),image,버릴 기(棄),http://tonghanja.com/%eb%b2%84%eb%a6%b4-%ea%b8%b0%e6%a3%84/,"棄 .3급 : 태아 돌 : 키 필 : 모양 태아( )를 키( )에 담아 양손( )으로 던지는 것은? 죽은 태아 를 키 에 담아 양손 으로 던지는 것은 ‘ 버림 ’이지요. 버릴 기 폐 기 ( 廢 棄: 못 쓰게 된 것을 버림) , 유기(遺棄), 투기(投棄)"
畢,마칠 필,田,田(밭) 전(키 필),ok,마칠 필(畢),http://tonghanja.com/%eb%a7%88%ec%b9%a0-%ed%95%84%e7%95%a2/,"畢 .3급Ⅱ 田: 밭 전 : 키 필 밭(田)에서 키( )질하는 것은? 밭 에서, 수확한 곡식을 키 질하는 것은 한 해의 농사일을 ‘ 마침 ’이지요. 마칠 필 필 함 (畢 함 : 일정한 의무나 과정을 마침) , 필경(畢竟), 미필(未畢)"
僚,동료 료,人尞,亻(사람 인) 尞(횃불 료),ok,동료 료(僚),http://tonghanja.com/%eb%8f%99%eb%a3%8c-%eb%a3%8c%e5%83%9a/,"僚 .3급 亻: 사람 인 尞: 횃불 료 사람(亻)인데 횃불(尞) 들고 같이 다니는 이는? 사람 인데 횃 불 들고 같이 다니는 이는 ‘ 동료 ’이지요. 동료 료 동 료 ( 同 僚: 같이 일하는 사람 ) , 관료(官僚)"
尞,횃불 료,大,大(큰) 대(모) 양(모양),ok,횃불 료(尞),http://tonghanja.com/%ed%9a%83%eb%b6%88-%eb%a3%8c%e5%b0%9e/,尞 .무급 大: 큰 대 : 모양 : 모양 큰(大) 빛( )을 내는 횃불( )은? 큰 빛 을 내는 횃불 은 ‘ 횃불 ’이지요. 횃불 료
臟,오장 장,月藏,月(고기(몸) 육) 藏(감출 장),ok,오장 장(臟),http://tonghanja.com/%ec%98%a4%ec%9e%a5-%ec%9e%a5%e8%87%9f/,"臟 .3급Ⅱ 月: 고기(몸) 육 藏: 감출 장 몸(月)속에 감추어진(藏) 것은? 몸 속에 감추어진 것은 ‘ 오장 ’이지요. 오장 장 오 장 ( 五 臟: 심장·간장·비장·폐장·신장을 통틀어 이르는 말 ) , 내장(內藏), 장기(臟器)"
藏,감출 장,臧艸,艹(풀 초) 臧(안 보일 장),ok,감출 장(藏),http://tonghanja.com/%ea%b0%90%ec%b6%9c-%ec%9e%a5%e8%97%8f/,"藏 .3급Ⅱ 艹: 풀 초 臧: 안 보일 장 풀(艹)로 덮어 안 보이게(臧) 하는 것은? 풀 로 무엇을 덮어 안 보이게 하는 것은 ‘ 감춤 ’이지요. 감출 장 비 장 ( 祕 藏: 남이 모르게 감추어 둠 ) , 저장(貯藏), 소장(所藏)"
臧,안 보일 장,戈爿臣,爿(나뭇조각 장) 戈(창 과) 臣(신하(눈) 신),ok,안 보일 장(臧),http://tonghanja.com/%ec%95%88-%eb%b3%b4%ec%9d%bc-%ec%9e%a5%e8%87%a7/,"臧 .특급Ⅱ 爿: 나뭇조각 장 戈: 창 과 臣: 신하(눈) 신 나뭇조각(爿) 같은 창(戈)으로 눈(臣)을 찌르면? 나뭇조각 같은 창 으로 눈 을 찌르면 눈이 ‘ 안 보임 ’이지요. 안 보일 장 * ‘臧’은 나뭇조각 같은 창으로 노예의 눈을 찌르면 노예가 착하게 군다 하여, ‘착할 장’이라고도 합니다."
鹽,소금 염,鹵,鹵(소금밭 로),ok,소금 염(鹽),http://tonghanja.com/%ec%86%8c%ea%b8%88-%ec%97%bc%e9%b9%bd/,"鹽 .3급Ⅱ : 監(볼 감)의 이형 鹵: 소금밭 로 소금밭(鹵)에서 볼( ) 수 있는 것은? 소금밭 에서 물(一)이 사라지면 볼 수 있는 것은 ‘ 소금 ’이지요. 소금 염 염 분 (鹽 分 : 소금 기 ) , 죽염(竹鹽), 천일염(天日鹽)"
鹵,소금밭 로,,,none,소금밭 로(鹵),http://tonghanja.com/%ec%86%8c%ea%b8%88%eb%b0%ad-%eb%a1%9c%e9%b9%b5/,鹵 .특급Ⅱ 위( )에 알갱이( )가 맺히는 밭(⊠)은? ‘ 위 에’ 즉 ‘표면에’ 소금 알갱이 가 맺히는 밭 은 ‘ 소금밭 ’이지요. ☞ : 上(위 상)의 이형 소금밭 로
覽,볼 람,監見,監(볼 감) 見(볼 견),ok,볼 람(覽),http://tonghanja.com/%eb%b3%bc-%eb%9e%8c%e8%a6%bd/,"覽 .4급 監: 볼 감 見: 볼 견 여기도 보고(監) 저기도 보고(見) 하는 것은? 여기도 보고 저기도 보고 하는 것은 ‘ 봄 ’이지요. 볼 람 관 람 ( 觀 覽: 경치나 예술품 따위를 봄) , 열람(閱覽), 박람(博覽)"
濫,넘칠 람,水監,氵(물 수) 監(볼 감),ok,넘칠 람(濫),http://tonghanja.com/%eb%84%98%ec%b9%a0-%eb%9e%8c%e6%bf%ab/,"濫 .3급 氵: 물 수 監: 볼 감 물(氵) 받을 때 보는(監) 것은? 물 받을 때 보는 것은 물의 ‘ 넘침 ’이지요. 넘칠 람 범 람 ( 氾 濫: 넘침 *氾·1급·넘칠 범 ) , 남용(濫用), 남발(濫發) * 물을 그릇 따위에 받을 때에는 물이 넘치는지 안 넘치는지를 잘 봐야 하지요."
鑑,거울 감,監金,金(쇠(금속) 금) 監(볼 감),ok,거울 감(鑑),http://tonghanja.com/%ea%b1%b0%ec%9a%b8-%ea%b0%90%e9%91%91/,"鑑 .3급Ⅱ 金: 쇠(금속) 금 監: 볼 감 금속(金)인데 볼(監) 때 쓰는 것은? 금속 인데 자기의 모습을 비추어 볼 때 쓰는 것은 ‘ 거울 ’이지요. 거울 감 보 감 ( 寶 鑑: 보배로운 거울) , 감정(鑑定), 감식(鑑識) * ‘鑑’은 거울로 하는 것인 ‘살펴봄’을 뜻하기도 합니다."
監,볼 감,皿臣,臣(신하(눈 아래로 내릴)) 신(사람 인  -: 모양) 皿(그릇 명),ok,볼 감(監),http://tonghanja.com/%eb%b3%bc-%ea%b0%90%e7%9b%a3/,"監 .4급Ⅱ 臣: 신하(눈 아래로 내릴) 신 : 사람 인 -: 모양 皿: 그릇 명 눈을 아래로 내린(臣) 사람( )이 물(-) 담긴 그릇(皿)으로 하는 것은? 눈을 아래로 내린 사람 이 물 담긴 그릇 으로 하는 것은 자기의 모습을 비추어 ‘ 봄 ’이지요. 볼 감 감 시 (監 視 : 주의 깊게 봄) , 감찰(監察), 감독(監督)"
臨,임할 림,品臣,臣(신하(눈 아래로 내릴)) 신(사람 인) 品(물건 품),ok,임할 림(臨),http://tonghanja.com/%ec%9e%84%ed%95%a0-%eb%a6%bc%e8%87%a8/,"臨 .3급Ⅱ 臣: 신하(눈 아래로 내릴) 신 : 사람 인 品: 물건 품 눈을 아래로 내린(臣) 사람( )이 물건(品)을 대하는 것은? 눈을 아래로 내린 사람 이 물건 을 위에서 아래로 대하는 것은 ‘ 임함 ’이지요. 임할 림 임 함 (臨 함 : 어떤 것을 직접 대함 ) , 임박(臨迫), 군림(君臨) * 임하다: 1. 어떤 것을 직접 대하다 2. 위에서 아래로 대하다 3. 가까이 접하다"
臥,누울 와,人臣,臣(신하(눈 아래로 내릴) 신) 人(사람 인),ok,누울 와(臥),http://tonghanja.com/%eb%88%84%ec%9a%b8-%ec%99%80%e8%87%a5/,"臥 .3급 臣: 신하(눈 아래로 내릴) 신 人: 사람 인 눈을 아래로 내린(臣) 사람(人)의 자세는? ‘ 눈을 아래로 내린 ’ 즉 ‘눈을 감고 자는’ 사람 의 자세는 ‘ 누움 ’이지요. 누울 와 와 위 (臥 位 : 누운 자세 ) , 와병(臥病)"
緊,굳게 얽을 긴,糸,糸(실(줄) 사),ok,굳게 얽을 긴(緊),http://tonghanja.com/%ea%b5%b3%ea%b2%8c-%ec%96%bd%ec%9d%84-%ea%b8%b4%e7%b7%8a/,"緊 .3급Ⅱ : 굳을 간 糸: 실(줄) 사 굳게( ) 줄(糸)을 당겨서 하는 것은? ‘ 굳게 ’ 즉 ‘팽팽하게’ 줄 을 당겨서 하는 것은 줄을 ‘ 굳게 얽음 ’이지요. 굳게 얽을 긴 긴 축 (緊 縮 : 굳게 얽어 길이를 바짝 줄임 ) , 긴장(緊張), 긴밀(緊密)"
賢,어질 현,貝,貝(조개(재물) 패),ok,어질 현(賢),http://tonghanja.com/%ec%96%b4%ec%a7%88-%ed%98%84%e8%b3%a2/,"賢 .4급Ⅱ : 굳을 간 貝: 조개(재물) 패 굳게( ) 재물(貝)을 지키는 것은? ‘ 굳게 ’ 즉 ‘견고하게’ 자기의 재물 을 지키는 것은 ‘ 어짊 ’이지요. 어질 현 현 명 (賢 明 : 어질고 사리에 밝음 ) , 현자(賢者), 현인(賢人)"
堅,굳을 견,土,급(굳을 간) 土(흙(땅) 토),ok,굳을 견(堅),http://tonghanja.com/%ea%b5%b3%ec%9d%84-%ea%b2%ac%e5%a0%85/,"堅 .4급 : 굳을 간 土: 흙(땅) 토 굳은( ) 흙(土)이 한 것은? 굳은 흙 이 한 것은 ‘ 굳음 ’이지요. 굳을 견 견 고 (堅 固 : 굳음) , 견실(堅實), 강견(剛堅)"
臣,신하 신,,,none,신하 신(臣),http://tonghanja.com/%ec%8b%a0%ed%95%98-%ec%8b%a0%e8%87%a3/,"臣 .5급Ⅱ 눈을 아래로 내리는(臣) 이는? 왕 앞에서 눈을 아래로 ‘ 내리는 ’ 즉 ‘까는’ 이는 ‘ 신하 ’이지요. 신하 신 신 하 (臣 下 : 왕을 섬기는 벼슬아치 ) , 충신(忠臣), 공신(功臣) * ‘臣’은 다른 글자에서 ‘눈’이나 ‘눈을 아래로 내림’을 뜻하기도 합니다."
驅,몰 구,區馬,馬(말 마) 區(구분할 구),ok,몰 구(驅),http://tonghanja.com/%eb%aa%b0-%ea%b5%ac%e9%a9%85/,"驅 .3급 馬: 말 마 區: 구분할 구 말(馬)을 구분한(區) 지역으로 가게 하는 것은? 말 을 어떤 ‘ 구분한 지역’, 즉 어떤 ‘구역(區域)’으로 가게 하는 것은 ‘ 몲 ’이지요. 몰 구 구 사 (驅 使 : 몰아서 부림 ) , 구동(驅動), 구박(驅迫)"
區,구분할 구,匚品,匚(모양) 品(물건 품),ok,구분할 구(區),http://tonghanja.com/%ea%b5%ac%eb%b6%84%ed%95%a0-%ea%b5%ac%e5%8d%80/,"區 .6급 匚: 모양 品: 물건 품 굴방(匚)에 물건(品)들을 넣을 때 하는 것은? 굴방 에 물건 들을 넣을 때 하는 것은 물건들을 종류별로 ‘ 구분함 ’이지요. 구분할 구 구 분 (區 分 : 따로따로 갈라 나눔 ) , 구별(區別), 구획(區劃)"
品,물건 품,,,none,물건 품(品),http://tonghanja.com/%eb%ac%bc%ea%b1%b4-%ed%92%88%e5%93%81/,"品 .5급Ⅱ 쌓아놓은 물건들(品)은? 쌓아놓은 물건들 은 ‘ 물건 (物件)’이지요. 물건 품 물 품 ( 物 品: 값어치가 있는 물건) , 상품(商品), 제품(製品)"
除,덜 제,余阝,阝(언덕 부) 余(나(여유로울) 여),ok,덜 제(除),http://tonghanja.com/%eb%8d%9c-%ec%a0%9c%e9%99%a4/,"除 .4급Ⅱ 阝: 언덕 부 余: 나(여유로울) 여 언덕(阝)을 여유롭게(余) 오르기 위해 하는 것은? 언덕 을 여유롭게 오르기 위해 하는 것은 불필요한 짐을 밖으로 ‘ 덞 ’이지요. 덜 제 제 외 (除 外 : 밖으로 덞) , 제거(除去), 배제(排除)"
斜,비스듬할 사,余斗,余(나(여유로울) 여) 斗(말 두),ok,비스듬할 사(斜),http://tonghanja.com/%eb%b9%84%ec%8a%a4%eb%93%ac%ed%95%a0-%ec%82%ac%e6%96%9c/,"斜 .3급Ⅱ 余: 나(여유로울) 여 斗: 말 두 여유롭게(余) 말(斗)로 푼 모양은? ‘ 여유롭게 ’ 즉 ‘수북하게’ 곡물을 말 로 푼 모양은 ‘ 비스듬함 ’이지요. 비스듬할 사 경 사 ( 傾 斜: 비스듬하게 기욺 ) , 사선(斜線), 사탑(斜塔)"
敍,펼 서,余又,余(나(여유로울)) 여(모양) 又(또(손) 우),ok,펼 서(敍),http://tonghanja.com/%ed%8e%bc-%ec%84%9c%e6%95%8d/,"敍 .3급 余: 나(여유로울) 여 : 모양 又: 또(손) 우 여유롭게(余) 붓( )을 손(又)으로 잡고 하는 것은? 여유롭게 생각을 해가면서 붓 을 손 으로 잡고 하는 것은 ‘ 폄 ’이지요. 펼 서 서 술 (敍 述 : 글이나 말을 폄) , 서사(敍事) * 펴다: 1. 젖히어 벌리다 2. 생각·감정·의견 따위를 얽매임 없이 표현하다 * ‘敍’는 ‘서술할 서’라고도 합니다."
徐,천천히 서,余彳,彳(조금 걸을(걸을) 척) 余(나(여유로울) 여),ok,천천히 서(徐),http://tonghanja.com/%ec%b2%9c%ec%b2%9c%ed%9e%88-%ec%84%9c%e5%be%90/,徐 .3급Ⅱ 彳: 조금 걸을(걸을) 척 余: 나(여유로울) 여 걸어서(彳) 여유롭게(余) 가는 것은? 걸어서 여유롭게 가는 것은 ‘ 천천히 ’ 가는 것이지요. 천천히 서 서 행 (徐 行 : 천천히 감 ) * ‘余(나 여)’는 ‘餘(남을/여유로울 여)’의 약자(略字)로도 쓰입니다.
餘,남을 여,余食,食(밥 식) 余(나(집) 여),ok,남을 여(餘),http://tonghanja.com/%eb%82%a8%ec%9d%84-%ec%97%ac%e9%a4%98/,"餘 .4급Ⅱ 食: 밥 식 余: 나(집) 여 밥(食)이 집(余)에 있는 것은? 밥 이 집 에 있는 것은 밥이 ‘ 남음 ’이지요. 남을 여 여 유 (餘 裕 : 넉넉하여 남음) , 여분(餘分), 잔여(殘餘) * ‘餘’는 ‘여유로움’을 뜻하기도 합니다. * 옛날에는 밥을 보관할 전기밥솥이나 냉장고가 없어서 밥을 남게 짓지 않았답니다."
塗,칠할 도,余土水,氵(물 수) 余(나(집) 여) 土(흙 토),ok,칠할 도(塗),http://tonghanja.com/%ec%b9%a0%ed%95%a0-%eb%8f%84%e5%a1%97/,"塗 .3급 氵: 물 수 余: 나(집) 여 土: 흙 토 물(氵)을 타서 집(余)에 흙(土)을 바르는 것은? 물 을 타서 집 에 흙 을 바르는 것은 흙을 ‘ 칠함 (漆함)’이지요. 칠할 도 도 장 (塗 裝 : 칠하여 꾸밈 ) , 도포(塗布), 도료(塗料)"
途,길 도,余辵,余(나(집) 여) 辶(갈 착),ok,길 도(途),http://tonghanja.com/%ea%b8%b8-%eb%8f%84%e9%80%94/,"途 .3급Ⅱ 余: 나(집) 여 辶: 갈 착 집(余)으로 갈(辶) 때 지나는 공간은? 집 으로 갈 때 지나는 공간은 ‘ 길 ’이지요. 길 도 도 중 (途 中 : 길 의 중간 ) , 중도(中途), 용도(用途)"
余,나 여,,,none,나 여(余),http://tonghanja.com/%eb%82%98-%ec%97%ac%e4%bd%99/,余 .3급 지붕( )과 들보( )와 기둥( )과 받침대( )로 된 집에서 지내는 이는? 지붕 과 들보 와 기둥 과 받침대 로 된 집에서 지내는 이는 ‘ 나 ’이지요. 나 여
蒸,찔 증,,,none,찔 증(蒸),http://tonghanja.com/%ec%b0%94-%ec%a6%9d%e8%92%b8/,"蒸 .3급Ⅱ 풀(艹)이 담긴 판( )을 물(水) 그릇(一) 위에 놓고 불(灬)을 지피는 것은? 풀 이 담긴 판 을 물 그릇 위에 놓고 불 을 지피는 것은 풀을 ‘ 찜 ’이지요. 찔 증 증 초 (蒸 草 : 풀을 찜) , 증기(蒸氣), 증발(蒸發)"
舞,춤 출 무,舛,급(無(없을 무)의 이형) 舛(어긋날(양발) 천),ok,춤 출 무(舞),http://tonghanja.com/%ec%b6%a4-%ec%b6%9c-%eb%ac%b4%e8%88%9e/,"舞 .4급 : 無(없을 무)의 이형 舛: 어긋날(양발) 천 없는( ) 것처럼 양발(舛)이 어긋나는 것은? 없는 것처럼 양발 이 빠르게 어긋나는 것은 ‘ 춤 을 춤 ’이지요. 춤 출 무 무 용 (舞 踊 : 뛰어서 춤 을 춤 *踊·1급·뛸 용 ) , 독무(獨舞), 군무(群舞)"
無,없을 무,,,none,없을 무(無),http://tonghanja.com/%ec%97%86%ec%9d%84-%eb%ac%b4%e7%84%a1/,"無 .5급 사람( )을 장작( ) 위에 놓고 불(灬)을 지르면? 사람 을 장작 위에 놓고 불 을 지르면 몸에 고기가 ‘ 없음 ’이지요. 없을 무 무 (無: 없음) , 무형(無形), 무소유(無所有)"
傑,뛰어날 걸,人桀,亻(사람 인) 桀(홰 걸),ok,뛰어날 걸(傑),http://tonghanja.com/%eb%9b%b0%ec%96%b4%eb%82%a0-%ea%b1%b8%e5%82%91/,"傑 .4급 亻: 사람 인 桀: 홰 걸 사람(亻)이 홰(桀)처럼 높은 자리에 올라선 것은? 사람 이 홰 처럼 높은 자리에 올라선 것은 남보다 ‘ 뛰어남 ’이지요. 뛰어날 걸 걸 출 (傑 出 : 뛰어남) , 준걸(俊傑), 호걸(豪傑)"
桀,홰 걸,木舛,舛(어긋날(양발) 천) 木(나무 목),ok,홰 걸(桀),http://tonghanja.com/%ed%99%b0-%ea%b1%b8%e6%a1%80/,桀 .1급Ⅱ 舛: 어긋날(양발) 천 木: 나무 목 양발(舛)로 올라서는 나무(木)는? 새가 양발 로 올라서는 나무 는 ‘ 홰 ’이지요. 홰 걸 * 홰: 새장에서 새가 올라서는 나무
憐,불쌍히 여길 련,心粦,忄(마음 심) 粦(반짝일 린),ok,불쌍히 여길 련(憐),http://tonghanja.com/%eb%b6%88%ec%8c%8d%ed%9e%88-%ec%97%ac%ea%b8%b8-%eb%a0%a8%e6%86%90/,"憐 .3급 忄: 마음 심 粦: 반짝일 린 마음(忄)인데 반짝이는(粦) 것은? 마음 인데 아름답게 반짝이는 것은 가엽고 딱한 이를 업신여기지 않고 ‘ 불쌍히 여김 ’이지요. 불쌍히 여길 련 연 민 (憐 憫 : 불쌍히 여김) , 동병상련(同病相憐) * 동병상련(同病相憐): 같은 병을 지닌 사람끼리 서로 불쌍히 여긴다는 뜻으로, 어려운 처지에 있는 사람끼리 서로 동정하고 도움을 이르는 말"
隣,이웃 린,粦阝,阝(언덕 부) 粦(반짝일 린),ok,이웃 린(隣),http://tonghanja.com/%ec%9d%b4%ec%9b%83-%eb%a6%b0%e9%9a%a3/,"隣 .3급 阝: 언덕 부 粦: 반짝일 린 언덕(阝)에서 반짝이는(粦) 곳은? ‘ 언덕 ’ 즉 ‘고을’에서 반짝이는 불빛을 내는 곳은 서로 가까이 붙어 사는 ‘ 이웃 ’들이지요. 이웃 린 인 가 (隣 家 : 이웃 집 ) , 인근(隣近), 인접(隣接)"
粦,반짝일 린,米舛,米(모양) 舛(어긋날 천),ok,반짝일 린(粦),http://tonghanja.com/%eb%b0%98%ec%a7%9d%ec%9d%bc-%eb%a6%b0%e7%b2%a6/,"粦 .무급 米: 모양 舛: 어긋날 천 빛(米)이 서로 어긋나는(舛) 것은? 빛 이 서로 어긋나는 것은 빛이 ‘ 반짝임 ’이지요. ☞ 舛: 양발( )이 서로 어긋나 있으니, 어긋날 천 반짝일 린"
年,해 년,,,none,해 년(年),http://tonghanja.com/%ed%95%b4-%eb%85%84%e5%b9%b4/,"年 .8급 사람( )이 발자취(㐄)를 남기는 단위는? 사람 이 지나온 발자취 를 남기는 단위는 ‘ 해 ’이지요. 해 년 년 (年: 해) , 연도(年度), 작년(昨年) * 2001년 부산에서 출생, 2005년 서울로 이사, 2006년 종로의 어린이집 입소 , 2008년 동대문의 초등학교 입학, 2012년 미국으로 이민."
準,준할 준,水隼,氵(물 수) 隼(새매 준),ok,준할 준(準),http://tonghanja.com/%ec%a4%80%ed%95%a0-%ec%a4%80%e6%ba%96/,"準 .4급Ⅱ 氵: 물 수 隼: 새매 준 물(氵) 위를 새매(隼)가 나는 것은? 물 위를 새매 가 나는 것은 물의 표면을 새매가 ‘ 준함 ’이지요. 준할 준 준 함 (準 함 : 어떤 기준을 그대로 따름 ) , 기준(基準), 표준(標準)"
隼,새매 준,隹,隹(새) 추(모양),ok,새매 준(隼),http://tonghanja.com/%ec%83%88%eb%a7%a4-%ec%a4%80%e9%9a%bc/,隼 .특급 隹: 새 추 : 모양 새(隹)인데 큰 발( )이 달린 것은? 새 인데 큰 발 이 달린 것은 ‘ 새매 ’이지요. 새매 준 * 새매: 수릿과의 일종인 맹금
護,보호할 호,言,言(말씀(말)) 언(잡을 확),ok,보호할 호(護),http://tonghanja.com/%eb%b3%b4%ed%98%b8%ed%95%a0-%ed%98%b8%e8%ad%b7/,"護 .4급Ⅱ 言: 말씀(말) 언 : 잡을 확 말(言)인데 잡힐( ) 때 하는 것은? 말 인데 적에게 잡힐 때 하는 것은 ‘보호해주세요( 보호함 ) ’이지요. 보호할 호 보 호 ( 保 護: 안전하게 지킴 ) , 수호(守護), 호신(護身)"
獲,얻을 획,犬,犭(개) 견(잡을 확),ok,얻을 획(獲),http://tonghanja.com/%ec%96%bb%ec%9d%84-%ed%9a%8d%e7%8d%b2/,"獲 .3급Ⅱ 犭: 개 견 : 잡을 확 개(犭)가 잡는( ) 것은? 개 가 풀 속에서 새를 손 같은 앞발로 잡는 것은 새를 ‘ 얻음 ’이지요. 얻을 획 획 득 (獲 得 : 얻음) , 포획(捕獲), 남획(濫獲)"
穫,거둘 확,禾,禾(벼) 화(잡을 확),ok,거둘 확(穫),http://tonghanja.com/%ea%b1%b0%eb%91%98-%ed%99%95%e7%a9%ab/,穫 .3급 禾: 벼 화 : 잡을 확 벼(禾)를 잡고( ) 하는 것은? 벼 를 잡고 하는 것은 벼를 ‘ 거둠 ’이지요. 거둘 확 수 확 ( 收 穫: 거둠) * ‘穫’은 ‘벼 벨 확’이라고도 합니다.
況,상황 황,兄水,氵(물 수) 兄(형 형),ok,상황 황(況),http://tonghanja.com/%ec%83%81%ed%99%a9-%ed%99%a9%e6%b3%81/,"況 .4급 氵: 물 수 兄: 형 형 물(氵)에 관하여 형(兄)이 말하는 것은? 하천이 넘치거나 말랐을 때 물 에 관하여 형 이 대표로 신에게 말하는 것은 ‘ 상황 ’이지요. 상황 황 상 황 ( 狀 況: 일정한 때에 어떤 일이 진행되는 모양 ) , 현황(現況), 정황(情況)"
祝,빌 축,兄示,示(보일(제단) 시) 兄(형 형),ok,빌 축(祝),http://tonghanja.com/%eb%b9%8c-%ec%b6%95%e7%a5%9d/,"祝 .5급 示: 보일(제단) 시 兄: 형 형 제단(示)에서 형(兄)이 하는 것은? 제단 에서 형 이 대표로 하는 것은 신에게 원하는 것을 ‘ 빎 ’이지요. 빌 축 축 원 (祝 願 : 원하는 것을 빎) , 축복(祝福), 축하(祝賀)"
兄,형 형,儿,儿(사람 인),ok,형 형(兄),http://tonghanja.com/%ed%98%95-%ed%98%95%e5%85%84/,"兄 .8급 ㅁ: 입 구 儿: 사람 인 입(ㅁ)을 여는 사람(儿)은? 무슨 일이 있을 때 대표로 입 을 여는 사람 은 ‘ 형 ’이지요. 형 형 형 (兄: 같은 항렬의 남자들 중 나이가 많은 사람 ) , 친형(親兄), 매형(妹兄)"
恐,두려울 공,凡工心,工(모양) 凡(무릇(공기) 범) 心(마음 심),ok,두려울 공(恐),http://tonghanja.com/%eb%91%90%eb%a0%a4%ec%9a%b8-%ea%b3%b5%e6%81%90/,"恐 .3급Ⅱ 工: 모양 凡: 무릇(공기) 범 心: 마음 심 마디(工)의 공기(凡)가 폭발할 때 드는 마음(心)은? 대나무 마디 의 공기 가 “뻥~” 하고 폭발(爆發)할 때 드는 마음 은 ‘ 두려움 ’이지요. 두려울 공 공 포 (恐 怖 : 두려움 *怖·2급·두려울 포 ) , 공룡(恐龍)"
築,쌓을 축,凡工木竹,竹(대 죽) 工(모양) 凡(: 무릇(공기) 범) 木(나무 목),ok,쌓을 축(築),http://tonghanja.com/%ec%8c%93%ec%9d%84-%ec%b6%95%e7%af%89/,"築 .4급Ⅱ 竹: 대 죽 工: 모양 凡: : 무릇(공기) 범 木: 나무 목 대(竹)나무(木)의 공기(凡) 든 마디(工)들이 하는 것은? 대나무 의 공기 든 마디 들이 하는 것은 차곡차곡 ‘ 쌓음 ’이지요. 쌓을 축 축 조 (築 造 : 쌓아서 지음 ) , 건축(建築), 구축(構築)"
楓,단풍 풍,木風,木(나무 목) 風(바람 풍),ok,단풍 풍(楓),http://tonghanja.com/%eb%8b%a8%ed%92%8d-%ed%92%8d%e6%a5%93/,楓 .3급Ⅱ 木: 나무 목 風: 바람 풍 나무(木)가 바람(風)에 마르는 것은? 나무 가 바람 에 마르는 현상 은 ‘ 단풍 ’이지요. 단풍 풍 단 풍 ( 丹 楓: 가을에 나무의 잎이 마르는 현상 )
風,바람 풍,凡虫,凡(무릇(공기) 범) 虫(벌레 충),ok,바람 풍(風),http://tonghanja.com/%eb%b0%94%eb%9e%8c-%ed%92%8d%e9%a2%a8/,"風 .6급Ⅱ 凡: 무릇(공기) 범 虫: 벌레 충 공기(凡)를 움직이는 벌레(虫)가 만드는 것은? 공기 를 움직이는 벌레 인 봉새가 만드는 것은 ‘ 바람 ’이지요. 바람 풍 강 풍 ( 強 風: 강한 바람) , 미풍(微風), 돌풍(突風)"
鳳,봉새 봉,凡鳥,凡(무릇(공기) 범) 鳥(새 조),ok,봉새 봉(鳳),http://tonghanja.com/%eb%b4%89%ec%83%88-%eb%b4%89%e9%b3%b3/,"鳳 .3급Ⅱ 凡: 무릇(공기) 범 鳥: 새 조 공기(凡)를 움직이는 새(鳥)는? 날갯짓으로 공기 를 움직이는 새 는 ‘ 봉새 ’이지요. 봉새 봉 봉 새 (鳳 새: 봉황/ 날갯짓으로 바람을 일으킨다는 새 ) , 봉황(鳳凰)"
凡,무릇 범,,,none,무릇 범(凡),http://tonghanja.com/%eb%ac%b4%eb%a6%87-%eb%b2%94%e5%87%a1/,"凡 .3급Ⅱ 자루(几)에 싸인 공기(丶)는? ‘ 凡 ’은 자루 에 싸인 공기 는 ‘ 평범함 ’을 나타낸 글자였으나, 후에 ‘평범함’은 무릇 그러한 것이라는 데서, ‘ 무릇 ’을 뜻하게 되었답니다. 무릇 범 평 범 ( 平 凡: 특별하지 않고 보통임 ) , 범상(凡常), 범인(凡人) * 무릇: 대체(大體)로 헤아려 생각하건대"
娛,즐길 오,吳女,女(여자 녀) 吳(큰소리칠 오),ok,즐길 오(娛),http://tonghanja.com/%ec%a6%90%ea%b8%b8-%ec%98%a4%e5%a8%9b/,娛 .3급 女: 여자 녀 吳: 큰소리칠 오 여자(女)가 큰소리치는(吳) 것은? 여자 가 다른 사람과 큰소리치는 것은 대화를 ‘ 즐김 ’이지요. 즐길 오 오 락 (娛 樂 : 즐김 / 쉬는 시간에 기분을 즐겁게 하는 일 )
誤,그릇될 오,吳言,言(말씀(말) 언) 吳(큰소리칠 오),ok,그릇될 오(誤),http://tonghanja.com/%ea%b7%b8%eb%a6%87%eb%90%a0-%ec%98%a4%e8%aa%a4/,"誤 .4급Ⅱ 言: 말씀(말) 언 吳: 큰소리칠 오 말(言)로 큰소리치는(吳) 것은? 말 로 상대에게 “그게 아니야!” 하고 큰소리치는 것은 ‘ 그릇됨 ’이지요. 그릇될 오 오 해 (誤 解 : 그릇되게 이해함 ) , 오인(誤認), 착오(錯誤)"
吳,큰소리칠 오,大,구(모양) 大(큰(사람) 대),ok,큰소리칠 오(吳),http://tonghanja.com/%ed%81%b0%ec%86%8c%eb%a6%ac%ec%b9%a0-%ec%98%a4%e5%90%b3/,吳 .1급Ⅱ ㅁ: 입 구 : 모양 大: 큰(사람) 대 입(ㅁ)을 열고 목( )을 젖힌 사람(大)이 하는 것은? 입 을 열고 목 을 뒤로 젖힌 사람 이 하는 것은 ‘ 큰소리침 ’이지요. 큰소리칠 오
蝶,나비 접,枼虫,虫(벌레 충) 枼(잎 엽),ok,나비 접(蝶),http://tonghanja.com/%eb%82%98%eb%b9%84-%ec%a0%91%e8%9d%b6/,"蝶 .3급 虫: 벌레 충 枼: 잎 엽 벌레(虫)인데 잎(枼)처럼 생긴 것은? 벌레 인데 나뭇 잎 처럼 생긴 것은 ‘ 나비 ’이지요. 나비 접 호 접 ( 胡 蝶: 나비) , 호접몽(胡蝶夢) * 호접몽(胡蝶夢): 나비에 관한 꿈이라는 뜻으로, 인생의 덧없음을 이르는 말/ 장자가 꿈에서 나비가 되어 날아다니다가 잠에서 깨서는, 장자가 꿈에서 나비가 된 것인지 나비가 꿈에서 장자가 된 것인지를 모르겠다는 데서 유래함"
葉,잎 엽,枼艸,艹(풀 초) 枼(잎 엽),ok,잎 엽(葉),http://tonghanja.com/%ec%9e%8e-%ec%97%bd%e8%91%89/,"葉 .5급 艹: 풀 초 枼: 잎 엽 풀(艹)로 된 잎(枼)은? 풀 로 된 잎 은 ‘ 잎 ’이지요. 잎 엽 활 엽 ( 闊 葉: 넓은 잎 *闊·1급·넓을 활 ) , 침엽(針葉), 낙엽(落葉)"
枼,잎 엽,世木,世(모양) 木(나무 목),ok,잎 엽(枼),http://tonghanja.com/%ec%9e%8e-%ec%97%bd%e6%9e%bc/,枼 .무급 世: 모양 木: 나무 목 잎(世)인데 나무(木)에 매달린 것은? 잎 인데 나무 에 매달린 것은 ‘ 잎 ’이지요. 잎 엽
世,인간 세/ 대 세,十,十(열) 십(모양),ok,인간 세/ 대 세(世),http://tonghanja.com/%ec%9d%b8%ea%b0%84-%ec%84%b8-%eb%8c%80-%ec%84%b8%e4%b8%96/,"世 .7급Ⅱ : 스물 입 十: 열 십 : 모양 이십( ) 년과 십( ) 년을 이은( ) 것은 ? 이십 년과 십 년을 이은 것인 삽십 년은 ‘ 인간 (人間)’의 한 ‘ 대 (代)’이지요. 인간/대 세 세 대 (世 代 : 인간 의 한 대 / 약 30년 ) , 세계(世界), 세상(世上)"
渡,건널 도,度水,氵(물 수) 度(법도(정도) 도),ok,건널 도(渡),http://tonghanja.com/%ea%b1%b4%eb%84%90-%eb%8f%84%e6%b8%a1/,"渡 .3급Ⅱ 氵: 물 수 度: 법도(정도) 도 물(氵)의 정도(度)를 헤아린 다음에 하는 것은? 물 의 차 있는 정도 를 헤아린 다음에 하는 것은 물을 ‘ 건넘 ’이지요. 건널 도 도 하 (渡 河 : 물을 건넘) , 도강(渡江)"
度,법도 도,又,급(여러 서) 又(또(손) 우),ok,법도 도(度),http://tonghanja.com/%eb%b2%95%eb%8f%84-%eb%8f%84%e5%ba%a6/,"度 .6급 : 여러 서 又: 또(손) 우 여러( ) 번 손(又)으로 재서 헤아리는 것은? ‘ 度 ’는 여러 번 손 으로 재서 헤아리는 것인 ‘ 정도 ’를 나타낸 글자였으나, 후에 무엇을 해도 되는 ‘정도’를 정해놓은 것인 ‘ 법도 ’를 뜻하게 되었답니다. 법도 도 법 도 ( 法 度: 법률과 제도를 아울러 이르는 말 ) , 정도(程度), 한도(限度)"
席,자리 석,巾,급(여러 서) 巾(수건(천) 건),ok,자리 석(席),http://tonghanja.com/%ec%9e%90%eb%a6%ac-%ec%84%9d%e5%b8%ad/,"席 .6급 : 여러 서 巾: 수건(천) 건 여럿( )이 앉는 천(巾)은? 여럿 이 함께 앉는 천 은 ‘ 자리 ’이지요. 자리 석 좌 석 ( 座 席: 앉는 자리) , 방석(方席), 객석(客席) * ‘席’은 여럿이 함께 앉는 천인 ‘돗자리(席子)’를 나타낸 글자입니다."
庶,여러 서,火,급(여러 서) 灬(불 화),ok,여러 서(庶),http://tonghanja.com/%ec%97%ac%eb%9f%ac-%ec%84%9c%e5%ba%b6/,庶 .3급 : 여러 서 灬: 불 화 여럿( )인데 함께 불(灬)을 쬐는 이들은? 여럿 인데 한집에서 함께 불 을 쬐는 이들은 ‘여럿( 여러 )’이지요. 여러 서 서 민 (庶 民 : 여러 백성/ 아무 벼슬이 없는 평민을 이르는 말 ) * 양반은 죽어도 곁불은 쬐지 않는다 하지요.
第,차례 제,竹,竹(대) 죽(弟의 이형),ok,차례 제(第),http://tonghanja.com/%ec%b0%a8%eb%a1%80-%ec%a0%9c%e7%ac%ac/,"第 .6급Ⅱ 竹: 대 죽 : 弟의 이형 대(竹)의 마디처럼 창( )에 가죽끈(弓)을 감으면 생기는 것은? 대 의 마디 모양처럼 창 에 가죽끈 을 감으면 생기는 것은 마디들의 ‘ 차례 (次例) ’ 이지요. 차례 제 제일(第一), 제이(第二), 제삼(第三)"
弟,아우 제,,,none,아우 제(弟),http://tonghanja.com/%ec%95%84%ec%9a%b0-%ec%a0%9c%e5%bc%9f/,"弟 .8급 창( )에 가죽끈(弓)을 감으면 생기는 것은? ‘ 弟 ’는 창 에 가죽끈 을 감으면 생기는 것인 ‘ 차례 ’를 나타낸 글자였으나, 후에 차례대로 태어나는 이인 ‘ 아우 ’를 뜻하게 되었답니다. 아우 제 제 씨 (弟 氏 : 남의 아우 를 이르는 말 ) , 형제(兄弟), 처제(妻弟)"
賦,부세 부,武貝,貝(조개(돈) 패) 武(굳셀 무),ok,부세 부(賦),http://tonghanja.com/%eb%b6%80%ec%84%b8-%eb%b6%80%e8%b3%a6/,"賦 .3급Ⅱ 貝: 조개(돈) 패 武: 굳셀 무 돈(貝)을 굳센(武) 사람이 달라고 하는 것은? 돈 을 ‘ 굳센 사람’이, 즉 ‘무사’가 달라고 하는 것은 ‘ 부세 ’이지요. 부세 부 부 세 (賦 稅 : 세금을 매겨서 부과하는 일 ) , 부과(賦課), 할부(割賦)"
武,굳셀 무,止,止(그칠(발) 지),ok,굳셀 무(武),http://tonghanja.com/%ea%b5%b3%ec%85%80-%eb%ac%b4%e6%ad%a6/,"武 .4급Ⅱ : 戈(창 과)의 이형 止: 그칠(발) 지 창( )을 들고 발(止)로 걸어다니는 이는? 창 을 들고 발 로 걸어다니는 이는 ‘ 굳셈 ’이지요. 굳셀 무 무 사 (武 士 : 굳센 사람 ) , 무기(武器) , 무술(武術)"
賊,도둑 적,戎貝,貝(조개(돈) 패) 戎(병장기 융),ok,도둑 적(賊),http://tonghanja.com/%eb%8f%84%eb%91%91-%ec%a0%81%e8%b3%8a/,"賊 .4급 貝: 조개(돈) 패 戎: 병장기 융 돈(貝) 달라고 병장기(戎)를 들이대는 이는? 돈 달라고 병장기 를 들이대는 이는 ‘ 도둑 ’이지요. 도둑 적 도 적 ( 盜 賊: 도둑) , 산적(山賊), 해적(海賊)"
戎,병장기 융,戈,戈(창) 과(모양),ok,병장기 융(戎),http://tonghanja.com/%eb%b3%91%ec%9e%a5%ea%b8%b0-%ec%9c%b5%e6%88%8e/,戎 .1급 戈: 창 과 : 모양 창(戈)과 칼( )은? 창 과 칼 은 대표적인 ‘ 병장기 ’이지요. 병장기 융 * 병장기(兵仗器): 병사가 무기로 쓰는 기구
捨,버릴 사,手舍,扌(손 수) 舍(집 사),ok,버릴 사(捨),http://tonghanja.com/%eb%b2%84%eb%a6%b4-%ec%82%ac%e6%8d%a8/,"捨 .3급 扌: 손 수 舍: 집 사 손(扌)으로 집(舍)에서 무엇을 내놓는 것은? 손 으로 집 에서 무엇을 내놓는 것은 ‘ 버림 ’이지요. 버릴 사 취사선택(取捨選擇), 사사오입(四捨五入)"
舍,집 사,,,none,집 사(舍),http://tonghanja.com/%ec%a7%91-%ec%82%ac%e8%88%8d/,"舍 .4급Ⅱ 지붕( )과 들보( )와 기둥( )과 방(ㅁ)으로 된 것은? 지붕 과 들보 와 기둥 과 방 으로 된 것은 ‘ 집 ’이지요. 집 사 청사(廳舍), 관사(官舍), 기숙사(寄宿舍)"
押,누를 압,手甲,扌(손 수) 甲(갑옷(첫째) 갑),ok,누를 압(押),http://tonghanja.com/%eb%88%84%eb%a5%bc-%ec%95%95%e6%8a%bc/,"押 .3급 扌: 손 수 甲: 갑옷(첫째) 갑 손(扌)으로 첫째(甲)가 하는 것은? 손 으로, 첫째 인 갑이 을병정 따위에게 하는 것은 내리‘ 누름 ’이지요. 누를 압 압수(押收), 압류(押留), 압송(押送)"
甲,갑옷 갑,,,none,갑옷 갑(甲),http://tonghanja.com/%ea%b0%91%ec%98%b7-%ea%b0%91%e7%94%b2/,"甲 .4급 거북의 껍데기(甲)는 ? 거북의 껍데기 는 일종의 ‘ 갑옷 ’이지요. 갑옷 갑 갑 옷 (甲 옷 : 몸을 보호하려고 입는 옷 ) , 갑골(甲骨), 철갑(鐵甲) * ‘甲’은 천간(天干: 갑을병정무기경신임계)에서 첫째로 쓰여, ‘첫째 갑’이라고도 합니다."
徑,지름길 경,巠彳,彳(조금 걸을(걸을) 척) 巠(베틀 경),ok,지름길 경(徑),http://tonghanja.com/%ec%a7%80%eb%a6%84%ea%b8%b8-%ea%b2%bd%e5%be%91/,"徑 .3급Ⅱ 彳: 조금 걸을(걸을) 척 巠: 베틀 경 걷듯이(彳) 움직여 베틀(巠)에 형성하는 것은? 걷듯이 발로 베틀신을 움직여 베틀 에 형성하는 것은 날실들 사이로 씨실이 빠르게 통과하는 길인 ‘ 지름길 ’이지요. 지름길 경 첩 경 ( 捷 徑: 지름길 *捷·1급·빠를 첩 ) , 직경(直徑), 반경(半徑) * 베틀신: 발로 신고 다리를 굽혔다 뻗었다 하여 베틀을 작동시키는 외짝 신"
輕,가벼울 경,巠車,車(수레 차) 巠(베틀 경),ok,가벼울 경(輕),http://tonghanja.com/%ea%b0%80%eb%b2%bc%ec%9a%b8-%ea%b2%bd%e8%bc%95/,"輕 .5급 車: 수레 차 巠: 베틀 경 수레(車)와 베틀(巠)을 이용하면? 수레 와 베틀 을 이용하면 부담을 덜어 일이 ‘ 가벼움 ’이지요. 가벼울 경 경 감 (輕 減 : 부담을 덜어 가벼움) , 경쾌(輕快), 경량(輕量)"
經,날 경,巠糸,糸(실 사) 巠(베틀 경),ok,날 경(經),http://tonghanja.com/%eb%82%a0-%ea%b2%bd%e7%b6%93/,"經 .4급Ⅱ 糸: 실 사 巠: 베틀 경 실(糸)인데 베틀(巠)에 걸려 있는 것은? 실 인데 베틀 에 걸려 있는 것은 ‘ 날 ’이지요. 날 경 경 사 (經 絲 : 날 실 ) , 경과(經過), 경로(徑路) * 날: 날실(피륙을 짤 때 세로로 놓는 실) * ‘經’은 날실 사이로 씨실이 하는 것인 지남을 뜻하여, ‘지날 경’이라고도 합니다."
巠,베틀 경,,,none,베틀 경(巠),http://tonghanja.com/%eb%b2%a0%ed%8b%80-%ea%b2%bd%e5%b7%a0/,巠 .무급 틀( )과 날실( )과 베( )는? ‘ 巠 ’은 틀 과 날실 과 베 로 된 ‘ 베틀 ’을 나타낸 글자입니다. 베틀 경
騰,오를 등,月馬,月(고기(몸)) 육(말 권) 馬(말 마),ok,오를 등(騰),http://tonghanja.com/%ec%98%a4%eb%a5%bc-%eb%93%b1%e9%a8%b0/,"騰 .3급 月: 고기(몸) 육 : 말 권 馬: 말 마 몸(月)을 말아서( ) 말(馬) 위에 타는 것은? 몸 을 둥글게 말아서 말 위에 타는 것은 ‘ 오름 ’이지요. 오를 등 급등(急騰), 폭등(暴騰), 반등(反騰)"
勝,이길 승,力月,月(고기(몸)) 육(말 권) 力(힘 력),ok,이길 승(勝),http://tonghanja.com/%ec%9d%b4%ea%b8%b8-%ec%8a%b9%e5%8b%9d/,"勝 .6급 月: 고기(몸) 육 : 말 권 力: 힘 력 몸(月)을 말아서( ) 힘(力)껏 때리면? 몸 을 둥글게 말아서 힘 껏 때리면 싸움에서 ‘ 이김 ’이지요. 이길 승 승 리 (勝 利 : 겨루어서 이김) , 승전(勝戰), 필승(必勝)"
拳,주먹 권,手,手(손 수),ok,주먹 권(拳),http://tonghanja.com/%ec%a3%bc%eb%a8%b9-%ea%b6%8c%e6%8b%b3/,"拳 .3급Ⅱ : 말 권 手: 손 수 만( ) 손(手)은? 둥글게 만 손 은 ‘ 주먹 ’이지요. 주먹 권 공 권 ( 空 拳: 맨 주먹) , 권투(拳鬪), 권법(拳法)"
券,문서 권,刀,급(말 권) 刀(칼 도),ok,문서 권(券),http://tonghanja.com/%eb%ac%b8%ec%84%9c-%ea%b6%8c%e5%88%b8/,"券 .4급 : 말 권 刀: 칼 도 마는( ) 건데 칼(刀)로 나누어 가지는 것은? 마는 건데 계약을 맺은 사람들이 칼 로 나누어 가지는 것은 ‘ 문서 (文書)’이지요. 문서 권 증 권 ( 證 券: 계약의 증거가 되는 문서) , 채권(債券), 복권(福券)"
卷,책 권,㔾,급(말 권) 㔾(모양),ok,책 권(卷),http://tonghanja.com/%ec%b1%85-%ea%b6%8c%e5%8d%b7/,"卷 .4급 : 말 권 㔾: 모양 마는( ) 두루마리(㔾)는? 마는 두루마리 는 죽간 따위의 ‘ 책 (冊)’이지요. 책 권 권 (卷: 책 / 책을 세는 단위 ) , 상권(上卷), 하권(下卷)"
懼,두려워할 구,心瞿,忄(마음 심) 瞿(놀랄 구),ok,두려워할 구(懼),http://tonghanja.com/%eb%91%90%eb%a0%a4%ec%9b%8c%ed%95%a0-%ea%b5%ac%e6%87%bc/,"懼 .3급 忄: 마음 심 瞿: 놀랄 구 마음(忄)인데 놀랄(瞿) 때 생기는 것은? 마음 인데 놀랄 때 생기는 것은 ‘ 두려워함 ’이지요. 두려워할 구 송 구 ( 悚 懼: 두려워함 *悚·1급·두려워할 송 ) , 의구심(疑懼心)"
瞿,놀랄 구,目隹,目(눈 목) 目(눈 목) 隹(새 추),ok,놀랄 구(瞿),http://tonghanja.com/%eb%86%80%eb%9e%84-%ea%b5%ac%e7%9e%bf/,瞿 .특급Ⅱ 目: 눈 목 目: 눈 목 隹: 새 추 두 눈( )을 새(隹)가 크게 뜨는 것은? 두 눈 을 새 가 크게 뜨는 것은 ‘ 놀람 ’이지요. 놀랄 구
催,재촉할 최,人崔,亻(사람 인) 崔(높을 최),ok,재촉할 최(催),http://tonghanja.com/%ec%9e%ac%ec%b4%89%ed%95%a0-%ec%b5%9c%e5%82%ac/,"催 .3급Ⅱ 亻: 사람 인 崔: 높을 최 사람(亻)이 속도를 높이려고(崔) 하는 것은? 사람 이 일의 속도를 높이려고 하는 것은 ‘ 재촉함 ’이지요. 재촉할 최 최 촉 (催 促 : 재촉함) , 최면(催眠), 최루(催淚)"
崔,높을 최,山隹,山(뫼 산) 隹(새 추),ok,높을 최(崔),http://tonghanja.com/%eb%86%92%ec%9d%84-%ec%b5%9c%e5%b4%94/,"崔 .1급Ⅱ 山: 뫼 산 隹: 새 추 새(隹)만 오르는 산(山)은? 다른 짐승은 못 오르고, 새 만 날아서 오르는 산 은 ‘ 높음 ’이지요. 높을 최"
雙,쌍 쌍,又隹,隹(새 추) 隹(새 추) 又(또(손) 우),ok,쌍 쌍(雙),http://tonghanja.com/%ec%8c%8d-%ec%8c%8d%e9%9b%99/,"雙 .3급Ⅱ 隹: 새 추 隹: 새 추 又: 또(손) 우 두 마리의 새(隹隹)인데 손(又) 위에 함께 앉는 것은? 두 마리의 새 인데 사람의 손 위에 사이좋게 앉는 것은 한 ‘ 쌍 ’이지요. 쌍 쌍 쌍 (雙: 둘이서 짝을 이룬 것 ) , 쌍쌍(雙雙) , 쌍방(雙方)"
雜,섞일 잡,木隹,급(衣(옷 의)의 이형) 木(나무 목) 隹(새 추),ok,섞일 잡(雜),http://tonghanja.com/%ec%84%9e%ec%9d%bc-%ec%9e%a1%e9%9b%9c/,"雜 .4급 : 衣(옷 의)의 이형 木: 나무 목 隹: 새 추 옷( )처럼 나무(木)에 새(隹)들이 모이는 것은? 옷 처럼 알록달록하게 나무 에 여러 새 들이 모이는 것은 ‘ 섞임 ’이지요. 섞일 잡 교 잡 ( 交 雜: 서로 한데 섞임) , 혼잡(混雜), 복잡(複雜)"
集,모일 집,木隹,隹(새 추) 木(나무 목),ok,모일 집(集),http://tonghanja.com/%eb%aa%a8%ec%9d%bc-%ec%a7%91%e9%9b%86/,"集 .6급Ⅱ 隹: 새 추 木: 나무 목 새(隹)들이 나무(木) 위에서 하는 것은? 새 들이 나무 위에서 하는 것은 ‘ 모임 ’이지요. 모일 집 집 합 (集 合 : 모임) , 집결(集結) , 집회(集會)"
涯,물가 애,厂圭水,氵(물 수) 厂(기슭 엄) 圭(쌍토 규),ok,물가 애(涯),http://tonghanja.com/%eb%ac%bc%ea%b0%80-%ec%95%a0%e6%b6%af/,"涯 .3급 氵: 물 수 厂: 기슭 엄 圭: 쌍토 규 물(氵) 옆의 기슭(厂)인데 쌍토(圭) 같은 것은? 물 옆의 기슭 인데 쌍토 같이 흙이 높게 솟은 것은 ‘ 물가 ’이지요. 물가 애 수 애 ( 水 涯: 물가) , 생애(生涯) * ‘涯’는 물가는 땅의 끝이라는 데서 ‘끝’을 뜻하기도 합니다."
封,봉할 봉,圭寸,圭(쌍토 규) 寸(마디(손) 촌),ok,봉할 봉(封),http://tonghanja.com/%eb%b4%89%ed%95%a0-%eb%b4%89%e5%b0%81/,"封 .3급Ⅱ 圭: 쌍토 규 寸: 마디(손) 촌 쌍토(圭)같이 흙 위에 흙을 손(寸)으로 쌓는 것은? 쌍토 같이 흙 위에 흙을 손 으로 쌓는 것은 위의 흙으로 아래의 흙을 ‘ 봉함 ’이지요. 봉할 봉 봉 함 (封 함 : 꼭 싸서 막음 ) , 봉쇄(封鎖), 밀봉(密封)"
街,거리 가,圭行,行(다닐(거리) 행) 圭(쌍토 규),ok,거리 가(街),http://tonghanja.com/%ea%b1%b0%eb%a6%ac-%ea%b0%80%e8%a1%97/,"街 .4급Ⅱ 行: 다닐(거리) 행 圭: 쌍토 규 거리 (行)인데 쌍토(圭) 같은 것은? 거리 인데 쌍토 같이 흙 위에 다른 흙을 쌓아 포장(鋪裝)한 것은 ‘ 거리 ’이지요. 거리 가 시 가 ( 市 街: 도시의 거리) , 상가(商街), 번화가(繁華街)"
掛,걸 괘,卜圭手,扌(손 수) 圭(쌍토 규) 卜(점 복),ok,걸 괘(掛),http://tonghanja.com/%ea%b1%b8-%ea%b4%98%e6%8e%9b/,"掛 .3급 扌: 손 수 圭: 쌍토 규 卜: 점 복 손(扌)으로 쌍토(圭) 같은 곳에 점(卜)괘를 다는 것은? 손 으로 쌍토 같이 높은 곳에 점 괘를 다는 것은 ‘ 걺 ’이지요. 걸 괘 괘종(掛鍾), 괘도(掛圖), 괘념(掛念)"
桂,계수나무 계,圭木,木(나무 목) 圭(쌍토 규),ok,계수나무 계(桂),http://tonghanja.com/%ea%b3%84%ec%88%98%eb%82%98%eb%ac%b4-%ea%b3%84%e6%a1%82/,"桂 .3급Ⅱ 木: 나무 목 圭: 쌍토 규 나무(木)인데 쌍토(圭)같이 돋보이는 것은? 나무 인데 아름답고, 향도 좋고, 약효도 있어 다른 나무보다 쌍토 같이 돋보이는 것은 ‘ 계수나무 ’이지요. 계수나무 계 계 수나무 (桂 樹나무 : 높이는 7~10 미터이며 심장 모양으로 생긴 잎이 마주 나는 계수나뭇과의 낙엽 활엽 교목 ) , 계피(桂皮), 월계수(月桂樹)"
佳,아름다울 가,人圭,亻(사람 인) 圭(쌍토 규),ok,아름다울 가(佳),http://tonghanja.com/%ec%95%84%eb%a6%84%eb%8b%a4%ec%9a%b8-%ea%b0%80%e4%bd%b3/,"佳 .3급Ⅱ 亻: 사람 인 圭: 쌍토 규 사람(亻)이 쌍토(圭)같이 돋보이는 것은? 사람 이 쌍토 같이 돋보이는 것은 남보다 ‘ 아름다움 ’이지요. 아름다울 가 가 인 (佳 人 : 아름다운 사람 ) , 가약(佳約), 가작(佳作)"
圭,쌍토 규,土,土(흙 토) 土(흙 토),ok,쌍토 규(圭),http://tonghanja.com/%ec%8c%8d%ed%86%a0-%ea%b7%9c%e5%9c%ad/,圭 .1급Ⅱ 土: 흙 토 土: 흙 토 두 흙(圭)은? 두 흙 은 ‘ 쌍토 (雙土)’이지요. 쌍토 규
電,번개 전,田雨,雨(비 우) 田(모) 양(모양),ok,번개 전(電),http://tonghanja.com/%eb%b2%88%ea%b0%9c-%ec%a0%84%e9%9b%bb/,"電 .7급Ⅱ 雨: 비 우 田: 모양 : 모양 비(雨)를 머금은 구름(田)에서 굽어져 내리는( ) 것은? 비 를 머금은 구름 에서 굽어져 내리는 것은 ‘ 번개 ’이지요. 번개 전 전 기 (電 氣: 번개 의 성질을 띤 기운 ) , 전자(電子), 전류(電流)"
雷,우레 뢰,田雨,雨(비 우) 田(모양),ok,우레 뢰(雷),http://tonghanja.com/%ec%9a%b0%eb%a0%88-%eb%a2%b0%e9%9b%b7/,雷 .3급Ⅱ 雨: 비 우 田: 모양 비(雨)를 머금은 구름(田)에서 생기는 것은? 비 를 머금은 구름 에서 생기는 것은 ‘ 우레 ’이지요. 우레 뢰 뇌 성 (雷 聲 : 우레 소리 ) * ‘雷’는 ‘낙뢰(落雷)’ ‘피뢰(避雷)’ 따위에서 ‘벼락’을 뜻하기도 합니다. * ‘雷’는 ‘지뢰(地雷)’ ‘어뢰(魚雷)’ 따위에서 ‘폭약’을 뜻하기도 합니다.
燥,마를 조,喿火,火(불 화) 喿(울(새) 소),ok,마를 조(燥),http://tonghanja.com/%eb%a7%88%eb%a5%bc-%ec%a1%b0%e7%87%a5/,燥 .3급 火: 불 화 喿: 울(새) 소 불(火) 옆에 새(喿)를 놓는 것은? 불 옆에 새 를 놓는 것은 새고기를 ‘말림( 마름 )’이지요. 마를 조 건 조 ( 乾 燥: 마름)
操,잡을 조,喿手,扌(손 수) 喿(울(새) 소),ok,잡을 조(操),http://tonghanja.com/%ec%9e%a1%ec%9d%84-%ec%a1%b0%e6%93%8d/,"操 .5급 扌: 손 수 喿: 울(새) 소 손(扌)으로 새(喿)에게 하는 것은? 손 으로 새 에게 하는 것은 못 날아가게 ‘ 잡음 ’이지요. 잡을 조 조 종 (操 縱 : 잡아서 다룸 ) , 조작(操作), 조심(操心)"
喿,울 소,口木,口(입 구) 口(입 구) 口(입 구) 木(나무 목),ok,울 소(喿),http://tonghanja.com/%ec%9a%b8-%ec%86%8c%e5%96%bf/,"喿 .무급 口: 입 구 口: 입 구 口: 입 구 木: 나무 목 입들(品)을 벌리고 나무(木) 위에서 하는 것은? 새 떼가 입들 을 벌리고 나무 위에서 하는 것은 ‘ 욺 ’이지요. 울 소 * ‘喿’는 다른 글자에서, 입들(品)을 벌리고 나무(木) 위에서 우는 ‘새’를 뜻하기도 합니다."
徹,통할 철,彳攵育,彳(조금 걸을 척) 育(기를 육) 攵(칠(때릴) 복),ok,통할 철(徹),http://tonghanja.com/%ed%86%b5%ed%95%a0-%ec%b2%a0%e5%be%b9/,"徹 .3급Ⅱ 彳: 조금 걸을 척 育: 기를 육 攵: 칠(때릴) 복 조금씩 걸을(彳) 때부터 잘 기르려고(育) 때리면(攵)? 조금씩 걸을 때부터 잘 기르려고 때리면 아이가 사리(事理)에 ‘ 통함 (通함)’이지요. 통할 철 투 철 ( 透 徹: 통함) , 관철(貫徹), 철저(徹底)"
育,기를 육,月,급(태아 돌) 月(고기(몸) 육),ok,기를 육(育),http://tonghanja.com/%ea%b8%b0%eb%a5%bc-%ec%9c%a1%e8%82%b2/,"育 .7급 : 태아 돌 月: 고기(몸) 육 태아( )의 몸(月)을 키우는 것은? 태아 의 몸 을 키우는 것은 ‘ 기름 ’이지요. 기를 육 육 성 (育 成 : 길러서 이룸 ) , 육아(育兒), 양육(養育)"
蔬,나물 소,疏艸,艹(풀 초) 疏(소통할 소),ok,나물 소(蔬),http://tonghanja.com/%eb%82%98%eb%ac%bc-%ec%86%8c%e8%94%ac/,蔬 .3급 艹: 풀 초 疏: 소통할 소 풀(艹)인데 소통하는(疏) 것은? 풀 인데 뿌리 끝까지 땅 밖의 세상과 소통하는 것은 사람이 먹으려고 캐는 풀인 ‘ 나물 ’이지요. 나물 소 채 소 ( 菜 蔬: 나물)
疏,소통할 소,㐬,㐬(흘러나올 류),ok,소통할 소(疏),http://tonghanja.com/%ec%86%8c%ed%86%b5%ed%95%a0-%ec%86%8c%e7%96%8f/,"疏 .3급Ⅱ : 발 소 㐬: 흘러나올 류 발( )까지 흘러나오는(㐬) 것은? 발 끝까지 산문 밖으로 흘러나오는 것은 태아가 세상과 ‘ 소통함 ’이지요. 소통할 소 소 통 (疏 通 : 막힘없이 서로 통함 ) , 소외(疏外) , 소원(疏遠)"
流,흐를 류,㐬水,氵(물 수) 㐬(흘러나올 류),ok,흐를 류(流),http://tonghanja.com/%ed%9d%90%eb%a5%bc-%eb%a5%98%e6%b5%81/,"流 .5급Ⅱ 氵: 물 수 㐬: 흘러나올 류 물(氵)이 흘러나오는(㐬) 것은? 물 이 흘러나오는 것은 물이 ‘ 흐름 ’이지요. 흐를 류 유 출 (流 出 : 흘러 나옴 ) , 유입(流入), 유통(流通)"
㐬,흘러나올 류,,급(태아) 돌(모양),image,흘러나올 류(㐬),http://tonghanja.com/%ed%9d%98%eb%9f%ac%eb%82%98%ec%98%ac-%eb%a5%98%e3%90%ac/,㐬 .무급 : 태아 돌 : 모양 태아( )를 낳을 때 양수( )가 하는 것은? 태아 를 낳을 때 양수 가 하는 것은 산문(産門) 밖으로 ‘ 흘러나옴 ’이지요. 흘러나올 류
銃,총 총,充金,金(쇠 금) 充(채울 충),ok,총 총(銃),http://tonghanja.com/%ec%b4%9d-%ec%b4%9d%e9%8a%83/,"銃 .4급Ⅱ 金: 쇠 금 充: 채울 충 쇠(金)를 채워서(充) 쏘는 것은? 쇠 로 된 총알을 채워서 쏘는 것은 ‘ 총 ’이지요. 총 총 총 (銃: 총알을 쏘는 무기 ) , 권총(拳銃), 기관총(機關銃)"
統,거느릴 통,充糸,糸(실(줄) 사) 充(채울 충),ok,거느릴 통(統),http://tonghanja.com/%ea%b1%b0%eb%8a%90%eb%a6%b4-%ed%86%b5%e7%b5%b1/,"統 .4급Ⅱ 糸: 실(줄) 사 充: 채울 충 줄(糸)이 사이를 채우는(充) 것은? 탯 줄 이 엄마와 태아의 사이를 채우는 것은 엄마가 태아를 ‘ 거느림 ’이지요. 거느릴 통 계 통 ( 系 統: 이어서 거느린 것 ) , 혈통(血統), 통합(統合) * 거느리다: 부양해야 할 손아랫사람을 데리고 있다"
充,채울 충,儿,儿(사람 인),ok,채울 충(充),http://tonghanja.com/%ec%b1%84%ec%9a%b8-%ec%b6%a9%e5%85%85/,"充 .5급Ⅱ : 태아 돌 儿: 사람 인 태아( )를 사람(儿)이 배는 것은? 태아 를 사람 이 배는 것은 태아로 배 속을 ‘ 채움 ’이지요. 채울 충 충 원 (充 員 : 인원을 채움) , 충만(充滿), 보충(補充)"
宣,베풀 선,亘宀,宀(집 면) 亘(걸칠 긍),ok,베풀 선(宣),http://tonghanja.com/%eb%b2%a0%ed%92%80-%ec%84%a0%e5%ae%a3/,"宣 .4급 宀: 집 면 亘: 걸칠 긍 집(宀)에 어떤 내용을 걸쳐(亘) 두는 것은? ‘ 宣 ’은 어떤 내용을 종이 따위에 적어서 누구나 볼 수 있게 집 에 걸쳐 두는 것인 ‘ 선포함 ’을 나타낸 글자였으나, 후에 어떤 내용을 선포함은 어떤 일을 벌이는 것이라 하여 ‘ 베풂 ’을 뜻하게 되었답니다. 베풀 선 선 포 (宣 布 : 어떤 내용을 널리 알림 ) , 선언(宣言), 선서(宣誓) * 베풀다: 1. 일을 계획하여 벌이다. 2. 남에게 혜택을 받게 하다."
恒,항상 항,亘心,忄(마음 심) 亘(걸칠 긍),ok,항상 항(恒),http://tonghanja.com/%ed%95%ad%ec%83%81-%ed%95%ad%e6%81%92/,"恒 .3급Ⅱ 忄: 마음 심 亘: 걸칠 긍 마음(忄)에 걸쳐(亘) 있는 것은? 마음 에 걸쳐 있는 것은 ‘ 항상 ’ 기억이 나지요. 항상 항 항 상 (恒 常 : 늘/ 언제나 ) , 항시(恒時), 항구(恒久)"
亘,걸칠 긍,,,none,걸칠 긍(亘),http://tonghanja.com/%ea%b1%b8%ec%b9%a0-%ea%b8%8d%e4%ba%98/,亘 .1급 하늘(￣)과 땅( ) 사이에 해(日)가 있는 것은? 하늘 과 땅 사이에 해 가 있는 것은 하늘과 땅 사이에 해가 ‘ 걸침 ’이지요. 걸칠 긍
試,시험 시,式言,言(말씀(말) 언) 式(법 식),ok,시험 시(試),http://tonghanja.com/%ec%8b%9c%ed%97%98-%ec%8b%9c%e8%a9%a6/,"試 .4급Ⅱ 言: 말씀(말) 언 式: 법 식 말(言)로 법(式)식을 진술하는 것은? 말 로 어떤 일의 법 식을 진술하는 것은 ‘ 시험 ’이지요. 시험 시 시 험 (試 驗 : 재능이나 실력 따위를 평가하는 일 ) , 입시(入試), 고시(考試)"
式,법 식,工弋,弋(주살 익) 工(장인(만들) 공),ok,법 식(式),http://tonghanja.com/%eb%b2%95-%ec%8b%9d%e5%bc%8f/,"式 .6급 弋: 주살 익 工: 장인(만들) 공 주살(弋)을 만들어(工) 익히는 것은? 주살 을 만들어 익히는 것은 활 쏘는 ‘ 법 (法)’이지요. 법 식 법 식 ( 法 式: 법도와 방식 ) , 방식(方式), 형식(形式)"
貸,빌려줄 대,人弋貝,亻(사람 인) 弋(주살 익) 貝(조개(재물) 패),ok,빌려줄 대(貸),http://tonghanja.com/%eb%b9%8c%eb%a0%a4%ec%a4%84-%eb%8c%80%e8%b2%b8/,"貸 .3급Ⅱ 亻: 사람 인 弋: 주살 익 貝: 조개(재물) 패 사람(亻)이 주살(弋)처럼 재물(貝)을 사용하는 것은? 사람 이 주살 처럼 재물 을 사용하는 것은, 재물을 다른 이에게 보냈다가 도로 자기에게 거두어들이는 것인 ‘ 빌려줌 ’이지요. 빌려줄 대 대 여 (貸 與 : 빌려줌 ) , 대부(貸付), 대출(貸出)"
代,대신할 대,人弋,亻(사람 인) 弋(주살 익),ok,대신할 대(代),http://tonghanja.com/%eb%8c%80%ec%8b%a0%ed%95%a0-%eb%8c%80%e4%bb%a3/,"代 .6급Ⅱ 亻: 사람 인 弋: 주살 익 사람(亻)이 주살(弋)을 사용하는 것은? 사람 이 본디의 화살이 아닌 주살 을 사용하는 것은 ‘ 대신함 ’이지요. 대신할 대 대 신 (代 身 : 본디의 것이 아닌 다른 것으로 함 ) , 대체(代替), 대행(代行)"
弋,주살 익,,,none,주살 익(弋),http://tonghanja.com/%ec%a3%bc%ec%82%b4-%ec%9d%b5%e5%bc%8b/,弋 .특급 화살( )인데 줄( )이 달린 것은? 화살 인데 꼬리에 줄 이 달린 것은 ‘ 주살 ’이지요. 주살 익 * 주살(줄+살): 활 쏘는 법을 익힐 때 발사 후 화살을 회수하기 쉽도록 꼬리에 줄을 매놓은 화살
譜,족보 보,普言,言(말씀(말) 언) 普(넓을 보),ok,족보 보(譜),http://tonghanja.com/%ec%a1%b1%eb%b3%b4-%eb%b3%b4%e8%ad%9c/,"譜 .3급Ⅱ 言: 말씀(말) 언 普: 넓을 보 말(言)이 넓게(普) 퍼지는 책은? 말 이 차차로 넓게 퍼지는 책은 ‘ 족보 ’이지요. 족보 보 족 보 ( 族 譜: 가문의 혈통 관계를 대대로 기록한 책 ) , 계보(系譜)"
普,넓을 보,並日,並(나란히 병) 日(날(해) 일),ok,넓을 보(普),http://tonghanja.com/%eb%84%93%ec%9d%84-%eb%b3%b4%e6%99%ae/,"普 .4급 並: 나란히 병 日: 날(해) 일 나란히(並) 햇(日)살이 퍼지는 범위는? 나란히 햇 살이 퍼지는 범위는 온 세상을 비출 만큼 ‘ 넓음 ’이지요. 넓을 보 보 편 (普 遍 : 넓게 두루 미침 ) , 보급(普及), 보통(普通)"
竝,나란히 병,立,立(설 립) 立(설 립),ok,나란히 병(竝),http://tonghanja.com/%eb%82%98%eb%9e%80%ed%9e%88-%eb%b3%91%e7%ab%9d/,"竝 .3급 立: 설 립 立: 설 립 둘이 서 있는 모습(竝)은? 둘 이 가지런하게 서 있는 모습 은 ‘ 나란히 ’이지요. 나란히 병 병 렬 (竝 列 : 나란히 늘어섬 ) , 병립(竝立), 병행(竝行)"
禪,선 선,單示,示(보일(신) 시) 單(홑 단),ok,선 선(禪),http://tonghanja.com/%ec%84%a0-%ec%84%a0%e7%a6%aa/,"禪 .3급Ⅱ 示: 보일(신) 시 單: 홑 단 신(示)이 되려고 홀로(單) 하는 것은? ‘ 신 ’ 즉 ‘부처’가 되려고 홀로 행하는 것은 ‘ 선 ’이지요. 선 선 선 (禪: 마음을 가다듬어 번뇌를 떨쳐내고 무아의 경지에 드는 일 ) , 좌선(坐禪), 참선(參禪)"
戰,싸움 전,單戈,單(홑(투석구) 단) 戈(창 과),ok,싸움 전(戰),http://tonghanja.com/%ec%8b%b8%ec%9b%80-%ec%a0%84%e6%88%b0/,"戰 .6급Ⅱ 單: 홑(투석구) 단 戈: 창 과 투석구(單)와 창(戈)으로 하는 것은? 투석구 와 창 으로 하는 것은 ‘ 싸움 ’이지요. 싸움 전 전 투 (戰 鬪 : 싸움) , 전쟁(戰爭), 전술(戰術)"
彈,탄알 탄,單弓,弓(활 궁) 單(홑(투석구) 단),ok,탄알 탄(彈),http://tonghanja.com/%ed%83%84%ec%95%8c-%ed%83%84%e5%bd%88/,"彈 .4급 弓: 활 궁 單: 홑(투석구) 단 활(弓)로 투석구(單)처럼 쏘는 것은? ‘ 활 ’ 즉 ‘탄궁’으로 투석구 처럼 쏘는 것은 ‘ 탄알 ’이지요. 탄알 탄 탄 알 (彈 알 : 총이나 포에서 나가는 알 ) , 탄환(彈丸), 포탄(砲彈) * 탄궁(彈弓): 탄알을 쏘는 활."
獸,짐승 수,犬,犬(개 견),ok,짐승 수(獸),http://tonghanja.com/%ec%a7%90%ec%8a%b9-%ec%88%98%e7%8d%b8/,"獸 .3급Ⅱ : 單(홑 단)의 이형 ㅁ: 모양 犬: 개 견 투석구( )의 돌(ㅁ)로 잡는 개(犬)과 동물은? 투석구 의 돌 로 잡는 개 과 동물은 ‘ 짐승 ’이지요. 짐승 수 야 수 ( 野 獸: 들 짐승) , 맹수(猛獸), 금수(禽獸)"
單,홑 단,,,none,홑 단(單),http://tonghanja.com/%ed%99%91-%eb%8b%a8%e5%96%ae/,"單 .4급Ⅱ 투석구( )에서 나가는( ) 돌( ) 은? 투석구 에서 나가는 돌 은 ‘ 홑 ’이지요. 홑 단 단 방 (單 放 : 홑 방/ 단 한 방의 발사 ) , 단번(單番), 단일(單一) * 투석구(投石具): 길이 2미터 정도의 끈에 돌을 넣어 돌리는 간단한 무기. 끈의 양쪽 끝을 잡고 돌려 힘을 실은 후, 한쪽을 놓으면 돌이 빠르게 날아감."
脚,다리 각,卩去月,月(고기(몸) 육) 去(갈 거) 卩(병부(무릎 굽힐) 절),ok,다리 각(脚),http://tonghanja.com/%eb%8b%a4%eb%a6%ac-%ea%b0%81%e8%84%9a/,"脚 .3급Ⅱ 月: 고기(몸) 육 去: 갈 거 卩: 병부(무릎 굽힐) 절 몸(月)의 부위인데 가려고(去) 무릎을 굽히는(卩) 곳은? 몸 의 부위인데 가려고 무릎 을 굽히는 곳은 ‘ 다리 ’이지요. 다리 각 양 각 ( 兩 脚: 두 다리) , 교각(橋脚), 각선미(脚線美)"
却,물리칠 각,卩去,去(갈 거) 卩(병부(무릎 굽힐) 절),ok,물리칠 각(却),http://tonghanja.com/%eb%ac%bc%eb%a6%ac%ec%b9%a0-%ea%b0%81%e5%8d%b4/,"却 .3급 去: 갈 거 卩: 병부(무릎 굽힐) 절 무릎 굽힌(卩) 이를 가게(去)하는 것은? 나에게 무릎 굽힌 이를 밖으로 나 가게 하는 것은 ‘ 물리침 ’이지요. 물리칠 각 퇴 각 ( 退 却 : 뒤로 물러남/ 금품 따위를 물리침) , 기각(棄却), 각하(却下) * ‘却’은 무릎 굽힌 이가 밖으로 나가는 것인 ‘물러남’을 뜻하여 ‘물러날 각’이라고도 합니다."
蓋,덮을 개,去皿艸,艹(풀 초) 去(갈 거) 皿(그릇 명),ok,덮을 개(蓋),http://tonghanja.com/%eb%8d%ae%ec%9d%84-%ea%b0%9c%e8%93%8b/,"蓋 .3급Ⅱ 艹: 풀 초 去: 갈 거 皿: 그릇 명 풀(艹)잎을 갈(去) 때 그릇(皿) 위에 올리는 것은? 풀 잎을, 밖으로 나 갈 때 음식이 담긴 그릇 위에 올리는 것은 ‘ 덮음 ’이지요. 덮을 개 무개차(無蓋車), 두개골(頭蓋骨), 구개음화(口蓋音化)"
法,법 법,去水,氵(물 수) 去(갈 거),ok,법 법(法),http://tonghanja.com/%eb%b2%95-%eb%b2%95%e6%b3%95/,"法 .5급Ⅱ 氵: 물 수 去: 갈 거 물(氵) 흘러가듯(去) 정하는 것은? 물 흘러 가듯 순리대로 정하는 것은 ‘ 법 ’이지요. 법 법 법 (法: 국가의 강제력을 수반하는 사회 규범 ) , 법률(法律), 법규(法規)"
去,갈 거,,,none,갈 거(去),http://tonghanja.com/%ea%b0%88-%ea%b1%b0%e5%8e%bb/,"去 .5급 사람(土)이 굴방(厶)을 나가는 것은? 사람 이 굴방 을 나가는 것은 ‘ 감 ’이지요. 갈 거 거 취 (去 就: 사람이 어디로 가거나 다니거나 하는 일 ) , 거래(去來), 과거(過去)"
耶,어조사 야,耳,耳(귀 이  ⻏: 고을 읍),ok,어조사 야(耶),http://tonghanja.com/%ec%96%b4%ec%a1%b0%ec%82%ac-%ec%95%bc%e8%80%b6/,"耶 .3급 耳: 귀 이 ⻏: 고을 읍 귀(耳)로 고을(⻏)의 소문을 들을 때 하는 말은? 귀 로 고을 의 의문스러운 소문을 들을 때 하는 말은 ‘ 어조사 (語助辭) 야’이지요. 어조사 야 야 (耶: 문장의 뒤에서 의문을 나타날 때 쓰는 어조사) , 유야무야(有耶無耶)"
邪,간사할 사,牙阝,牙(어금니 아) 阝(고을 읍),ok,간사할 사(邪),http://tonghanja.com/%ea%b0%84%ec%82%ac%ed%95%a0-%ec%82%ac%e9%82%aa/,"邪 .3급Ⅱ 牙: 어금니 아 阝: 고을 읍 어금니(牙)로 고을(阝)에서 남을 씹는 것은? 어금니 로 고을 에서 남을 씹고 다니는 것은 ‘ 간사함 ’이지요. 간사할 사 간 사 ( 奸 邪: 나쁜 꾀를 부리는 등 마음이 바르지 않음 *奸·1급·간사할 간 ) , 사악(邪惡), 사심(邪心)"
雅,맑을 아,牙隹,牙(어금니 아) 隹(새 추),ok,맑을 아(雅),http://tonghanja.com/%eb%a7%91%ec%9d%84-%ec%95%84%e9%9b%85/,"雅 .3급Ⅱ 牙: 어금니 아 隹: 새 추 어금니(牙) 가는 듯한 새(隹)의 소리는? 어금니 가는 듯한, 새 의 “짹짹” 소리는 ‘ 맑음 ’이지요. 맑을 아 청 아 ( 淸 雅: 맑음) , 우아(優雅), 아담(雅淡)"
芽,싹 아,牙艸,艹(풀 초) 牙(어금니 아),ok,싹 아(芽),http://tonghanja.com/%ec%8b%b9-%ec%95%84%e8%8a%bd/,"芽 .3급Ⅱ 艹: 풀 초 牙: 어금니 아 풀(艹)인데 어금니(牙) 같은 것은? 풀 인데 잇몸 위로 솟은 어금니 같이 땅 위로 솟은 것은 ‘ 싹 ’이지요. 싹 아 맹 아 ( 萌 芽: 싹 *萌·1급·싹 맹 ) , 발아(發芽), 출아(出芽)"
牙,어금니 아,,,none,어금니 아(牙),http://tonghanja.com/%ec%96%b4%ea%b8%88%eb%8b%88-%ec%95%84%e7%89%99/,"牙 .3급Ⅱ 치관( )과 치근( )으로 된 것은? ‘ 牙 ’는 넓은 치관 과 갈라진 치근 으로 된 ‘ 어금니 ’를 나타낸 글자입니다. 어금니 아 치 아 ( 齒 牙: 이 ) , 상아(象牙)"
齒,이 치,止,止(그칠) 지(모양),ok,이 치(齒),http://tonghanja.com/%ec%9d%b4-%ec%b9%98%e9%bd%92/,"齒 .4급Ⅱ 止: 그칠 지 : 모양 그쳐(止) 있는 이( )는? 뿌리가 잇몸에 그쳐 있는 이 는 ‘ 이 ’이지요. 이 치 치 아 (齒 牙 : 이) , 치과(齒科), 치약(齒藥)"
蒼,푸를 창,倉艸,艹(풀 초) 倉(곳집(창고) 창),ok,푸를 창(蒼),http://tonghanja.com/%ed%91%b8%eb%a5%bc-%ec%b0%bd%e8%92%bc/,"蒼 .3급Ⅱ 艹: 풀 초 倉: 곳집(창고) 창 풀(艹)이 창고(倉)를 뒤덮은 색깔은? 덩굴 풀 이 창고 를 뒤덮은 색깔은 ‘ 푸름 ’이지요. 푸를 창 창창 (蒼蒼: 매우 푸름) , 창공(蒼空), 창천(蒼天)"
創,비롯할 창,倉刀,倉(곳집(창고) 창) 刂(칼 도),ok,비롯할 창(創),http://tonghanja.com/%eb%b9%84%eb%a1%af%ed%95%a0-%ec%b0%bd%e5%89%b5/,"創 .4급Ⅱ 倉: 곳집(창고) 창 刂: 칼 도 창고(倉)에서 칼(刂)로 작품을 만드는 것은? 창고 에서 칼 로 재료를 깎거나 잘라 작품을 만드는 것은 ‘ 비롯함 ’이지요. 비롯할 창 창 작 (創 作 : 비롯하여 지음 ) , 창조(創造), 창출(創出) * 비롯하다: 어떤 사물이 처음으로 시작되다 또는 시작하다"
倉,곳집 창,,양(戶(지게 호)의 이형  ㅁ: 모양),image,곳집 창(倉),http://tonghanja.com/%ea%b3%b3%ec%a7%91-%ec%b0%bd%e5%80%89/,倉 .3급Ⅱ : 모양 : 戶(지게 호)의 이형 ㅁ: 모양 지붕( )과 지게( )와 저장고(ㅁ)로 된 것은? 지붕 과 지게 와 저장고 로 된 것은 ‘ 곳집 (庫집)’이지요. 곳집 창 창 고 (倉 庫 : 곳집)
惠,은혜 혜,心,心(마음 심),ok,은혜 혜(惠),http://tonghanja.com/%ec%9d%80%ed%98%9c-%ed%98%9c%e6%83%a0/,"惠 .4급Ⅱ : 專(실뭉치 전)의 이형 心: 마음 심 실뭉치( )에 실을 감는 이의 마음(心)은? 실뭉치 에 실을 감는 이인 어머니의 마음 은 ‘ 은혜 ’이지요. 은혜 혜 은 혜 ( 恩 惠: 고맙게 베풀어 주는 신세나 혜택 ) , 특혜(特惠), 혜택(惠澤) * ‘惠’는 원래 ‘專’과 ‘心’으로 이루어진 글자였으나, 후에 편의상 ‘寸’이 생략 되었답니다."
團,둥글 단,囗專,囗(모양) 專(오로지(실뭉치) 전),ok,둥글 단(團),http://tonghanja.com/%eb%91%a5%ea%b8%80-%eb%8b%a8%e5%9c%98/,"團 .5급Ⅱ 囗: 모양 專: 오로지(실뭉치) 전 감은(囗) 실뭉치(專)의 모양은? 감은 실뭉치 의 모양은 ‘ 둥긂 ’이지요. 둥글 단 단 결 (團 結 : 둥글게 맺음/ 많은 사람이 마음과 힘을 한데 뭉침 ) , 단합(團合), 집단(集團)"
轉,구를 전,專車,車(수레 차) 專(오로지(실뭉치) 전),ok,구를 전(轉),http://tonghanja.com/%ea%b5%ac%eb%a5%bc-%ec%a0%84%e8%bd%89/,"轉 .4급 車: 수레 차 專: 오로지(실뭉치) 전 수레(車)의 바퀴처럼 실뭉치(專)가 하는 것은? 실을 감을 때, 수레 의 바퀴처럼 실뭉치 가 하는 것은 ‘ 구름 ’이지요. 구를 전 회 전 ( 回 轉: 돌아서 구름) , 자전(自轉), 운전(運轉)"
傳,전할 전,人專,亻(사람 인) 專(오로지(실뭉치) 전),ok,전할 전(傳),http://tonghanja.com/%ec%a0%84%ed%95%a0-%ec%a0%84%e5%82%b3/,"傳 .5급Ⅱ 亻: 사람 인 專: 오로지(실뭉치) 전 사람(亻)이 실뭉치(專)에 실을 감는 것은? 사람 이 실뭉치 에 실을 감는 것은 실뭉치에 실을 ‘ 전함 ’이지요. 전할 전 전 함 (傳 함 : 이곳에서 저곳으로 옮김 ) , 전달(傳達), 전수(傳授)"
專,오로지 전,,,none,오로지 전(專),http://tonghanja.com/%ec%98%a4%eb%a1%9c%ec%a7%80-%ec%a0%84%e5%b0%88/,"專 .4급 오른손( )으로 실뭉치(田)를 돌리며 실(厶)을 왼손(寸)으로 실뭉치에 전하는 것은? 오른손 으로 실뭉치 를 돌리며 실 을 왼 손 으로 실뭉치에 전하는 것은 ‘ 오로지 ’ 한 부문만 연구해야 얻을 수 있는 전문 기술이지요. 오로지 전 전 문 (專 門 : 오로지 한 부문만 연구함 ) , 전공(專攻), 전업(專業)"
雖,비록 수,虫隹,虫(벌레 충) 隹(새 추),ok,비록 수(雖),http://tonghanja.com/%eb%b9%84%eb%a1%9d-%ec%88%98%e9%9b%96/,雖 .3급 ㅁ: 입 구 虫: 벌레 충 隹: 새 추 입(ㅁ)으로 벌레(虫)를 새(隹)가 물고 다니는 것은? 입 으로 벌레 를 새 가 물고 다니는 것은 ‘ 비록 ’ 모습은 그러하나 새끼를 기르는 숭고한 일이지요. 비록 수 수 연 (雖 然 : 비록 그러하나 )
誰,누구 수,言隹,言(말씀(말) 언) 隹(새 추),ok,누구 수(誰),http://tonghanja.com/%eb%88%84%ea%b5%ac-%ec%88%98%e8%aa%b0/,"誰 .3급 言: 말씀(말) 언 隹: 새 추 말(言)을 새(隹)가 거는 대상은? 말 을, 홀로 지저귀는 새 가 거는 대상은 ‘ 누구 ’인가. 누구 수 수 하 (誰 何 : 누구)"
羅,벌일 라,維网,罒(그물 망) 維(벼리 유),ok,벌일 라(羅),http://tonghanja.com/%eb%b2%8c%ec%9d%bc-%eb%9d%bc%e7%be%85/,"羅 .4급Ⅱ 罒: 그물 망 維: 벼리 유 그물(罒)의 벼리(維)를 펴는 것은? 그물 의 벼리 를 펴는 것은 그물을 ‘ 벌임 ’이지요. 벌일 라 나 열 (羅 列 : 죽 벌임) , 나침반(羅針盤), 기라성(綺羅星)"
維,벼리 유,糸隹,糸(실(줄) 사) 隹(새 추),ok,벼리 유(維),http://tonghanja.com/%eb%b2%bc%eb%a6%ac-%ec%9c%a0%e7%b6%ad/,維 .3급Ⅱ 糸: 실(줄) 사 隹: 새 추 줄(糸)인데 새(隹)를 잡으려고 펴는 것은? 줄 인데 새 를 잡으려고 펴는 것은 ‘ 벼리 ’이지요. 벼리 유 유지(維持: 어떤 상태나 상황을 그대로 지속함) * 벼리: 그물의 위쪽 눈들을 꿰어놓은 줄
雄,수컷 웅,厶隹,급(모양) 厶(모양) 隹(새 추),ok,수컷 웅(雄),http://tonghanja.com/%ec%88%98%ec%bb%b7-%ec%9b%85%e9%9b%84/,"雄 .5급 : 모양 厶: 모양 隹: 새 추 날개를 폈다( ) 굽혔다(厶) 하는 새(隹)는? 날개를 폈다 굽혔다 하며 자신을 과시하는 새 는 ‘ 수컷 ’이지요. 수컷 웅 웅 조 (雄 鳥 : 수컷 새 ) , 웅장(雄壯), 영웅(英雄)"
治,다스릴 치,台水,氵(물 수) 台(기뻐할 태),ok,다스릴 치(治),http://tonghanja.com/%eb%8b%a4%ec%8a%a4%eb%a6%b4-%ec%b9%98%e6%b2%bb/,"治 .4급Ⅱ 氵: 물 수 台: 기뻐할 태 물(氵)을 기쁘게(台) 흐르게 하는 것은? 물 을 기쁘게 흐르게 하는 것은, 홍수의 피해를 막을 수 있게 수리 시설을 ‘ 다스림 ’이지요. 다스릴 치 치 수 (治 水 : 수리 시설을 다스림) , 통치(統治), 정치(政治)"
始,처음 시,台女,女(여자 녀) 台(기뻐할(태아) 태),ok,처음 시(始),http://tonghanja.com/%ec%b2%98%ec%9d%8c-%ec%8b%9c%e5%a7%8b/,"始 .6급Ⅱ 女: 여자 녀 台: 기뻐할(태아) 태 여자(女)가 태아(台)를 배는 것은? 여자 가 태아 를 배는 것은 태아 인생의 ‘ 처음 ’이지요. 처음 시 시 작 (始 作 : 어떤 것의 처음) , 시초(始初), 창시(創始)"
殆,위태할 태,台歹,歹(부서진 뼈(죽을) 알) 台(기뻐할(태아) 태),ok,위태할 태(殆),http://tonghanja.com/%ec%9c%84%ed%83%9c%ed%95%a0-%ed%83%9c%e6%ae%86/,殆 .3급Ⅱ 歹: 부서진 뼈(죽을) 알 台: 기뻐할(태아) 태 죽기(歹) 쉬운 태아(台)의 처지는? 죽기 쉬운 태아 의 처지는 ‘ 위태함 ’이지요. 위태할 태 위 태 ( 危 殆: 형세나 형편이 마음을 놓을 수 없을 정도로 안전하지 못함 )
怠,게으를 태,台心,台(기뻐할(태아) 태) 心(마음 심),ok,게으를 태(怠),http://tonghanja.com/%ea%b2%8c%ec%9c%bc%eb%a5%bc-%ed%83%9c%e6%80%a0-2/,"怠 .3급 台: 기뻐할(태아) 태 心: 마음 심 태아(台)같이 있으려는 마음(心)은? 태아 같이 가만히 있으려는, 마음 은 ‘ 게으름 ’이지요. 게으를 태 나 태 ( 懶 怠: 게으름 *懶·1급·게으를 라 ) , 태만(怠慢)"
台,기뻐할 태,,,none,기뻐할 태(台),http://tonghanja.com/%ea%b8%b0%eb%bb%90%ed%95%a0-%ed%83%9c%e5%8f%b0/,台 .1급Ⅱ 태아(台)가 생기면? 태아 가 생기면 사람들이 ‘ 기뻐함 ’이지요. 기뻐할 태
竊,훔칠 절,穴米,穴(굴(구멍)) 혈(모양) 米(쌀) 미(바구미 설),ok,훔칠 절(竊),http://tonghanja.com/%ed%9b%94%ec%b9%a0-%ec%a0%88%e7%ab%8a/,"竊 .3급 穴: 굴(구멍) 혈 : 모양 米: 쌀 미 : 바구미 설 구멍(穴)을 껍질( )과 쌀(米)에 내고 있는 바구미( )가 하는 것은? 구멍 을 껍질 과 쌀 에 내고 있는 바구미 가 하는 것은 쌀을 ‘ 훔침 ’이지요. 훔칠 절 절 도 (竊 盜 : 남의 것을 훔침) , 절취(竊取)"
擇,가릴 택,手睪,扌(손 수) 睪(엿볼 역),ok,가릴 택(擇),http://tonghanja.com/%ea%b0%80%eb%a6%b4-%ed%83%9d%e6%93%87/,"擇 .4급 扌: 손 수 睪: 엿볼 역 손(扌)을 엿보다가(睪) 내미는 것은? 손 을, 여럿을 엿보다가 하나에 내미는 것은 ‘ 가림 ’이지요. 가릴 택 선 택 ( 選 擇: 가림) , 채택(採擇), 택일(擇一)"
澤,못 택,水睪,氵(물 수) 睪(엿볼 역),ok,못 택(澤),http://tonghanja.com/%eb%aa%bb-%ed%83%9d%e6%be%a4/,"澤 .3급Ⅱ 氵: 물 수 睪: 엿볼 역 물(氵)속을 엿볼(睪) 수 있는 곳은? 물 속의 수초나 물고기 따위를 엿볼 수 있는 곳은 ‘ 못 ’이지요. 못 택 수 택 ( 水 澤: 물이 고인 못) , 윤택(潤澤), 광택(光澤) * ‘澤’은 못에서 나는 것인 ‘윤기’(潤氣: 반들거리는 기운)를 뜻하기도 합니다."
釋,풀 석,睪釆,釆(분별할 변) 睪(엿볼 역),ok,풀 석(釋),http://tonghanja.com/%ed%92%80-%ec%84%9d%e9%87%8b/,釋 .3급Ⅱ 釆: 분별할 변 睪: 엿볼 역 분별하는(釆) 건데 엿보며(睪) 하는 것은? 분별하는 건데 참고 자료 따위를 엿보며 하는 것은 ‘ 풂 ’이지요. 풀 석 해 석 ( 解 釋: 풂 또는 풀이 )
驛,역 역,睪馬,馬(말 마) 睪(엿볼 역),ok,역 역(驛),http://tonghanja.com/%ec%97%ad-%ec%97%ad%e9%a9%9b/,"驛 .3급Ⅱ 馬: 말 마 睪: 엿볼 역 말(馬)을 엿보며(睪) 고르는 곳은? 말 을 어느 놈이 잘 달릴지 엿보며 고르는 곳은 ‘ 역 ’이지요. 역 역 역 (驛: 관원에게 말을 공급하는 곳 ) , 역사(驛舍), 역전(驛前)"
譯,번역할 역,睪言,言(말씀(말) 언) 睪(엿볼 역),ok,번역할 역(譯),http://tonghanja.com/%eb%b2%88%ec%97%ad%ed%95%a0-%ec%97%ad%e8%ad%af/,"譯 .3급Ⅱ 言: 말씀(말) 언 睪: 엿볼 역 말(言)을 엿보며(睪) 하는 것은? 말 을 사전 따위에서 엿보며 하는 것은 ‘ 번역함 ’이지요. 번역할 역 번 역 ( 飜 譯: 한 나라의 말을 다른 나라의 말로 옮김 ) , 통역(通譯), 직역(直譯)"
睪,엿볼 역,幸网,罒(눈 목) 幸(다행(행복) 행),ok,엿볼 역(睪),http://tonghanja.com/%ec%97%bf%eb%b3%bc-%ec%97%ad%e7%9d%aa/,睪 .무급 罒: 눈 목 幸: 다행(행복) 행 눈(罒)이 행복(幸)해지는 것은? 눈 이 행복 해지는 것은 남의 것을 ‘ 엿봄 ’이지요. 엿볼 역
報,갚을 보,幸,幸(다행(행복)) 행(다스릴 복),ok,갚을 보(報),http://tonghanja.com/%ea%b0%9a%ec%9d%84-%eb%b3%b4%e5%a0%b1/,"報 .4급Ⅱ 幸: 다행(행복) 행 : 다스릴 복 행복(幸)을 다스리는( ) 방법은? 행복 을 다스리는 방법은 세상으로부터 받은 은혜를 도로 ‘ 갚음 ’이지요. 갚을 보 보 은 (報 恩 : 은혜를 갚음) , 보답(報答), 보복(報復)"
服,옷 복,月,月(고기(몸)) 육(다스릴 복),ok,옷 복(服),http://tonghanja.com/%ec%98%b7-%eb%b3%b5%e6%9c%8d/,"服 .6급 月: 고기(몸) 육 : 다스릴 복 몸(月)을 다스리려고( ) 입는 것은? 몸 을 ‘ 다스리려고 ’ 즉 ‘관리하려고’ 입는 것은 ‘ 옷 ’이지요. 옷 복 의 복 ( 衣 服: 옷) , 피복(被服), 복장(服裝)"
執,잡을 집,丸幸,幸(다행(행복) 행) 丸(둥글 환),ok,잡을 집(執),http://tonghanja.com/%ec%9e%a1%ec%9d%84-%ec%a7%91%e5%9f%b7/,"執 .3급Ⅱ 幸: 다행(행복) 행 丸: 둥글 환 행복(幸)을 놓치지 않으려고 둥글게(丸) 손을 마는 것은? 행복 을 놓치지 않으려고 둥글게 손을 마는 것은 ‘ 잡음 ’이지요. 잡을 집 집 착 (執 着 : 붙 잡음) , 집념(執念), 아집(我執)"
幸,다행 행,辛,辛(매울 신),ok,다행 행(幸),http://tonghanja.com/%eb%8b%a4%ed%96%89-%ed%96%89%e5%b9%b8/,"幸 .6급Ⅱ : 한 일 辛: 매울 신 한( ) 번 매운(辛) 맛을 보면 깨닫는 것은? 한 번 매운 맛을 보면 깨닫는 것은 ‘ 다행 ’이지요. 다행 행 다 행 ( 多 幸: 운이 좋음 ) , 행복(幸福), 행운(幸運) * ‘幸’은 ‘행복 행’이라고도 합니다."
壁,벽 벽,土辟,辟(: 임금(가를) 벽) 土(흙 토),ok,벽 벽(壁),http://tonghanja.com/%eb%b2%bd-%eb%b2%bd%e5%a3%81/,"壁 .4급Ⅱ 辟: : 임금(가를) 벽 土: 흙 토 가르려고(辟) 흙(土)으로 지은 것은? 공간을 가르려고 흙 으로 지은 것은 ‘ 벽 ’이지요. 벽 벽 벽 (壁: 공간을 가르는 수직 건축물 ) , 토벽(土壁), 장벽(障壁)"
避,피할 피,辟辵,辟(임금(가를) 벽) 辶(갈 착),ok,피할 피(避),http://tonghanja.com/%ed%94%bc%ed%95%a0-%ed%94%bc%e9%81%bf/,"避 .4급 辟: 임금(가를) 벽 辶: 갈 착 갈라져(辟) 가는(辶) 것은? 상대와 갈라져 다른 데로 가는 것은 ‘ 피함 ’이지요. 피할 피 피 함 (避 함 : 어떤 일을 당하지 않으려고 몸을 옮김 ) , 도피(逃避), 회피(回避)"
辟,임금 벽,尸辛,尸(주검(몸) 시  ㅁ: 모양) 辛(매울(형벌칼) 신),ok,임금 벽(辟),http://tonghanja.com/%ec%9e%84%ea%b8%88-%eb%b2%bd%e8%be%9f/,"辟 .특급 尸: 주검(몸) 시 ㅁ: 모양 辛: 매울(형벌칼) 신 몸(尸)에서 살점(ㅁ) 떨어지게 형벌칼(辛)로 하는 것은? ‘ 辟 ’은 몸 에서 살점 떨어지게 형벌칼 로 하는 것인 ‘ 가름 ’을 나타낸 글자였으나, 후에 그렇게 하도록 형벌을 내리는 이인 ‘ 임금 ’을 뜻하게 되었답니다. 임금 벽"
辭,말씀 사,辛,급(모양) 辛(매울(형벌칼) 신),ok,말씀 사(辭),http://tonghanja.com/%eb%a7%90%ec%94%80-%ec%82%ac%e8%be%ad/,"辭 .4급 : 모양 辛: 매울(형벌칼) 신 양손( )에 수갑( )을 채우고 형벌칼(辛)로 가르면 하는 것은? 양손 에 수갑 을 채우고 형벌칼 로 가르면 하는 것은 ‘ 말씀 (말)’이지요. 말씀 사 언 사 ( 言 辭: 말) , 찬사(讚辭), 사전(辭典)"
亂,어지러울 란,,,none,어지러울 란(亂),http://tonghanja.com/%ec%96%b4%ec%a7%80%eb%9f%ac%ec%9a%b8-%eb%9e%80%e4%ba%82/,"亂 .4급 양손( )에 수갑( )을 차고 꿇어앉은( ) 이가 한 것은? 양손 에 수갑 을 차고 꿇어앉은 이가 한 것은 법이나 도덕을 어지럽힘(‘ 어지러움 ’)이지요. ☞ : 손목 구멍( )이 뚫린 두 나무토막( )에 비녀장(ㅡ)을 지른 ‘수갑(手匣)’을 본뜬 글자 어지러울 란 문 란 ( 紊 亂: 법이나 도덕을 어지럽힘 *紊·1급·어지러울 문 ) , 혼란(混亂), 난동(亂動)"
敵,원수 적,啇攵,啇(고문할 적) 攵(칠 복),ok,원수 적(敵),http://tonghanja.com/%ec%9b%90%ec%88%98-%ec%a0%81%e6%95%b5/,"敵 .4급Ⅱ 啇: 고문할 적 攵: 칠 복 뿌리 (啇) 뽑힐 때까지 치는(攵) 상대는? ‘ 뿌리 뽑힐 때까지’ 즉 ‘완전히 제거될 때까지’ 치는 상대는 ‘ 원수 (怨讐)’이지요. 원수 적 적 (敵: 원수) , 적군(敵軍), 강적(強敵)"
適,맞을 적,啇辵,啇(뿌리 적) 辶(갈 착),ok,맞을 적(適),http://tonghanja.com/%eb%a7%9e%ec%9d%84-%ec%a0%81%e9%81%a9/,"適 .4급 啇: 뿌리 적 辶: 갈 착 뿌리(啇)가 가는(辶) 것은? 뿌리 가 땅속에서 자리를 찾아 가는 것은 ‘알 맞음 ’이지요. 맞을 적 적 당 (適 當 : 알 맞음) , 적절(適切), 적합(適合)"
摘,들추어낼 적,啇手,扌(손 수) 啇(고문할 적),ok,들추어낼 적(摘),http://tonghanja.com/%eb%93%a4%ec%b6%94%ec%96%b4%eb%82%bc-%ec%a0%81%e6%91%98/,"摘 .3급Ⅱ 扌: 손 수 啇: 고문할 적 손(扌)으로 뿌리(啇)를 뽑는 것은? 손 으로 뿌리 를 뽑는 것은 뿌리를 ‘ 들추어냄 ’이지요. 들추어낼 적 적 출 (摘 出 : 들추어냄 ) , 적발(摘發), 지적(指摘)"
滴,물방울 적,啇水,氵(물 수) 啇(뿌리 적),ok,물방울 적(滴),http://tonghanja.com/%eb%ac%bc%eb%b0%a9%ec%9a%b8-%ec%a0%81%e6%bb%b4/,"滴 .3급 氵: 물 수 啇: 뿌리 적 물(氵)의 뿌리(啇)는? ‘ 물 의 뿌리 ’ 즉 ‘물의 근본(根本)’은 ‘ 물방울 ’이지요. 물방울 적 수 적 ( 水 滴: 물방울) , 수적천석(水滴穿石) * 근본 (根本): 1. 초목의 뿌리 2. 사물이 발생하는 근원"
啇,뿌리 적,古立,立(설) 립(모양) 古(예(오랠) 고),ok,뿌리 적(啇),http://tonghanja.com/%eb%bf%8c%eb%a6%ac-%ec%a0%81%e5%95%87/,啇 .무급 立: 설 립 : 모양 古: 예(오랠) 고 오래(古) 서게 (立) 떠받치는( ) 것은? 식물을 오래 서게 땅속에서 떠받치는 기관 은 ‘ 뿌리 ’이지요. 뿌리 적
帝,임금 제,,,none,임금 제(帝),http://tonghanja.com/%ec%9e%84%ea%b8%88-%ec%a0%9c%e5%b8%9d/,"帝 .4급 꽃(帝) 같은 분은? 꽃 같이 아름답고 고귀한 분은 ‘ 임금 ’이지요. 임금 제 제 왕 (帝 王 : 임금) , 제국(帝國), 황제(皇帝)"
宰,재상 재,宀辛,宀(집 면) 辛(매울(형벌칼) 신),ok,재상 재(宰),http://tonghanja.com/%ec%9e%ac%ec%83%81-%ec%9e%ac%e5%ae%b0/,宰 .3급 宀: 집 면 辛: 매울(형벌칼) 신 집(宀)을 형벌칼(辛)로 다스리는 이는? 국가(國家)라는 집 을 형벌칼 로 다스리는 이는 ‘ 재상 ’이지요. 재상 재 재 상 (宰 相 : 왕을 도와 모든 관원을 다스리는 벼슬아치 )
辨,분별할 변,刀辛,辛(매울(형벌칼) 신) 刂(칼 도) 辛(매울(형벌칼) 신),ok,분별할 변(辨),http://tonghanja.com/%eb%b6%84%eb%b3%84%ed%95%a0-%eb%b3%80%e8%be%a8/,"辨 .3급 辛: 매울(형벌칼) 신 刂: 칼 도 辛: 매울(형벌칼) 신 형벌칼( ) 사이에서 칼(刂)로 나누듯 하는 것은? 형벌칼 사이에서 칼 로 나누듯 하는 것은 죄의 유무를 ‘ 분별함 (分別함)’이지요. 분별할 변 변 별 (辨 別 : 옳고 그름 따위를 분별함) , 변명(辨明) , 변증법(辨證法)"
辯,말씀 변,言辛,辛(매울(형벌칼) 신) 言(말씀(말) 언) 辛(매울(형벌칼) 신),ok,말씀 변(辯),http://tonghanja.com/%eb%a7%90%ec%94%80-%eb%b3%80%e8%be%af/,"辯 .4급 辛: 매울(형벌칼) 신 言: 말씀(말) 언 辛: 매울(형벌칼) 신 형벌칼( ) 사이에서 하는 말(言)은? 형벌칼 사이에서 죄를 가릴 때 하는 말 은 ‘ 말씀 (말)’이지요. 말씀 변 변 호 (辯 護 : 피고를 옹호하는 말) , 변론(辯論), 항변(抗辯)"
辛,매울 신,,,none,매울 신(辛),http://tonghanja.com/%eb%a7%a4%ec%9a%b8-%ec%8b%a0%e8%be%9b/,"辛 .3급 칼날(立)과 바늘(十)로 된 것은? ‘ 辛 ’은 칼날 과 바늘 로 된 ‘ 형벌칼 ’을 나타낸 글자였으나, 후에 형벌칼에 베이거나 찔리면 맵다는 데서 ‘ 매움 ’을 뜻하게 되었답니다. 매울 신 신 랄 (辛 辣 : 매우 매움 *辣·1급·매울 랄 ) , 천신만고(千辛萬苦) * 형벌칼: 형벌을 가하거나 고문할 때 쓰던 도구"
保,지킬 보,人呆,亻(사람 인) 呆(어릴 매),ok,지킬 보(保),http://tonghanja.com/%ec%a7%80%ed%82%ac-%eb%b3%b4%e4%bf%9d/,"保 .4급Ⅱ 亻: 사람 인 呆: 어릴 매 사람(亻)이 어린(呆)아이에게 하는 것은? 사람 이 포대기에 싸인 어린 아이에게 하는 것은 ‘ 지킴 ’이지요. 지킬 보 보 호 (保 護 : 안전하게 지킴) , 보존(保存), 보육(保育)"
呆,어릴 매,,,none,어릴 매(呆),http://tonghanja.com/%ec%96%b4%eb%a6%b4-%eb%a7%a4%e5%91%86/,呆 .1급 포대기에 싸인 아이(呆)는? 포대기 에 싸인 아이 는 ‘ 어림 ’이지요. 어릴 매
亨,형통할 형,了,급(高(높을 고)의 이형) 了(마칠 료),ok,형통할 형(亨),http://tonghanja.com/%ed%98%95%ed%86%b5%ed%95%a0-%ed%98%95%e4%ba%a8/,"亨 .3급 : 高(높을 고)의 이형 了: 마칠 료 높은( ) 과정을 마치면(了)? 높은 교육 과정을 마치면 ‘ 형통함 ’이지요. 형통할 형 형 통 (亨 通 : 일이 뜻대로 잘됨 ) , 만사형통(萬事亨通)"
了,마칠 료,,,none,마칠 료(了),http://tonghanja.com/%eb%a7%88%ec%b9%a0-%eb%a3%8c%e4%ba%86/,"了 .3급 팔을 내린 아이(了)가 한 것은? 팔을 내린 아이 가 한 것은 걸음마 과정을 ‘ 마침 ’이지요. 마칠 료 종 료 ( 終 了: 어떤 과정을 마침) , 완료(完了), 수료(修了)"
熟,익을 숙,孰火,孰(누구 숙) 灬(불 화),ok,익을 숙(熟),http://tonghanja.com/%ec%9d%b5%ec%9d%84-%ec%88%99%e7%86%9f/,"熟 .3급Ⅱ 孰: 누구 숙 灬: 불 화 누구(孰)나 불(灬) 위에서 하는 것은? 누구 나 불 위에서 하는 것은 ‘ 익음 ’이지요. 익을 숙 완 숙 ( 完 熟: 완전하게 익음) , 반숙(半熟), 성숙(成熟)"
孰,누구 숙,丸享,享(누릴 향) 丸(둥글 환),ok,누구 숙(孰),http://tonghanja.com/%eb%88%84%ea%b5%ac-%ec%88%99%e5%ad%b0/,孰 .3급 享: 누릴 향 丸: 둥글 환 누리며(享) 둥글게(丸) 사는 사람을 좋아하는 이는? 좋은 것을 누리며 다른 이들과 둥글게 사는 사람을 좋아하는 이는 ‘ 누구 ’나이지요. 누구 숙
敦,도타울 돈,享攵,享(누릴 향) 攵(칠(때릴) 복),ok,도타울 돈(敦),http://tonghanja.com/%eb%8f%84%ed%83%80%ec%9a%b8-%eb%8f%88%e6%95%a6/,"敦 .3급 享: 누릴 향 攵: 칠(때릴) 복 누리기도(享) 하고 때리기도(攵) 하는 것은? 같이 누리기도 하고, 치고 박고 때리기 도 하는 것은 사이가 ‘ 도타움 ’이지요. 도타울 돈 돈 독 (敦 篤 : 도타움)"
郭,성곽 곽,享,享(누릴 향  ⻏: 고을 읍),ok,성곽 곽(郭),http://tonghanja.com/%ec%84%b1%ea%b3%bd-%ea%b3%bd%e9%83%ad/,"郭 .3급 享: 누릴 향 ⻏: 고을 읍 누리려고(享) 고을(⻏)에 쌓은 것은? 평화를 누리려고 고을 에 쌓은 것은 ‘ 성곽 ’이지요. 성곽 곽 성 곽 ( 城 郭: 외성(外城)과 내성(內城)을 통틀어 이르는 말 ) , 외곽(外郭), 내곽(內郭) * ‘郭’은 성곽은 고을의 둘레라는 데서, ‘둘레 곽’이라고도 합니다."
享,누릴 향,子,급(高(높을 고)의 이형) 子(아들(자식) 자),ok,누릴 향(享),http://tonghanja.com/%eb%88%84%eb%a6%b4-%ed%96%a5%e4%ba%ab/,"享 .3급 : 高(높을 고)의 이형 子: 아들(자식) 자 높은( ) 분의 자식(子)이 하는 것은? 높은 분의 자식 이 하는 것은 부귀 따위를 ‘ 누림 ’이지요. 누릴 향 향 유 (享 有 : 누리어 가짐 ) , 향락(享樂), 향년(享年)"
承,이을 승,子手,子(아들(아이) 자) 扌(손) 수(水(물 수)의 이형),ok,이을 승(承),http://tonghanja.com/%ec%9d%b4%ec%9d%84-%ec%8a%b9%e6%89%bf/,"承 .4급Ⅱ 子: 아들(아이) 자 扌: 손 수 : 水(물 수)의 이형 아이(子)의 손(扌)으로 물( )처럼 흘러가는 것은? 아이 의 손 으로 부모의 신분이나 권력 따위가 물 처럼 흘러가는 것은 아이가 부모의 신분이나 권력 따위를 ‘ 이음 ’이지요. 이을 승 승 계 (承 繼 : 신분이나 권력 따위를 이음) , 계승(繼承), 전승(傳承)"
厚,두터울 후,厂子曰,厂(기슭(벼랑) 엄) 曰(가로(말할) 왈) 子(아들(아이) 자),ok,두터울 후(厚),http://tonghanja.com/%eb%91%90%ed%84%b0%ec%9a%b8-%ed%9b%84%e5%8e%9a/,"厚 .4급 厂: 기슭(벼랑) 엄 曰: 가로(말할) 왈 子: 아들(아이) 자 벼랑(厂) 아래에서 말하는(曰) 아이(子)에게는? 벼랑 아래에서, 낙상한 자기를 도와달라 말하는 아이 에게는 인심이 ‘ 두터움 ’이지요. 두터울 후 후 함 (厚 함 : 인심 따위가 두터움) , 후대(厚待), 온후(溫厚)"
華,빛날 화,,,none,빛날 화(華),http://tonghanja.com/%eb%b9%9b%eb%82%a0-%ed%99%94%e8%8f%af/,"華 .4급 꽃(華)이 하는 것은? 꽃 이 하는 것은 화려하게 ‘ 빛남 ’이지요. 빛날 화 화 려 (華 麗 : 빛나고 고움 ) , 호화(豪華), 영화(榮華) * ‘華’는 ‘꽃 화’라고도 합니다."
杯,잔 배,不木,木(나무 목) 不(아닐 불),ok,잔 배(杯),http://tonghanja.com/%ec%9e%94-%eb%b0%b0%e6%9d%af/,"杯 .3급 木: 나무 목 不: 아닐 불 나무(木)를 봉오리(不) 모양으로 깎아 만든 것은? 나무 를 봉오리 모양으로 깎아 만든 것은 ‘ 잔 (盞)’이지요. 잔 배 목 배 ( 木 杯: 나무 잔) , 축배(祝杯), 성배(聖杯)"
否,아닐 부,不,不(아닐 불  ㅁ: 입(말) 구),ok,아닐 부(否),http://tonghanja.com/%ec%95%84%eb%8b%90-%eb%b6%80%e5%90%a6/,"否 .4급 不: 아닐 불 ㅁ: 입(말) 구 아니(不)라고 말(ㅁ)하는 것은? 아니 라고 말 하는 것은 ‘ 아님 ’이지요. 아닐 부 부 정 (否 定 : 아니 라고 단정함 ) , 부인(否認), 거부(拒否)"
不,아닐 불,,,none,아닐 불(不),http://tonghanja.com/%ec%95%84%eb%8b%90-%eb%b6%88%ef%a5%a7/,"不 .7급Ⅱ 봉오리(不)는? 봉오리 는 완전히 핀 꽃이 ‘ 아님 ’이지요. 아닐 불 불 완전 (不 完全 : 완전하지 아니함) , 부당(不當), 부정(不正) * 봉오리: 망울만 맺히고 아직 완전히 피지 아니한 꽃. * ‘不’은 뒷글자의 자음이 ‘ㄷ ’이나 ‘ㅈ’일 때에는 ‘부’로 읽습니다."
端,끝 단,立耑,立(설 립) 耑(꼭대기 단),ok,끝 단(端),http://tonghanja.com/%eb%81%9d-%eb%8b%a8%e7%ab%af/,"端 .4급Ⅱ 立: 설 립 耑: 꼭대기 단 꼭대기(耑)에서 서(立) 있는 부분은? ‘ 꼭대기 ’ 즉 ‘어떤 사물의 제일 위쪽’에서 우뚝 서 있는 부분은 ‘ 끝 ’이지요. 끝 단 말 단 ( 末 端: 맨 끝) , 극단(極端), 첨단(尖端)"
耑,꼭대기 단,山而,山(뫼 산) 而(말 이을(우두머리) 이),ok,꼭대기 단(耑),http://tonghanja.com/%ea%bc%ad%eb%8c%80%ea%b8%b0-%eb%8b%a8%e8%80%91/,耑 .무급 山: 뫼 산 而: 말 이을(우두머리) 이 산(山)의 우두머리(而)는? 산 의 우두머리 부분은 ‘ 꼭대기 ’이지요. 꼭대기 단
儒,선비 유,人而雨,亻(사람 인) 雨(비 우) 而(말 이을(우두머리) 이),ok,선비 유(儒),http://tonghanja.com/%ec%84%a0%eb%b9%84-%ec%9c%a0%e5%84%92/,"儒 .4급 亻: 사람 인 雨: 비 우 而: 말 이을(우두머리) 이 사람(亻)인데 비(雨)를 구하는 우두머리(而)는? 사람 인데 ‘ 비 를 구하는’ 즉 ‘기우제를 지내는’ 우두머리 는 ‘ 선비 ’이지요. 선비 유 유 생 (儒 生 : 선비) , 유학(儒學), 유교(儒敎)"
需,구할 수,而雨,雨(비 우) 而(말 이을(우두머리) 이),ok,구할 수(需),http://tonghanja.com/%ea%b5%ac%ed%95%a0-%ec%88%98%e9%9c%80/,"需 .3급Ⅱ 雨: 비 우 而: 말 이을(우두머리) 이 비(雨)를 우두머리(而)가 내려달라고 하는 것은? 비 를 우두머리 가 내려달라고 하는 것은 신에게 비를 ‘ 구함 (求함)’이지요. 구할 수 수 요 (需 要 : 필요한 것을 구함) , 내수(內需), 필수(必需) * ‘需’는 ‘요구하다’ ‘필요로 하다’ ‘쓰이다/쓰다’는 뜻으로도 쓰입니다."
耐,견딜 내,寸而,而(말 이을(수염) 이) 寸(마디(손) 촌),ok,견딜 내(耐),http://tonghanja.com/%ea%b2%ac%eb%94%9c-%eb%82%b4%e8%80%90/,"耐 .3급Ⅱ 而: 말 이을(수염) 이 寸: 마디(손) 촌 수염(而)을 손(寸)으로 뽑을 때 하는 것은? 수염 을 손 으로 잡아 뽑을 때 하는 것은 ‘ 견딤 ’이지요. 견딜 내 인 내 ( 忍 耐: 참고 견딤) , 내성(耐性), 내구(耐久) * 옛날에는 수염을 손으로 잡아 뽑는 형벌이 있었답니다."
而,말 이을 이,,,none,말 이을 이(而),http://tonghanja.com/%eb%a7%90-%ec%9d%b4%ec%9d%84-%ec%9d%b4%e8%80%8c/,"而 .3급 수염(而) 난 사람이 하는 것은? ‘ 而 ’는 콧수염 (￣)과 턱수염 ( )이 길게 난 사람인 ‘ 우두머리 ’를 나타낸 글자였으나, 후에 우두머리는 말을 연이어 한다는 데서 ‘ 말 이음 ’을 뜻하게 되었답니다. 말 이을 이 이 (而: 말 을 이을 때 쓰는 어조사 ) , 사이비(似而非), 형이상학(形而上學)"
針,바늘 침,十金,金(쇠 금) 十(모양),ok,바늘 침(針),http://tonghanja.com/%eb%b0%94%eb%8a%98-%ec%b9%a8%e9%87%9d/,"針 .4급 金: 쇠 금 十: 모양 쇠(金)로 된 바늘(十)은? 쇠 로 된 바늘 은 ‘ 바늘 ’이지요. ☞ ‘十’의 가로획(ㅡ)은 바늘귀를 나타낸 것입니다. 바늘 침 침 (針: 바늘) , 장침(長針), 독침((毒針)"
計,셀 계,十言,言(말씀(말) 언) 十(열 십),ok,셀 계(計),http://tonghanja.com/%ec%85%80-%ea%b3%84%e8%a8%88/,"計 .6급Ⅱ 言: 말씀(말) 언 十: 열 십 말(言) 열(十) 개로 하는 것은? ‘ 말 열 개’ 즉 ‘1, 2, 3, 4, 5, 6, 7, 8, 9, 0’으로 하는 것은 ‘ 셈 ’이지요. 셀 계 계 산 (計 算 : 셈) , 합계(合計), 집계(集計)"
丸,둥글 환,丶九,九(아홉(손) 구) 丶(모양),ok,둥글 환(丸),http://tonghanja.com/%eb%91%a5%ea%b8%80-%ed%99%98%e4%b8%b8/,"丸 .3급 九: 아홉(손) 구 丶: 모양 손(九)으로 둥글리는 알(丶)은? 손 으로 둥글리는 알 은 모양이 ‘ 둥긂 ’이지요. 둥글 환 환 약 (丸 藥 : 둥근 약 ) , 탄환(彈丸), 청심환(淸心丸) * ‘丸’은 ‘알 환’이라고도 합니다."
染,물들일 염,九木水,氵(물 수) 九(아홉(길) 구) 木(나무 목),ok,물들일 염(染),http://tonghanja.com/%eb%ac%bc%eb%93%a4%ec%9d%bc-%ec%97%bc%e6%9f%93/,"染 .3급Ⅱ 氵: 물 수 九: 아홉(길) 구 木: 나무 목 물(氵)에 길게(九) 담그는 건데 나무(木)로 저어줘야 하는 것은? 물 에 천을 ‘ 길게 ’ 즉 ‘오래’ 담그는 건데, 천에 얼룩이 지지 않게 나무 장대로 계속 저어줘야 하는 것은 천을 ‘ 물들임 ’이지요. 물들일 염 염 색 (染 色 : 물들임) , 염료(染料), 오염(汚染)"
軌,바퀴 자국 궤,九車,車(수레 차) 九(아홉(길) 구),ok,바퀴 자국 궤(軌),http://tonghanja.com/%eb%b0%94%ed%80%b4-%ec%9e%90%ea%b5%ad-%ea%b6%a4%e8%bb%8c/,"軌 .3급 車: 수레 차 九: 아홉(길) 구 수레(車)가 길게(九) 만드는 것은? 수레 가 바닥에 길게 만드는 것은 ‘ 바퀴 자국 ’이지요. 바퀴 자국 궤 궤 적 (軌 跡 : 바퀴 자국) , 궤도(軌道)"
只,다만 지,八口,口(입(말) 구) 八(여덟(나눌) 팔),ok,다만 지(只),http://tonghanja.com/%eb%8b%a4%eb%a7%8c-%ec%a7%80%e5%8f%aa/,只 .3급 口: 입(말) 구 八: 여덟(나눌) 팔 말(口)인데 나눌(八) 때 쓰는 것은? 말 인데 어떤 것을 다른 것들과 나눌 때 쓰는 것은 ‘ 다만 ’이지요. 다만 지 단 지 ( 但 只: 다만 / 오직 )
切,끊을 절,七刀,七(일곱 칠) 刀(칼 도),ok,끊을 절(切),http://tonghanja.com/%eb%81%8a%ec%9d%84-%ec%a0%88%e5%88%87/,"切 .5급Ⅱ 七: 일곱 칠 刀: 칼 도 일곱(七) 번 칼(刀)질하는 것은? 일곱 번이나 칼 질하는 것은 어떤 물체를 모두 ‘ 끊음 ’이지요. 끊을 절 절 단 (切 斷 : 끊음) , 절제(切除), 일체(一切) * ‘切’은 ‘모두 체’라고도 합니다. * 일체(一切): 모두 또는 모든 것"
冥,어두울 명,冖日六,冖(덮을 멱) 日(날(해) 일) 六(여섯 륙),ok,어두울 명(冥),http://tonghanja.com/%ec%96%b4%eb%91%90%ec%9a%b8-%eb%aa%85%e5%86%a5/,"冥 .3급 冖: 덮을 멱 日: 날(해) 일 六: 여섯 륙 덮여서(冖) 해(日)가 안 보이는 여섯(六) 시간은? 땅이나 물에 덮여서 해 가 안 보이는 술시(戌時: 오후 7시~9시)·해시(亥時: 오후 9시~11시)·자시(子時: 오후 11시~오전 1시)·축시(丑時: 오전 1시~3시)·인시(寅時: 오전 3시~5시)·묘시(卯時: 오전 5시~7시)의 여섯 시간은 ‘ 어두움 ’이지요. 어두울 명 명상(冥想), 명복(冥福)"
語,말씀 어,吾言,言(말씀(말) 언) 吾(나 오),ok,말씀 어(語),http://tonghanja.com/%eb%a7%90%ec%94%80-%ec%96%b4%e8%aa%9e/,"語 .7급 言: 말씀(말) 언 吾: 나 오 말(言)인데 내(吾)가 습득한 만큼 하는 것은? 말 인데 저마다 내 가 습득한 만큼 하는 것은 ‘ 말씀 (말)’이지요. 말씀 어 언 어 ( 言 語: 말 / 음성이나 문자로 사상이나 감정을 전달하는 수단 ) , 국어(國語), 단어(單語)"
悟,깨달을 오,吾心,忄(마음 심) 吾(나 오),ok,깨달을 오(悟),http://tonghanja.com/%ea%b9%a8%eb%8b%ac%ec%9d%84-%ec%98%a4%e6%82%9f/,"悟 .3급Ⅱ 忄: 마음 심 吾: 나 오 마음(忄)으로 내(吾)가 하는 것은? 마음 으로 내 가 하는 것은 ‘ 깨달음 ’이지요. 깨달을 오 오 득 (悟 得 : 깨달아 얻음 ) , 대오(大悟), 각오(覺悟) * 우리는 다른 이에게 무언가를 가르칠 수 없다. 다만 스스로 깨닫도록 도와줄 뿐이다. – 갈릴레오"
吾,나 오,五,五(다섯 오  ㅁ: 입(말) 구),ok,나 오(吾),http://tonghanja.com/%eb%82%98-%ec%98%a4%e5%90%be/,吾 .3급 五: 다섯 오 ㅁ: 입(말) 구 다섯(五)으로 가리키며 하는 말(ㅁ)은? 다섯 손가락으로 자기를 가리키며 하는 말 은 ‘ 나 ’이지요. 나 오 오비삼척(吾鼻三尺) * 오비삼척(吾鼻三尺): 내 코가 석 자/ 내 콧물이 석 자나 흘러내려 남의 사정을 돌볼 겨를이 없음
檀,박달나무 단,亶木,木(나무 목) 亶(믿을(제단) 단),ok,박달나무 단(檀),http://tonghanja.com/%eb%b0%95%eb%8b%ac%eb%82%98%eb%ac%b4-%eb%8b%a8%e6%aa%80/,"檀 .4급Ⅱ 木: 나무 목 亶: 믿을(제단) 단 나무(木)인데 제단(亶) 지을 때 쓰는 것은? 나무 인데 제단 의 건물을 지을 때 쓰는 것은 단단하고 좀이 잘 슬지 않는 나무인 ‘ 박달나무 ’이지요. 박달나무 단 단 목 (檀 木 : 박달나무) , 단군(檀君)"
壇,제단 단,亶土,土(흙 토) 亶(믿을(제단) 단),ok,제단 단(壇),http://tonghanja.com/%ec%a0%9c%eb%8b%a8-%eb%8b%a8%e5%a3%87/,"壇 .5급 土: 흙 토 亶: 믿을(제단) 단 흙(土)으로 쌓은 제단(亶)은? 흙 으로 쌓은 제단 은 ‘ 제단 ’이지요. 제단 단 제 단 ( 祭 壇: 제사를 지내는 단 ) , 강단(講壇), 단상(壇上)"
亶,믿을 단,,,none,믿을 단(亶),http://tonghanja.com/%eb%af%bf%ec%9d%84-%eb%8b%a8%e4%ba%b6/,亶 .특급Ⅱ 제단 (亶)에서 하는 것은? 제단 에서 하는 것은 신을 ‘ 믿음 ’이지요. 믿을 단
圖,그림 도,啚囗,囗(모양) 啚(변두리 비),ok,그림 도(圖),http://tonghanja.com/%ea%b7%b8%eb%a6%bc-%eb%8f%84%e5%9c%96/,"圖 .6급Ⅱ 囗: 모양 啚: 변두리 비 종이(囗)에 변두리(啚)를 그린 것은? ‘ 圖 ’는 종이 에 ‘ 변두리 ’ 즉 ‘어떤 지역의 가장자리’를 그린 ‘ 지도 ’를 나타낸 글자였으나, 후에 의미가 확장되어 ‘ 그림 ’을 뜻하게 되었답니다. 그림 도 지 도 ( 地 圖: 땅의 모양을 나타낸 그림) , 도화(圖畫), 도면(圖面)"
啚,변두리 비,㐭,㐭(곳집 름),ok,변두리 비(啚),http://tonghanja.com/%eb%b3%80%eb%91%90%eb%a6%ac-%eb%b9%84%e5%95%9a/,啚 .무급 ㅁ: 모양 㐭: 곳집 름 담(ㅁ)이 곳집(㐭)에서 위치한 곳은? 담 이 곳집 에서 위치한 곳은 곳집의 ‘ 변두리 ’이지요. 변두리 비 * 변두리: 어떤 지역의 가장자리
墻,담 장,嗇土,土(흙 토) 嗇(아낄 색),ok,담 장(墻),http://tonghanja.com/%eb%8b%b4-%ec%9e%a5%e5%a2%bb/,墻 .3급 土: 흙 토 嗇: 아낄 색 흙(土)인데 아끼는(嗇) 곳을 지키려고 만든 것은? 흙 으로 지은 건데 아끼는 곳을 지키려고 만든 것은 ‘ 담 ’이지요. 담 장 담 장 ( 담 墻: 담)
嗇,아낄 색,㐭,급(모양) 㐭(곳집 름),ok,아낄 색(嗇),http://tonghanja.com/%ec%95%84%eb%82%84-%ec%83%89%e5%97%87/,嗇 .1급 : 모양 㐭: 곳집 름 베어낸 보리( )를 곳집(㐭)에 넣어두는 것은? 베어낸 보리 를 당장 먹거나 쓰지 않고 곳집 에 넣어두는 것은 ‘ 아낌 ’ 이지요. ☞ : 베어낸 보리(來→ )를 나타낸 글자 아낄 색
㐭,곳집 름,,,none,곳집 름(㐭),http://tonghanja.com/%ea%b3%b3%ec%a7%91-%eb%a6%84%e3%90%ad/,㐭 .무급 집( )인데 물건(ㅁ)을 넣어두는 곳은? 집 인데 물건 을 넣어두는 곳은 ‘ 곳집 ’이지요. 곳집 름
麥,보리 맥,來夂,來(올(보리) 래) 夂(모양),ok,보리 맥(麥),http://tonghanja.com/%eb%b3%b4%eb%a6%ac-%eb%a7%a5%e9%ba%a5/,"麥 .3급Ⅱ 來: 올(보리) 래 夂: 모양 보리(來)인데 긴 뿌리(夂)가 달린 것은? ‘ 麥 ’은 ‘來’가 ‘오다’는 뜻으로 쓰이자, 후에 보리 의 특징인 ‘ 긴 뿌리 ’(夂)를 덧붙여 ‘ 보리 ’를 나타낸 글자입니다. 보리 맥 대 맥 ( 大 麥: 보리) , 소맥(小麥), 맥주(麥酒) * 소맥(小麥): 밀"
來,올 래,,,none,올 래(來),http://tonghanja.com/%ec%98%ac-%eb%9e%98%e4%be%86/,"來 .7급 보리(來)가 한 것은? ‘ 來 ’는 ‘ 보리 ’의 모양을 나타낸 글자였으나, 후에 보리는 외국에서 중국으로 전래된 곡물이라는 데서 ‘ 옴 ’을 뜻하게 되었답니다. 올 래 전 래 ( 傳 來: 전해져 옴) , 외래(外來), 도래(渡來)"
得,얻을 득,寸彳旦,彳(조금 걸을(걸을) 척) 旦(아침 단) 寸(마디(손) 촌),ok,얻을 득(得),http://tonghanja.com/%ec%96%bb%ec%9d%84-%eb%93%9d%e5%be%97/,"得 .4급Ⅱ 彳: 조금 걸을(걸을) 척 旦: 아침 단 寸: 마디(손) 촌 걸어(彳) 다니며 아침(旦)부터 손(寸)으로 하는 것은? 걸어 다니며 부지런히 아침 부터 손 으로 하는 것은 세상에 널린 재물을 ‘ 얻음 ’이지요. 얻을 득 획 득 ( 獲 得: 얻음) , 취득(取得), 이득(利得)"
糧,양식 량,米量,米(쌀 미) 量(헤아릴 량),ok,양식 량(糧),http://tonghanja.com/%ec%96%91%ec%8b%9d-%eb%9f%89%e7%b3%a7/,"糧 .4급 米: 쌀 미 量: 헤아릴 량 쌀(米)인데 헤아려(量) 먹는 것은? 쌀 인데 양을 헤아려 먹는 것은 ‘ 양식 ’이지요. 양식 량 양 식 (糧 食 : 살아가는 데 필요한 먹을거리 ) , 식량(食糧), 군량미(軍糧米)"
量,헤아릴 량,旦里,旦(아침 단) 里(마을 리),ok,헤아릴 량(量),http://tonghanja.com/%ed%97%a4%ec%95%84%eb%a6%b4-%eb%9f%89%e9%87%8f/,"量 .5급 旦: 아침 단 里: 마을 리 아침(旦)마다 마을(里) 사람들이 하는 것은? 공동체 사회에서 아침 마다 마을 사람들이 하는 것은 밥을 지으려고 곡식의 양을 ‘ 헤아림 ’이지요. 헤아릴 량 측 량 ( 測 量: 재어 헤아림 ) , 계량(計量), 분량(分量)"
但,다만 단,人旦,亻(사람 인) 旦(아침 단),ok,다만 단(但),http://tonghanja.com/%eb%8b%a4%eb%a7%8c-%eb%8b%a8%e4%bd%86/,但 .3급Ⅱ 亻: 사람 인 旦: 아침 단 사람(亻)이 아침(旦)에 입고 있는 것은? 사람 이 아침 에 입고 있는 것은 ‘ 다만 ’ 바지뿐이지요. 다만 단 단 지 (但 只 : 다만 / 오직 )
旦,아침 단,日,日(날(해)) 일(모양),ok,아침 단(旦),http://tonghanja.com/%ec%95%84%ec%b9%a8-%eb%8b%a8%e6%97%a6/,旦 .3급Ⅱ 日: 날(해) 일 : 모양 해(日)가 땅( ) 위로 뜨는 때는? 해 가 땅 위로 뜨는 때는 ‘ 아침 ’이지요. 아침 단
換,바꿀 환,大手,扌(손) 수(모) 양(모양) 大(큰(사람) 대),ok,바꿀 환(換),http://tonghanja.com/%eb%b0%94%ea%bf%80-%ed%99%98%e6%8f%9b/,"換 .3급Ⅱ 扌: 손 수 : 모양 : 모양 大: 큰(사람) 대 손(扌)으로 사람( )이 판매대( )에서 다른 사람(大)과 하는 것은? 손 으로 사람 이 판매대 에서 다른 사람 과 하는 것은 물건 따위를 ‘ 바꿈 ’이지요. 바꿀 환 교 환 ( 交 換: 무엇을 서로 바꿈) , 호환(互換), 변환(變換)"
商,장사 상,,,none,장사 상(商),http://tonghanja.com/%ec%9e%a5%ec%82%ac-%ec%83%81%e5%95%86/,"商 .5급Ⅱ 높은 건물(商)이 많은 곳의 사람들이 하던 것은? ‘ 商 ’은 높은 건물 이 많은 곳인 ‘ 상(商)나라 ’ 를 뜻하는 글자였으나, 후에 상나라 사람들이 여러 지역을 오가며 장사를 하던 데서 ‘ 장사 ’를 뜻하게 되었답니다. 장사 상 상 업 (商 業 : 장사 하는 일 ) , 상인(商人) , 상점(商店)"
顔,얼굴 안,彦頁,彦(선비 언) 頁(머리 혈),ok,얼굴 안(顔),http://tonghanja.com/%ec%96%bc%ea%b5%b4-%ec%95%88%e9%a1%94/,"顔 .3급Ⅱ 彦: 선비 언 頁: 머리 혈 선비(彦)임이 머리(頁)에서 드러나는 곳은? 선비 임이 머리 에서 드러나는 곳은 하얀 ‘ 얼굴 ’이지요. 얼굴 안 안 면 (顔 面 : 얼굴) , 안색(顔色), 동안(童顔) * 선비는 밖에서 일을 하지 않아 얼굴이 하얗지요."
彦,선비 언,产彡,产(낳을 산) 彡(터럭(빛날) 삼),ok,선비 언(彦),http://tonghanja.com/%ec%84%a0%eb%b9%84-%ec%96%b8%e5%bd%a6/,彦 .1급Ⅱ 产: 낳을 산 彡: 터럭(빛날) 삼 낳을(产) 때부터 빛나는(彡) 이는? 낳을 때부터 빛나는 이는 ‘ 선비 ’이지요. 선비 언
産,낳을 산,产生,产(낳을 산) 生(날 생),ok,낳을 산(産),http://tonghanja.com/%eb%82%b3%ec%9d%84-%ec%82%b0%e7%94%a3/,"産 .5급Ⅱ 产: 낳을 산 生: 날 생 낳아서(产) 생기게(生) 하는 것은? 낳아서 아이를 생기게 하는 것은 아이를 ‘ 낳음 ’이지요. 낳을 산 출 산 ( 出 産: 아이를 낳는 일 ) , 생산(生産), 산아(産兒)"
产,낳을 산,,,none,낳을 산(产),http://tonghanja.com/%eb%82%b3%ec%9d%84-%ec%82%b0%e4%ba%a7/,产 .무급 사람( )이 다리를 벌리고(厂) 하는 것은? 사람 이 넓게 다리 를 벌리고 하는 것은 아이를 ‘ 낳음 ’이지요. 낳을 산
讚,기릴 찬,言贊,言(말씀(말) 언) 贊(도울 찬),ok,기릴 찬(讚),http://tonghanja.com/%ea%b8%b0%eb%a6%b4-%ec%b0%ac%e8%ae%9a/,"讚 .4급 言: 말씀(말) 언 贊: 도울 찬 말(言)인데 도움(贊) 받을 때 하는 것은? 말 인데 도움 받을 때 하는 것은 상대를 ‘ 기림 ’이지요. 기릴 찬 찬 사 (讚 辭 : 기리는 말 ) , 찬양(讚揚), 칭찬(稱讚)"
贊,도울 찬,兟貝,兟(나아갈 신) 貝(조개(돈) 패),ok,도울 찬(贊),http://tonghanja.com/%eb%8f%84%ec%9a%b8-%ec%b0%ac%e8%b4%8a/,"贊 .3급Ⅱ 兟: 나아갈 신 貝: 조개(돈) 패 나아갈(兟) 수 있게 돈(貝)을 주는 것은? 나아갈 수 있게 돈 을 주는 것은 상대를 ‘ 도움 ’이지요. ☞ 兟: 서로 먼저(先先) 가려고 나아가는 모습에서, 나아갈 신 도울 찬 찬 조 (贊 助 : 도움) , 찬성(贊成) 협찬(協贊)"
洗,씻을 세,先水,氵(물 수) 先(먼저 선),ok,씻을 세(洗),http://tonghanja.com/%ec%94%bb%ec%9d%84-%ec%84%b8%e6%b4%97/,"洗 .5급Ⅱ 氵: 물 수 先: 먼저 선 물(氵)을 길어와 먼저(先) 하는 것은? 물 을 길어와 요리나 청소보다 먼저 하는 것은 더러워진 몸을 ‘ 씻음 ’이지요. 씻을 세 세 수 (洗 手 : 손이나 얼굴을 씻음) , 세면(洗面), 세탁(洗濯) * 옛날에는 물을 마을의 공동 우물이나 인접한 하천 따위에서 길어와 썼답니다."
先,먼저 선,儿,급(牛(소 우)의 이형) 儿(사람 인),ok,먼저 선(先),http://tonghanja.com/%eb%a8%bc%ec%a0%80-%ec%84%a0%e5%85%88/,"先 .8급 : 牛(소 우)의 이형 儿: 사람 인 소( )가 사람(儿) 앞에 있는 것은? 소 가 사람 앞에 있는 것은 소가 사람보다 ‘ 먼저 ’ 가는 것이지요. 먼저 선 선 도 (先 導 : 먼저 이끎 ) , 선두(先頭), 선행(先行)"
遙,멀 요,月缶辵,月(고기 육) 缶(장군 부) 辶(갈 착),ok,멀 요(遙),http://tonghanja.com/%eb%a9%80-%ec%9a%94%e9%81%99/,遙 .3급 月: 고기 육 缶: 장군 부 辶: 갈 착 고기(月)와 술 장군(缶)을 가지고 가는(辶) 곳은? 도중에 먹으려고 고기 와 술 장군 을 가지고 가는 곳은 거리가 ‘ 멂 ’이지요. 멀 요 요 원 (遙 遠 : 아득히 멂)
搖,흔들 요,手月缶,扌(손 수) 月(고기 육) 缶(장군 부),ok,흔들 요(搖),http://tonghanja.com/%ed%9d%94%eb%93%a4-%ec%9a%94%e6%90%96/,"搖 .3급 扌: 손 수 月: 고기 육 缶: 장군 부 손(扌)으로 하는 건데 고기(月)와 술 장군(缶)에 어울리는 것은? 손 으로 하는 건데 고기 와 술 장군 에 잘 어울리는 것은 손을 ‘ 흔듦 ’이지요. 흔들 요 요 동 (搖 動 : 흔들어 움직임 ) , 요란(搖亂)"
謠,노래 요,月缶言,言(말씀(말) 언) 月(고기 육) 缶(장군 부),ok,노래 요(謠),http://tonghanja.com/%eb%85%b8%eb%9e%98-%ec%9a%94%e8%ac%a0/,"謠 .4급Ⅱ 言: 말씀(말) 언 月: 고기 육 缶: 장군 부 말(言)로 하는 건데 고기(月)와 술 장군(缶)에 어울리는 것은? 말 로 하는 건데 고기 와 술 장군 에 잘 어울리는 것은 ‘ 노래 ’이지요. 노래 요 가 요 ( 歌 謠: 노래) , 민요(民謠), 동요(童謠)"
聰,귀 밝을 총,悤耳,耳(귀 이) 悤(밝을 총),ok,귀 밝을 총(聰),http://tonghanja.com/%ea%b7%80-%eb%b0%9d%ec%9d%84-%ec%b4%9d%e8%81%b0/,"聰 .3급 耳: 귀 이 悤: 밝을 총 귀(耳)가 밝은(悤) 것은? 귀 가 밝은 것은 ‘ 귀 밝음 ’이지요. 귀 밝을 총 총 명 (聰 明 : 총기가 있고 명민함 ) , 총기(聰氣) * ‘聰’은 귀가 밝아 말귀를 잘 알아듣는 것인 ‘총명함’을 뜻하기도 합니다."
總,다 총,悤糸,糸(실 사) 悤(밝을 총),ok,다 총(總),http://tonghanja.com/%eb%8b%a4-%ec%b4%9d%e7%b8%bd/,"總 .4급Ⅱ 糸: 실 사 悤: 밝을 총 실(糸)로 묶듯이 밝혀(悤)내는 것은? 실 로 한군데로 모아 묶듯이, 밝혀 내는 것은 ‘ 다 ’이지요. 다 총 총 합 (總 合 : 다 합함 또는 그런 것 ) , 총계(總計), 총량(總量)"
悤,밝을 총,囱心,囱(창문 창) 心(마음 심),ok,밝을 총(悤),http://tonghanja.com/%eb%b0%9d%ec%9d%84-%ec%b4%9d%e6%82%a4/,悤 .특급Ⅱ 囱: 창문 창 心: 마음 심 창문(囱)을 내면 마음(心)이 느끼는 것은? 창문 을 내면 마음 이 느끼는 것은 ‘ 밝음 ’이지요. 밝을 총
囱,창문 창,宀攵,宀(집 면) 攵(칠) 복(모양),ok,창문 창(囱),http://tonghanja.com/%ec%b0%bd%eb%ac%b8-%ec%b0%bd%e5%9b%b1/,囱 .무급 宀: 집 면 攵: 칠 복 : 모양 집(宀)을 쳐서(攵) 만든 구멍( )은? 집 을 연장으로 쳐서 만든 구멍 ( )은 ‘ 창문 ’이지요. 창문 창
混,섞을 혼,昆水,氵(물 수) 昆(벌레 곤),ok,섞을 혼(混),http://tonghanja.com/%ec%84%9e%ec%9d%84-%ed%98%bc%e6%b7%b7/,"混 .4급 氵: 물 수 昆: 벌레 곤 물(氵)에 벌레(昆)가 들어 있는 것은? 물 에 벌레 가 들어 있는 것은 깨끗한 물에 더러운 벌레가 ‘섞임( 섞음 )’이지요. 섞을 혼 혼 탁 (混 濁 : 불순물이 섞여 흐림 ) , 혼잡(混雜), 혼합(混合)"
昆,벌레 곤,,,none,벌레 곤(昆),http://tonghanja.com/%eb%b2%8c%eb%a0%88-%ea%b3%a4%e6%98%86/,昆 .1급 등껍질( )과 배( )와 다리(比)로 된 것은? ‘ 昆 ’은 등껍질 과 배 와 다리 로 된 딱정벌레나 바퀴벌레나 무당벌레 따위의 ‘ 벌레 ’(昆蟲)를 나타낸 글자입니다. 벌레 곤
博,넓을 박,十尃,十(열(여러) 십) 尃(펼 부),ok,넓을 박(博),http://tonghanja.com/%eb%84%93%ec%9d%84-%eb%b0%95%e5%8d%9a/,"博 .4급Ⅱ 十: 열(여러) 십 尃: 펼 부 여러(十) 곳으로 펴진(尃) 것은? 여러 곳으로 펴진 것은 면적이 ‘ 넓음 ’이지요. 넓을 박 해 박 ( 該 博: 넓게 갖춤/ 여러 방면으로 아는 게 많음 ) , 박식(博識), 박사(博士)"
薄,엷을 박,溥艸,艹(풀 초) 溥(엷을 부),ok,엷을 박(薄),http://tonghanja.com/%ec%97%b7%ec%9d%84-%eb%b0%95%e8%96%84/,"薄 .3급Ⅱ 艹: 풀 초 溥: 엷을 부 풀(艹)잎처럼 엷은(溥) 것은? 풀 잎처럼 엷은 것은 두께가 ‘ 엷음 ’이지요. 엷을 박 박 함 (薄 함 : 엷음) , 희박(稀薄), 야박(野薄)"
簿,문서 부,溥竹,竹(대 죽) 溥(엷을 부),ok,문서 부(簿),http://tonghanja.com/%eb%ac%b8%ec%84%9c-%eb%b6%80%e7%b0%bf/,"簿 .3급Ⅱ 竹: 대 죽 溥: 엷을 부 대(竹)를 엷게(溥) 잘라 만드는 것은? 대 를 엷게 잘라 만드는 것은 ‘죽간(竹簡)’ 즉 ‘ 문서 (文書)’이지요. 문서 부 장 부 ( 帳 簿: 수입과 지출 따위를 기록하는 문서) , 명부(名簿), 기록부(記錄簿)"
溥,엷을 부,尃水,氵(물 수) 尃(펼 부),ok,엷을 부(溥),http://tonghanja.com/%ec%97%b7%ec%9d%84-%eb%b6%80%e6%ba%a5/,溥 .특급Ⅱ 氵: 물 수 尃: 펼 부 물(氵)이 펴진(尃) 것은? 물 이 바닥 따위에서 펴진 것은 두께가 ‘ 엷음 ’이지요. 엷을 부
尃,펼 부,寸甫,甫(클(실패) 보) 寸(마디(손) 촌),ok,펼 부(尃),http://tonghanja.com/%ed%8e%bc-%eb%b6%80%e5%b0%83/,尃 .무급 甫: 클(실패) 보 寸: 마디(손) 촌 실패(甫)를 손(寸)으로 잡고 하는 것은? 실패 를 손 으로 잡고 하는 것은 감긴 실을 ‘ 폄 ’이지요. 펼 부
捕,잡을 포,手甫,扌(손 수) 甫(클(찰) 보),ok,잡을 포(捕),http://tonghanja.com/%ec%9e%a1%ec%9d%84-%ed%8f%ac%e6%8d%95/,"捕 .3급Ⅱ 扌: 손 수 甫: 클(찰) 보 손(扌)이 차는(甫) 것은? 손 안이 차는 것은 무엇을 ‘ 잡음 ’이지요. 잡을 포 포 착 (捕 捉 : 잡음) , 포획(捕獲), 체포(逮捕)"
浦,개 포,水甫,氵(물 수) 甫(클(찰) 보),ok,개 포(浦),http://tonghanja.com/%ea%b0%9c-%ed%8f%ac%e6%b5%a6/,"浦 .3급Ⅱ 氵: 물 수 甫: 클(찰) 보 물(氵)이 차는(甫) 곳은? 물 이 나갔다가 다시 차는 곳은 ‘ 개 ’이지요. 개 포 포 (浦: 개 / 조수가 드나드는 곳 ) , 포구(浦口)"
補,기울 보,甫衣,衤(옷 의) 甫(클(찰) 보),ok,기울 보(補),http://tonghanja.com/%ea%b8%b0%ec%9a%b8-%eb%b3%b4%e8%a3%9c/,"補 .3급Ⅱ 衤: 옷 의 甫: 클(찰) 보 옷(衤)이 차는(甫) 것은? 옷 의 떨어진 부분이 새 옷감으로 차는 것은 ‘ 기움 ’이지요. 기울 보 보 수 (補 修 : 기워서 수선함 ) , 보충(補充), 보완(補完)"
甫,클 보,,,none,클 보(甫),http://tonghanja.com/%ed%81%b4-%eb%b3%b4%e7%94%ab/,"甫 .1급Ⅱ 실패( )에 실( )이 감겨 있는 것은? ‘ 甫 ’는 실패 에 실 이 감겨 있는 것인 ‘ 참 ’을 나타낸 글자였으나, 후에 실패에 실이 가득 차면 모양이 크다는 데서 ‘ 큼 ’을 뜻하게 되었답니다. 클 보"
負,질 부,貝,급(사람 인) 貝(조개(재물) 패),ok,질 부(負),http://tonghanja.com/%ec%a7%88-%eb%b6%80%e8%b2%a0/,"負 .4급 : 사람 인 貝: 조개(재물) 패 사람( )이 재물(貝)을 들어올려서 하는 것은? 사람 이 재물 을 들어올려서 하는 것은 등 따위에 ‘ 짐 ’이지요. 질 부 부 하 (負 荷 : 짐을 짐 또는 그런 짐 ) , 부담(負擔), 부채(負債)"
韻,운 운,員音,音(소리(말소리) 음) 員(인원(관원) 원),ok,운 운(韻),http://tonghanja.com/%ec%9a%b4-%ec%9a%b4%e9%9f%bb/,"韻 .3급Ⅱ 音: 소리(말소리) 음 員: 인원(관원) 원 말소리(音)인데 관원(員)이 넣는 것은? 말소리 인데 관원 이 시(詩) 따위에 넣는 것은 ‘ 운 ’이지요. 운 운 운 (韻: 시에서 동일한 위치에 규칙적으로 쓰이는, 같거나 비슷한 말소리 ) , 운율(韻律), 운문(韻文)"
圓,둥글 원,員囗,囗(모양) 員(인원(관원) 원),ok,둥글 원(圓),http://tonghanja.com/%eb%91%a5%ea%b8%80-%ec%9b%90%e5%9c%93/,"圓 .4급Ⅱ 囗: 모양 員: 인원(관원) 원 관원(員)들이 에워싼(囗) 모양은? 관원 들이 죄인 따위를 에워싼 모양은 ‘ 둥긂 ’이지요. 둥글 원 원 (圓: 둥글게 그려진 모양이나 형태/ 동그라미 ) , 원형(圓形), 원기둥(圓기둥)"
損,덜 손,員手,扌(손 수) 員(인원(관원) 원),ok,덜 손(損),http://tonghanja.com/%eb%8d%9c-%ec%86%90%e6%90%8d/,"損 .4급 扌: 손 수 員: 인원(관원) 원 손(扌)으로 관원(員)이 재물을 가져가는 것은? 손 으로 관원 이 내 재물을 가져가는 것은 ‘ 덞 ’이지요. 덜 손 손 실 (損 失 : 덜리어 잃음 ) , 손해(損害), 결손(缺損)"
員,인원 원,貝,貝(조개(재물) 패),ok,인원 원(員),http://tonghanja.com/%ec%9d%b8%ec%9b%90-%ec%9b%90%e5%93%a1/,"員 .4급Ⅱ ㅁ: 입 구 貝: 조개(재물) 패 입(ㅁ)으로 재물(貝)을 바치라고 하는 이는? ‘ 員 ’은 입 으로 재물 을 바치라고 말하는 이인 ‘ 관원 ’을 나타낸 글자였으나, 후에 의미가 확장되어 ‘ 인원 ’을 뜻하게 되었답니다. 인원 원 인 원 ( 人 員: 단체를 이루고 있는 사람들 ) , 관원(官員), 공무원(公務員)"
待,기다릴 대,寺彳,彳(조금 걸을 척) 寺(절(관청) 사),ok,기다릴 대(待),http://tonghanja.com/%ea%b8%b0%eb%8b%a4%eb%a6%b4-%eb%8c%80%e5%be%85/,"待 .6급 彳: 조금 걸을 척 寺: 절(관청) 사 관청(寺)에서 조금씩 걷고(彳) 있는 것은? 관청 에서 조금 씩 걷고 있는 것은 줄을 서서 자기 차례를 ‘ 기다림 ’이지요. 기다릴 대 대 기 (待 機 : 때를 기다림) , 기대(期待), 고대(苦待)"
等,무리 등,寺竹,竹(대 죽) 寺(절(관청) 사),ok,무리 등(等),http://tonghanja.com/%eb%ac%b4%eb%a6%ac-%eb%93%b1%e7%ad%89/,"等 .6급Ⅱ 竹: 대 죽 寺: 절(관청) 사 대(竹)의 마디처럼 관청(寺)에 나뉘어 있는 것은? 대 의 마디처럼 관청 에 위아래로 나뉘어 있는 것은 관리들의 ‘ 무리 ’이지요. 무리 등 등 급 (等 級 : 무리 의 급수 ) , 동등(同等), 차등(差等)"
特,특별할 특,寺牛,牛(소 우) 寺(절(관청) 사),ok,특별할 특(特),http://tonghanja.com/%ed%8a%b9%eb%b3%84%ed%95%a0-%ed%8a%b9%e7%89%b9/,"特 .6급 牛: 소 우 寺: 절(관청) 사 소(牛)를 관청(寺)이 잡는 것은? 소 를 관청 사람들이 잡아 고사를 지내는 것은 고을의 상황이 ‘ 특별함 ’이지요. 특별할 특 특 별 (特 別 : 보통과 아주 다름 ) , 특수(特殊), 특이(特異)"
侍,모실 시,人寺,亻(사람 인) 寺(절(관청) 사),ok,모실 시(侍),http://tonghanja.com/%eb%aa%a8%ec%8b%a4-%ec%8b%9c%e4%be%8d/,"侍 .3급Ⅱ 亻: 사람 인 寺: 절(관청) 사 사람(亻)이 관청(寺)에서 하는 것은? 사람 이 관청 에서 하는 것은 윗사람을 ‘ 모심 ’이지요. 모실 시 내시(內侍), 시녀(侍女), 시비(侍婢)"
時,때 시,寺日,日(날(해) 일) 寺(절(관청) 사),ok,때 시(時),http://tonghanja.com/%eb%95%8c-%ec%8b%9c%e6%99%82/,"時 .7급Ⅱ 日: 날(해) 일 寺: 절(관청) 사 해(日)를 보고 관청(寺)에서 알리는 것은? 해 를 보고 관청 에서 “댕~ 댕~ 댕~” 하고 알리는 것은 ‘ 때 ’이지요. 때 시 시 각 (時 刻 : 어느 한 때) , 시간(時間), 시기(時期)"
詩,시 시,寺言,言(말씀(말) 언) 寺(절(관청) 사),ok,시 시(詩),http://tonghanja.com/%ec%8b%9c-%ec%8b%9c%e8%a9%a9/,"詩 .4급Ⅱ 言: 말씀(말) 언 寺: 절(관청) 사 말(言)인데 관청(寺)에서 하는 것은? 말 인데 관청 에서 관원들이 운(韻)을 넣어 하는 것은 ‘ 시 ’이지요. 시 시 시 (詩: 운율적이고 함축적인 언어로 감흥이나 사상 따위를 표현한 글 ) , 시인(詩人), 시집(詩集)"
持,가질 지,寺手,扌(손 수) 寺(절(관청) 사),ok,가질 지(持),http://tonghanja.com/%ea%b0%80%ec%a7%88-%ec%a7%80%e6%8c%81/,"持 .4급 扌: 손 수 寺: 절(관청) 사 손(扌)으로 관청(寺) 갈 때 하는 것은? 손 으로 관청 갈 때 하는 것은 공물(貢物) 따위를 ‘ 가짐 ’이지요. 가질 지 소 지 ( 所 持: 가지고 있음 ) , 지참(持參), 지속(持續)"
寺,절 사,,,none,절 사(寺),http://tonghanja.com/%ec%a0%88-%ec%82%ac%e5%af%ba/,"寺 .4급Ⅱ 관청(寺)을 빌려 법회를 열던 곳은? ‘ 寺 ’는 죄인의 발 (止→土)을 손 (寸)으로 붙잡는 곳인 ‘ 관청 ’을 뜻하는 글자였으나, 후에 불교가 중국으로 유입되었을 때 승려들이 관청을 빌려 법회를 열자 ‘ 절 ’을 뜻하게 되었답니다. 절 사 사 원 (寺 院 : 절) , 불국사(佛國寺), 해인사(海印寺)"
勞,일할 로,力,力(힘 력),ok,일할 로(勞),http://tonghanja.com/%ec%9d%bc%ed%95%a0-%eb%a1%9c%e5%8b%9e/,"勞 .5급Ⅱ : 찬란할 형 力: 힘 력 찬란한( ) 업적을 위해 힘(力)쓰는 것은? 찬란한 업적을 위해 힘 쓰는 것은 ‘ 일함 ’이지요. 일할 로 노 동 (勞 動 : 움직여 일함) , 노무(勞務), 근로(勤勞)"
營,경영할 영,呂,급(찬란할 형) 呂(등뼈 려),ok,경영할 영(營),http://tonghanja.com/%ea%b2%bd%ec%98%81%ed%95%a0-%ec%98%81%e7%87%9f/,"營 .4급 : 찬란할 형 呂: 등뼈 려 찬란한( ) 업적을 위해 등뼈(呂) 같은 역할을 하는 것은? 찬란한 업적을 위해 등뼈 같이 중추적인 역할을 하는 것은 ‘ 경영함 ’이지요. 경영할 영 경 영 ( 經 營: 기업이나 사업 따위를 관리하고 운영함 ) , 운영(運營), 영업(營業)"
榮,영화 영,木,木(나무 목),ok,영화 영(榮),http://tonghanja.com/%ec%98%81%ed%99%94-%ec%98%81%e6%a6%ae/,"榮 .4급Ⅱ : 찬란할 형 木: 나무 목 찬란하게( ) 나무(木)가 변하는 것은? 찬란하게 나무 가 변하는 것은 ‘꽃핌’, 즉 ‘ 영화 ’이지요. 영화 영 영 화 (榮 華 : 꽃핌/ 몸이 귀하게 되어 이름이 세상에 빛남 ) , 영광(榮光), 번영(繁榮)"
螢,반딧불이 형,虫,급(찬란할 형) 虫(벌레 충),ok,반딧불이 형(螢),http://tonghanja.com/%eb%b0%98%eb%94%a7%eb%b6%88%ec%9d%b4-%ed%98%95%e8%9e%a2/,"螢 .3급 : 찬란할 형 虫: 벌레 충 찬란한( ) 벌레(虫)는? ‘ 찬란한 ’ 즉 ‘밝게 빛나는’ 벌레 는 ‘ 반딧불이 ’이지요. 반딧불이 형 형광(螢光), 형광등(螢光燈), 형설지공(螢雪之功) * 형설지공(螢雪之功): 반딧불과 눈의 빛으로 이룬 공이라는 뜻으로, 고생을 하면서 부지런하고 꾸준하게 공부함을 이르는 말"
宮,집 궁,呂宀,宀(집 면) 呂(등뼈 려),ok,집 궁(宮),http://tonghanja.com/%ec%a7%91-%ea%b6%81%e5%ae%ae/,"宮 .4급Ⅱ 宀: 집 면 呂: 등뼈 려 집(宀)인데 등뼈(呂) 같은 것은? 집 인데 등뼈 같이 여러 층으로 된 것은 ‘ 집 ’이지요. 집 궁 궁 궐 (宮 闕 : 임금이 사는 집 *闕·2급·대궐 궐 ) , 궁전(宮殿), 왕궁(王宮) * ‘宮’은 주로 ‘궁궐’을 뜻합니다."
呂,등뼈 려,,,none,등뼈 려(呂),http://tonghanja.com/%eb%93%b1%eb%bc%88-%eb%a0%a4%e5%91%82/,呂 .1급Ⅱ 네모난 뼈들( )인데 연결되어( ) 있는 것은? 네모난 뼈들 인데 서로 연결되어 있는 것은 ‘ 등뼈 ’이지요. 등뼈 려
慧,지혜 혜,彗心,彗(비 혜) 心(마음 심),ok,지혜 혜(慧),http://tonghanja.com/%ec%a7%80%ed%98%9c-%ed%98%9c%e6%85%a7/,"慧 .3급Ⅱ 彗: 비 혜 心: 마음 심 비(彗)로 마음(心)을 쓸어내면 생기는 것은? 비 로 마음 속 잡념을 쓸어내면 생기는 것은 ‘ 지혜 ’이지요. 지혜 혜 지 혜 ( 智 慧: 사리를 바르게 판단하고 일을 잘 처리해 내는 능력 ) , 혜안(慧眼) * ‘慧’는 ‘슬기로울 혜’라고도 합니다."
彗,비 혜,,,none,비 혜(彗),http://tonghanja.com/%eb%b9%84-%ed%98%9c%e5%bd%97/,彗 .1급 무성한 풀들( )로 만든 건데 손( )으로 들고 쓰는 것은? 무성한 풀들 로 만든 건데 손 으로 들고 바닥 따위를 쓰는 것은 ‘ 비 ’이지요. 비 혜
潔,깨끗할 결,水,氵(물) 수(무늬 결),ok,깨끗할 결(潔),http://tonghanja.com/%ea%b9%a8%eb%81%97%ed%95%a0-%ea%b2%b0%e6%bd%94/,"潔 .4급Ⅱ 氵: 물 수 : 무늬 결 물(氵)로 무늬( )를 지우면? 물 로 더러운 무늬 를 지우면 ‘ 깨끗함 ’이지요. 깨끗할 결 청 결 ( 淸 潔: 맑고 깨끗함) , 정결(淨潔), 순결(純潔)"
契,맺을 계,㓞大,㓞(새길 갈) 大(큰 대),ok,맺을 계(契),http://tonghanja.com/%eb%a7%ba%ec%9d%84-%ea%b3%84%e5%a5%91/,"契 .3급Ⅱ 㓞: 새길 갈 大: 큰 대 큰(大) 의무를 정하여 새기는(㓞) 것은? ‘ 큰 ’ 즉 ‘ 중대( 重大)한 ’ 의무를 정하여 죽간 따위에 새기는 것은 약속을 ‘ 맺음 ’이지요. 맺을 계 계 약 (契 約 : 약속을 맺어 글이나 말로 정하여 둠 또는 그런 약속 ) , 계기(契機)"
㓞,새길 갈,丰刀,丰(예쁠 봉) 刀(칼 도),ok,새길 갈(㓞),http://tonghanja.com/%ec%83%88%ea%b8%b8-%ea%b0%88%e3%93%9e/,㓞 .무급 丰: 예쁠 봉 刀: 칼 도 예쁘게(丰) 칼(刀)로 파는 것은? 예쁘게 글씨나 무늬를 칼 로 파는 것은 ‘ 새김 ’이지요. 새길 갈
峯,봉우리 봉,夆山,山(뫼 산) 夆(만날 봉),ok,봉우리 봉(峯),http://tonghanja.com/%eb%b4%89%ec%9a%b0%eb%a6%ac-%eb%b4%89%e5%b3%af/,"峯 .3급Ⅱ 山: 뫼 산 夆: 만날 봉 산(山)에서 만나는(夆) 곳은? 산 에서 능선과 능선이 만나는 곳은 ‘ 봉우리 ’이지요. 봉우리 봉 산 봉 ( 山 峯: 산 봉우리) , 주봉(主峰), 최고봉(最高峰)"
蜂,벌 봉,夆虫,虫(벌레 충) 夆(만날 봉),ok,벌 봉(蜂),http://tonghanja.com/%eb%b2%8c-%eb%b4%89%e8%9c%82/,"蜂 .3급 虫: 벌레 충 夆: 만날 봉 벌레(虫)인데 만나러(夆) 다니는 것은? 벌레 인데 예쁜 꽃을 만나러 다니는 것은 ‘ 벌 ’이지요. 벌 봉 밀 봉 ( 蜜 蜂: 꿀 벌) , 양봉(養蜂), 봉침(蜂針)"
逢,만날 봉,夆辵,夆(만날 봉) 辶(갈 착),ok,만날 봉(逢),http://tonghanja.com/%eb%a7%8c%eb%82%a0-%eb%b4%89%e9%80%a2/,"逢 .3급Ⅱ 夆: 만날 봉 辶: 갈 착 만나러(夆) 가서(辶) 하는 것은? 만나러 가서 하는 것은 ‘ 만남 ’이지요. 만날 봉 상 봉 ( 相 逢: 서로 만남) , 봉착(逢着), 봉변(逢變)"
夆,만날 봉,丰夂,夂(뒤져 올(발) 치) 丰(예쁠 봉),ok,만날 봉(夆),http://tonghanja.com/%eb%a7%8c%eb%82%a0-%eb%b4%89%e5%a4%86/,夆 .무급 夂: 뒤져 올(발) 치 丰: 예쁠 봉 발(夂)로 예쁜(丰) 이에게 가서 하는 것은? 발 로 예쁜 이에게 가서 하는 것은 ‘ 만남 ’이지요. 만날 봉
邦,나라 방,丰,丰(예쁠 봉  ⻏: 고을 읍),ok,나라 방(邦),http://tonghanja.com/%eb%82%98%eb%9d%bc-%eb%b0%a9%e9%82%a6/,"邦 .3급 丰: 예쁠 봉 ⻏: 고을 읍 무성한 풀(丰)처럼 고을(⻏)을 합하여 만든 것은? 잎이 무성한 풀처럼, 여러 고을 을 하나로 합하여 만든 것은 ‘ 나라 ’이지요. 나라 방 연 방 ( 聯 邦: 연합하여 만든 나라) , 합방(合邦), 우방(友邦)"
丰,예쁠 봉,,,none,예쁠 봉(丰),http://tonghanja.com/%ec%98%88%ec%81%a0-%eb%b4%89%e4%b8%b0/,丰 .특급 무성한 풀(丰)은? 잎이 무성한 풀은 모양이 ‘ 예쁨 ’이지요. 예쁠 봉
殉,따라 죽을 순,旬歹,歹(부서진 뼈(죽을) 알) 旬(열흘 순),ok,따라 죽을 순(殉),http://tonghanja.com/%eb%94%b0%eb%9d%bc-%ec%a3%bd%ec%9d%84-%ec%88%9c%e6%ae%89/,"殉 .3급 歹: 부서진 뼈(죽을) 알 旬: 열흘 순 죽는(歹) 건데 열흘(旬) 뒤에 하는 것은? 죽는 건데 지배자가 죽고 나서 열흘 뒤에 하는 것은 지배자를 ‘ 따라 죽음 ’이지요. 따라 죽을 순 순 장 (殉 葬 : 따라 죽는 장사 ) , 순직(殉職), 순국(殉國) * 순장(殉葬): 지배자가 죽었을 때 그 사람의 첩이나 종이나 신하를 따라 죽여 함께 장사지내던 풍습"
旬,열흘 순,勹日,勹(쌀 포) 日(날 일),ok,열흘 순(旬),http://tonghanja.com/%ec%97%b4%ed%9d%98-%ec%88%9c%e6%97%ac/,"旬 .3급Ⅱ 勹: 쌀 포 日: 날 일 싸인(勹) 날(日)들은? 한 덩어리로 싸인 날 들은 ‘ 열흘 ’이지요. 열흘 순 상순(上旬), 중순(中旬), 하순(下旬) * 상순(上旬): 한 달 가운데 1일(초하루)에서 10일까지의 동안. 중순(中旬): 한 달 가운데 11일에서 20일까지의 동안. 하순(下旬): 한 달 가운데 21일에서 말일(그믐날)까지의 동안."
均,고를 균,勻土,土(흙 토) 勻(고를 균),ok,고를 균(均),http://tonghanja.com/%ea%b3%a0%eb%a5%bc-%ea%b7%a0%e5%9d%87/,"均 .4급 土: 흙 토 勻: 고를 균 흙(土)이 고른(勻) 것은? 흙 이 고른 것은 ‘ 고름 ’이지요. 고를 균 균 등 ( 均 等 : 고르고 가지런하여 차이가 없음 ) , 균형(均衡), 평균(平均) * ‘均’은 ‘勻’이 다른 뜻으로도 쓰이자, 후에 ‘土’를 덧붙여 원뜻을 나타낸 글자입니다."
勻,고를 균,二勹,勹(쌀 포) 二(두 이),ok,고를 균(勻),http://tonghanja.com/%ea%b3%a0%eb%a5%bc-%ea%b7%a0%e5%8b%bb/,勻 .특급Ⅱ 勹: 쌀 포 二: 두 이 싸인(勹) 흙덩이를 둘(二)로 가르면? 싸인 흙덩이를 둘 로 가르면 흙의 높낮이나 크기나 양 따위가 ‘ 고름 ’이지요. 고를 균
約,맺을 약,丶勹糸,糸(실 사) 勹(쌀 포) 丶(모양),ok,맺을 약(約),http://tonghanja.com/%eb%a7%ba%ec%9d%84-%ec%95%bd%e7%b4%84/,"約 .5급Ⅱ 糸: 실 사 勹: 쌀 포 丶: 모양 실(糸)을 싸서(勹) 매듭(丶)을 만드는 것은? 실 을 싸서 매듭 을 만드는 것은 ‘ 맺음 ’이지요. 맺을 약 약 속 (約 束 : 맺어서 묶음 / 장래의 일을 어떻게 할 것인가를 상대방과 미리 정하여 둠 ) , 계약(契約), 서약(誓約) * 맺다: 실 따위의 두 끝을 이어 매듭을 만들다 * 사람들은 약속을 할 때, 실처럼 가는 새끼손가락을 상대방과 마주 싸서 매듭을 만들곤 하지요."
的,과녁 적,丶勹白,白(흰 백) 勹(쌀 포) 丶(모양),ok,과녁 적(的),http://tonghanja.com/%ea%b3%bc%eb%85%81-%ec%a0%81%e7%9a%84/,"的 .5급Ⅱ 白: 흰 백 勹: 쌀 포 丶: 모양 흰(白)색에 싸인(勹) 점(丶)은? 흰 색에 에워 싸인 점 은 ‘ 과녁 ’이지요. 과녁 적 표 적 ( 標 的: 표한 과녁) , 목적(目的), 적중(的中)"
酌,술 부을 작,勺酉,酉(닭(술) 유) 勺(구기 작),ok,술 부을 작(酌),http://tonghanja.com/%ec%88%a0-%eb%b6%80%ec%9d%84-%ec%9e%91%e9%85%8c/,"酌 .3급 酉: 닭(술) 유 勺: 구기 작 술(酉)을 구기(勺)로 퍼서 하는 것은? 술 을 구기 로 퍼서 하는 것은 잔 따위에 ‘ 술 을 부음 ’이지요. 술 부을 작 작 주 (酌 酒 : 잔에 술 을 부음) , 자작(自酌), 대작(對酌)"
勺,구기 작,,,none,구기 작(勺),http://tonghanja.com/%ea%b5%ac%ea%b8%b0-%ec%9e%91%e5%8b%ba/,"勺 .1급 국자(勹) 모양인데 액체(一)를 풀 때 쓰는 것은? 국자 모양의 기구인데 술이나 기름 따위의 액체 를 풀 때 쓰는 것은 ‘ 구기 ’이지요. 구기 작 * 구기: 술이나 기름 따위의 액체를 풀 때 쓰는, 국자보다 작은 기구"
薦,천거할 천,廌艸,艹(모양) 廌(해태 치),ok,천거할 천(薦),http://tonghanja.com/%ec%b2%9c%ea%b1%b0%ed%95%a0-%ec%b2%9c%e8%96%a6/,"薦 .3급 艹: 모양 廌: 해태 치 뿔(艹)로 해태(廌)가 미는 것은? 뿔 ( )로 해태 가 여럿 중 한 사람을 미는 것은 가장 올바른 이를 ‘ 천거함 ’이지요. 천거할 천 천 거 (薦 擧 : 인재를 어떤 자리에 추천함 ) , 추천(推薦), 공천(公薦)"
廌,해태 치,,급(鹿(사슴 록)의 이) 형(모양),image,해태 치(廌),http://tonghanja.com/%ed%95%b4%ed%83%9c-%ec%b9%98%e5%bb%8c/,"廌 .무급 : 鹿(사슴 록)의 이형 : 모양 사슴의 머리( )와 갈기( )와 목 및 몸통 및 꼬리( )와 다리(灬)로 된 것은? ‘ 廌 ’는 사슴의 머리 와 사자의 갈기 와 목 및 몸통 및 꼬리 와 다리 로 된 ‘ 해태 ’를 나타낸 글자입니다. 해태 치 * 해태: 머리에는 사슴같이 뿔이 났고, 목에는 사자같이 갈기가 달렸다는 전설상의 동물. 머리의 뿔로 사람을 밀어 시비나 선악 따위를 가리거나 가장 올바른 인재를 천거한다 함."
桃,복숭아 도,兆木,木(나무 목) 兆(조(갈라질) 조),ok,복숭아 도(桃),http://tonghanja.com/%eb%b3%b5%ec%88%ad%ec%95%84-%eb%8f%84%e6%a1%83/,"桃 .3급Ⅱ 木: 나무 목 兆: 조(갈라질) 조 나무(木)의 열매인데 갈라진(兆) 것은? 나무 의 열매인데 표면이 갈라진 것은 ‘ 복숭아 ’이지요. 복숭아 도 백도(白桃), 황도(黃桃), 천도(天桃)"
逃,달아날 도,兆辵,兆(조(갈라질) 조) 辶(갈 착),ok,달아날 도(逃),http://tonghanja.com/%eb%8b%ac%ec%95%84%eb%82%a0-%eb%8f%84%e9%80%83/,"逃 .4급 兆: 조(갈라질) 조 辶: 갈 착 갈라져(兆) 가는(辶) 것은? 상대와 갈라져 다른 데로 가는 것은 ‘ 달아남 ’이지요. 달아날 도 도 망 (逃 亡 : 달아남) , 도주(逃走), 도피(逃避)"
跳,뛸 도,兆,급(발 족) 兆(조(갈라질) 조),ok,뛸 도(跳),http://tonghanja.com/%eb%9b%b8-%eb%8f%84%e8%b7%b3/,跳 .3급 : 발 족 兆: 조(갈라질) 조 발( )로 갈라지게(兆) 하는 것은? 발 로 자신과 땅 사이를 갈라지게 하는 것은 ‘ 뜀 ’이지요. 뛸 도 도 약 (跳 躍 : 뜀)
挑,돋울 도,兆手,扌(손 수) 兆(조(갈라질) 조),ok,돋울 도(挑),http://tonghanja.com/%eb%8f%8b%ec%9a%b8-%eb%8f%84%e6%8c%91/,"挑 .3급 扌: 손 수 兆: 조(갈라질) 조 손(扌)으로 갈라지게(兆) 하는 것은? 손 으로 허공을 ‘ 갈라지게 하는’ 즉 ‘가르는’ 것은 상대의 화를 ‘ 돋움 ’이지요. 돋울 도 도 발 (挑 發 : 상대의 화를 돋움) , 도전(挑戰)"
兆,조 조,,,none,조 조(兆),http://tonghanja.com/%ec%a1%b0-%ec%a1%b0%e5%85%86/,"兆 .3급Ⅱ 갈라진 틈(儿)에 난 금( )은? ‘ 兆 ’는 점복용 갑골의 갈라진 틈 에 난 금 을 나타낸 글자였으나, 후에 이 금은 헤아리기 어려울 만큼 가짓수가 많다는 데서, 헤아리기 어려울 정도로 많은 수인 ‘ 조 ’를 뜻하게 되었답니다. 조 조 조 (兆: 1,000,000,000,000 ) * ‘兆’는 다른 글자에서 ‘갈라지다’는 뜻으로 주로 쓰입니다."
臺,대 대,士至,士(선비) 사(高(높을 고)의 이형) 至(이를 지),ok,대 대(臺),http://tonghanja.com/%eb%8c%80-%eb%8c%80%e8%87%ba/,"臺 .3급Ⅱ 士: 선비 사 : 高(높을 고)의 이형 至: 이를 지 선비(士)가 높은( ) 곳에 이르려고(至) 쌓은 것은? 선비 가 높은 곳에 이르려고 쌓은 것은 ‘ 대 ’이지요. 대 대 대 (臺: 높이 쌓아 사방을 볼 수 있게 만든 곳 ) , 무대(舞臺), 전망대(展望臺)"
室,집 실,宀至,宀(집 면) 至(이를 지),ok,집 실(室),http://tonghanja.com/%ec%a7%91-%ec%8b%a4%e5%ae%a4/,"室 .8급 宀: 집 면 至: 이를 지 집(宀)인데 이르는(至) 곳은? 집 인데 바깥일을 마치고 이르는 곳은 ‘ 집 ’이지요. 집 실 실 내 (室 內 : 집 이나 방의 안 ) , 거실(居室), 침실(寢室) * ‘室’은 집을 구성하는 것인 ‘방’을 뜻하여 ‘방 실’이라고도 합니다."
屋,집 옥,尸至,尸(주검(집) 시) 至(이를 지),ok,집 옥(屋),http://tonghanja.com/%ec%a7%91-%ec%98%a5%e5%b1%8b/,"屋 .5급 尸: 주검(집) 시 至: 이를 지 집(尸)인데 이르는(至) 곳은? 집 인데 바깥일을 마치고 이르는 곳은 ‘ 집 ’이지요. 집 옥 가 옥 ( 家 屋: 사람이 사는 집) , 한옥(韓屋), 옥상(屋上)"
姪,조카 질,女至,女(여자 녀) 至(이를 지),ok,조카 질(姪),http://tonghanja.com/%ec%a1%b0%ec%b9%b4-%ec%a7%88%e5%a7%aa/,"姪 .3급 女: 여자 녀 至: 이를 지 여자(女)랑 이르는(至) 이는? ‘ 여자 랑 이르는 이’ 즉 ‘여자랑 함께 오는 이’는 그녀의 아이인 ‘ 조카 ’이지요. 조카 질 질 아 (姪 兒 : 조카) , 종질(從姪), 당질(堂姪)"
倒,넘어질 도,人到,亻(사람 인) 到(이를 도),ok,넘어질 도(倒),http://tonghanja.com/%eb%84%98%ec%96%b4%ec%a7%88-%eb%8f%84%e5%80%92/,"倒 .3급Ⅱ 亻: 사람 인 到: 이를 도 사람(亻)한테 화살이 이르면(到)? 사람 한테 화살이 이르러 화살촉이 칼처럼 박히면 사람이 ‘ 넘어짐 ’이지요. 넘어질 도 졸 도 ( 卒 倒: 정신을 잃고 넘어짐) , 타도(打倒), 압도(壓倒)"
到,이를 도,刀至,至(이를 지) 刂(칼 도),ok,이를 도(到),http://tonghanja.com/%ec%9d%b4%eb%a5%bc-%eb%8f%84%e5%88%b0/,"到 .5급Ⅱ 至: 이를 지 刂: 칼 도 이르러(至) 칼(刂)처럼 박히는 것은? 목표에 화살이 이르러 화살촉이 칼 처럼 박히는 것은, 목표에 화살이 ‘ 이름 ’이지요. 이를 도 도 착 (到 着 : 이르러 붙음 ) , 도달(到達), 당도(當到) * ‘致’는 이르러 치 는 것이니 ‘이를 치 ’, ‘到’는 이르러 도 (刂)처럼 박히는 것이니 ‘이를 도 ’로 외우면 쉽습니다."
致,이를 치,攵至,至(이를 지) 攵(칠 복),ok,이를 치(致),http://tonghanja.com/%ec%9d%b4%eb%a5%bc-%ec%b9%98%e8%87%b4/,"致 .5급 至: 이를 지 攵: 칠 복 이르러(至) 치는(攵) 것은? 목표에 화살이 이르러 목표를 치는 것은, 목표에 화살이 ‘ 이름 ’이지요. 이를 치 송 치 ( 送 致: 서류나 물건 따위를 보내어 정해진 곳에 이르게 함 ) , 일치(一致), 극치(極致)"
至,이를 지,,,none,이를 지(至),http://tonghanja.com/%ec%9d%b4%eb%a5%bc-%ec%a7%80%e8%87%b3/,"至 .4급Ⅱ 목표(￣)에 화살( )이 박히는 것은? 목표 에 화살 이 박히는 것은 목표에 화살이 ‘ 이름 ’이지요. 이를 지 지 극 (至 極 : 끝에 이름 / 더할 수 없이 극진함 ) , 지독(至毒), 지대(至大)"
織,짤 직,戠糸,糸(실 사) 戠(새길 시),ok,짤 직(織),http://tonghanja.com/%ec%a7%a4-%ec%a7%81%e7%b9%94/,"織 .4급 糸: 실 사 戠: 새길 시 실(糸)을 새겨(戠)넣는 것은? 실 을 도안에 따라 새겨 넣는 것은 옷감을 ‘ 짬 ’이지요. 짤 직 조 직 ( 組 織: 짬) , 견직(絹織), 직조(織造)"
職,직분 직,戠耳,耳(귀 이) 戠(새길 시),ok,직분 직(職),http://tonghanja.com/%ec%a7%81%eb%b6%84-%ec%a7%81%e8%81%b7/,"職 .4급Ⅱ 耳: 귀 이 戠: 새길 시 귀(耳)에 새겨(戠)들으며 하는 일은? 귀 에 새겨 들으며 하는 일은 ‘ 직분 ’이지요. 직분 직 직 분 (職 分 : 직업상 주어진 일 ) , 직업(職業), 직무(職務)"
識,알 식,戠言,言(말씀(말) 언) 戠(새길 시),ok,알 식(識),http://tonghanja.com/%ec%95%8c-%ec%8b%9d%e8%ad%98/,"識 .5급Ⅱ 言: 말씀(말) 언 戠: 새길 시 말(言)을 새길(戠) 수 있는 것은? 말 을 새길 수 있는 것은 글자나 문법 따위를 ‘ 앎 ’이지요. 알 식 유 식 ( 有 識: 아는 게 있음 ) , 박식(博識), 지식(知識)"
戠,새길 시,戈音,音(소리(말소리) 음) 戈(창 과),ok,새길 시(戠),http://tonghanja.com/%ec%83%88%ea%b8%b8-%ec%8b%9c%e6%88%a0/,戠 .무급 音: 소리(말소리) 음 戈: 창 과 말소리(音)를 창(戈)으로 파는 것은? 말소리 를 창 처럼 생긴 도구로 갑골 따위에 파는 것은 ‘ 새김 ’이지요. 새길 시
障,막을 장,章阝,阝(언덕 부) 章(글 장),ok,막을 장(障),http://tonghanja.com/%eb%a7%89%ec%9d%84-%ec%9e%a5%e9%9a%9c/,"障 .4급Ⅱ 阝: 언덕 부 章: 글 장 언덕(阝)에 글(章)을 써놓는 것은? 언덕 의 위험한 곳에 ‘들어가지 마시오’ 하고 글 을 써놓는 것은 출입을 ‘ 막음 ’이지요. 막을 장 장 애 (障 礙 : 막아서 거리낌이 됨 *礙·2급·거리낄 애 ) , 장해(障害), 장벽(障壁)"
章,글 장,十音,音(소리(말소리) 음) 十(열(여러) 십),ok,글 장(章),http://tonghanja.com/%ea%b8%80-%ec%9e%a5%e7%ab%a0/,"章 .6급 音: 소리(말소리) 음 十: 열(여러) 십 말소리(音) 여러(十) 개를 써놓은 것은? 말소리 여러 개를 써놓은 것은 ‘ 글 ’이지요. 글 장 문 장 ( 文 章: 글 월 ) , 인장(印章), 견장(肩章)"
鏡,거울 경,竟金,金(쇠(금속) 금) 竟(마침내 경),ok,거울 경(鏡),http://tonghanja.com/%ea%b1%b0%ec%9a%b8-%ea%b2%bd%e9%8f%a1/,"鏡 .4급 金: 쇠(금속) 금 竟: 마침내 경 금속(金)을 갈아서 마침내(竟) 만드는 것은? 금속 을 오랫동안 갈아서 마침내 만드는 것은 ‘ 거울 ’이지요. 거울 경 동 경 ( 銅 鏡: 구리 거울) , 안경(眼鏡), 망원경(望遠鏡)"
境,지경 경,土竟,土(흙(땅) 토) 竟(마침내 경),ok,지경 경(境),http://tonghanja.com/%ec%a7%80%ea%b2%bd-%ea%b2%bd%e5%a2%83/,"境 .4급Ⅱ 土: 흙(땅) 토 竟: 마침내 경 땅(土)이 마침내(竟) 끝나는 곳은? 땅 이 마침내 끝나는 곳은 ‘ 지경 ’이지요. 지경 경 지 경 ( 地 境: 땅의 경계 ) , 국경(國境), 경계(境界)"
竟,마침내 경,儿音,音(소리(말소리) 음) 儿(사람 인),ok,마침내 경(竟),http://tonghanja.com/%eb%a7%88%ec%b9%a8%eb%82%b4-%ea%b2%bd%e7%ab%9f/,竟 .3급 音: 소리(말소리) 음 儿: 사람 인 말소리(音)를 사람(儿)이 지르는 것은? 말소리 를 사람 이 지르는 것은 ‘ 마침내 ’ 무엇을 해낸 것이지요. 마침내 경 필 경 ( 畢 竟: 마침내)
憶,생각할 억,心意,忄(마음 심) 意(뜻 의),ok,생각할 억(憶),http://tonghanja.com/%ec%83%9d%ea%b0%81%ed%95%a0-%ec%96%b5%e6%86%b6/,"憶 .3급Ⅱ 忄: 마음 심 意: 뜻 의 마음(忄)속에서 뜻(意)이 떠오르는 것은? 마음 속에서 뜻 이 떠오르는 것은 ‘ 생각함 ’이지요. 생각할 억 기 억 ( 記 憶: 어떤 정보를 마음속에 기록하거나 도로 생각함) , 추억(追憶)"
億,억 억,人意,亻(사람 인) 意(뜻 의),ok,억 억(億),http://tonghanja.com/%ec%96%b5-%ec%96%b5%e5%84%84/,"億 .5급 亻: 사람 인 意: 뜻 의 사람(亻)이 뜻(意)으로만 알 수 있는 수는? 사람 이 직접 세지 못하고 뜻 으로만 알 수 있는 수는 ‘ 억 ’이지요. 억 억 억 (億: 100,000,000 )"
意,뜻 의,心音,音(소리(말소리) 음) 心(마음 심),ok,뜻 의(意),http://tonghanja.com/%eb%9c%bb-%ec%9d%98%e6%84%8f/,"意 .6급Ⅱ 音: 소리(말소리) 음 心: 마음 심 말소리(音)를 들을 때 마음(心)속에 떠오르는 것은? 말소리 를 들을 때 마음 속에 떠오르는 것은 말소리의 ‘ 뜻 ’이지요. 뜻 의 의 미 (意 味 : 뜻) , 의사(意思), 의견(意見)"
講,익힐 강,言,言(말씀(말)) 언(짤 구),ok,익힐 강(講),http://tonghanja.com/%ec%9d%b5%ed%9e%90-%ea%b0%95%e8%ac%9b/,"講 .4급Ⅱ 言: 말씀(말) 언 : 짤 구 말(言)을 짜서( ) 하는 것은? ‘ 講 ’은 할 말 을 미리 짜서 하는 것인 ‘ 외움 ’을 나타낸 글자였으나, 후에 무엇을 외우는 것은 익히는 것이라 하여, ‘ 익힘 ’을 뜻하게 되었답니다. 익힐 강 강 습 (講 習 : 익힘) , 강의(講義), 강연(講演) * ‘講’은 ‘외울 강’이라고도 합니다."
構,얽을 구,木,木(나무) 목(짤 구),ok,얽을 구(構),http://tonghanja.com/%ec%96%bd%ec%9d%84-%ea%b5%ac%e6%a7%8b/,"構 .4급 木: 나무 목 : 짤 구 나무(木)로 짜는( ) 것은? 나무 로 우물틀 따위를 짜는 것은 나무를 이리저리 ‘ 얽음 ’이지요. 얽을 구 구 성 (構 成 : 몇 가지 요소를 얽어서 하나로 이룸 ) , 구조(構造), 구축(構築)"
再,두 재,一,一(한) 일(쌓을 구),ok,두 재(再),http://tonghanja.com/%eb%91%90-%ec%9e%ac%e5%86%8d/,"再 .5급 一: 한 일 : 쌓을 구 한(一) 번 더 쌓으면( )? 한 번 더 쌓으면 ‘ 두 ’ 번이지요. 두 재 재 차 (再 次 : 두 번째/ 거듭 ) , 재기(再起), 재생(再生) * ‘再’는 한 번 더 쌓는 것은 거듭 쌓는 것이라 하여, ‘거듭 재’라고도 합니다."
稱,일컬을 칭,爫禾,禾(벼(곡물) 화) 爫(손톱(손)) 조(쌓을 구),ok,일컬을 칭(稱),http://tonghanja.com/%ec%9d%bc%ec%bb%ac%ec%9d%84-%ec%b9%ad%e7%a8%b1/,"稱 .4급 禾: 벼(곡물) 화 爫: 손톱(손) 조 : 쌓을 구 곡물(禾)을 손(爫)으로 쌓으며( ) 하는 것은? 곡물 을 손 으로 쌓으며 하는 것은 “한 되, 두 되, 세 되……” 하고 양을 ‘ 일컬음 ’이지요. 일컬을 칭 칭 량 (稱 量 : 양을 일컬음 / 어떤 사정이나 형편을 헤아림 ) , 칭찬(稱讚), 명칭(名稱)"
環,고리 환,王睘,王(구슬 옥) 睘(눈 휘둥그래질 경),ok,고리 환(環),http://tonghanja.com/%ea%b3%a0%eb%a6%ac-%ed%99%98%e7%92%b0/,"環 .4급 王: 구슬 옥 睘: 눈 휘둥그래질 경 구슬(王)처럼 눈이 휘둥그래진(睘) 모양은? 구슬 처럼 눈 이 휘둥그래진 모양은 ‘ 고리 ’이지요. 고리 환 환 형 (環 形 : 고리 모양 ) , 일환(一環), 순환(循環) * ‘環’은 고리가 하는 것인 ‘돎’을 뜻하여, ‘돌 환’이라고도 합니다."
還,돌아올 환,睘辵,睘(눈 휘둥그래질 경) 辶(갈 착),ok,돌아올 환(還),http://tonghanja.com/%eb%8f%8c%ec%95%84%ec%98%ac-%ed%99%98%e9%82%84/,"還 .3급Ⅱ 睘: 눈 휘둥그래질 경 辶: 갈 착 눈이 휘둥그래졌다가(睘) 제자리로 가는(辶) 것은? 눈 이 휘둥그래졌다가 제자리로 가는 것은 ‘ 돌아옴 ’이지요. ☞ 睘: 瞏(눈 휘둥그래질 경)의 이형 돌아올 환 환 원 (還 元 : 원래대로 돌아옴) , 귀환(歸還), 반환(返還)"
瞏,눈 휘둥그래질 경,网袁,罒(눈 목) 袁(길 원),ok,눈 휘둥그래질 경(瞏),http://tonghanja.com/%eb%88%88-%ed%9c%98%eb%91%a5%ea%b7%b8%eb%9e%98%ec%a7%88-%ea%b2%bd%e7%9e%8f/,瞏 .무급 罒: 눈 목 袁: 길 원 눈(罒)이 길어지는(袁) 것은? 눈 이 위아래로 길어지는 것은 ‘ 눈 이 휘둥그래짐 ’이지요. 눈 휘둥그래질 경
園,동산 원,口袁,口(모양) 袁(길 원),ok,동산 원(園),http://tonghanja.com/%eb%8f%99%ec%82%b0-%ec%9b%90%e5%9c%92/,"園 .6급 口: 모양 袁: 길 원 울타리(口)를 길게(袁) 친 곳은? 울타리 를 길게 둘러친 곳은 ‘ 동산 ’이지요. 동산 원 화원(花園), 농원(農園), 과수원(果樹園)"
遠,멀 원,袁辵,袁(길 원) 辶(갈 착),ok,멀 원(遠),http://tonghanja.com/%eb%a9%80-%ec%9b%90%e9%81%a0/,"遠 .6급 袁: 길 원 辶: 갈 착 길게(袁) 가는(辶) 것은? 길게 가는 것은 거리가 ‘ 멂 ’이지요. 멀 원 원 격 (遠 隔 : 거리가 멀리 떨어져 있음 ) , 원정(遠征), 원거리(遠距離)"
袁,길 원,土,土(흙 토  ㅁ: 모) 양(衣(옷 의)의 이형),ok,길 원(袁),http://tonghanja.com/%ea%b8%b8-%ec%9b%90%e8%a2%81/,袁 .1급Ⅱ 土: 흙 토 ㅁ: 모양 : 衣(옷 의)의 이형 흙(土)과 돌멩이(ㅁ)가 옷( )에 끌리는 것은? 흙 과 돌멩이 가 옷 에 끌리는 것은 옷이 ‘ 긺 ’이지요. 길 원
階,섬돌 계,比白阝,阝(언덕 부) 比(견줄(여러) 비) 白(흰(박을) 백),ok,섬돌 계(階),http://tonghanja.com/%ec%84%ac%eb%8f%8c-%ea%b3%84%e9%9a%8e/,"階 .4급 阝: 언덕 부 比: 견줄(여러) 비 白: 흰(박을) 백 언덕(阝)에 여러(比) 돌들을 박아놓은(白) 것은? 언덕 에 여러 돌들을 박아놓은 것은 ‘ 섬돌 ’이지요. 섬돌 계 층 계 ( 層 階: 높은 곳을 오르내릴 수 있게 층층이 놓은 섬돌) , 계단(階段), 계급(階級)"
皆,다 개,比白,比(견줄(여러) 비) 白(흰(박을) 백),ok,다 개(皆),http://tonghanja.com/%eb%8b%a4-%ea%b0%9c%e7%9a%86/,"皆 .3급 比: 견줄(여러) 비 白: 흰(박을) 백 여러(比) 돌들을 박아놓은(白) 것은? ‘ 皆 ’는 여러 돌들을 박아놓은 것인 ‘ 섬돌 ’을 나타낸 글자였으나, 후에 섬돌은 층마다 다 놓는 것이라 하여, ‘ 다 ’를 뜻하게 되었답니다. 다 개 개근상(皆勤賞), 국민개병(國民皆兵)"
批,비평할 비,手比,扌(손 수) 比(견줄 비),ok,비평할 비(批),http://tonghanja.com/%eb%b9%84%ed%8f%89%ed%95%a0-%eb%b9%84%e6%89%b9/,"批 .4급 扌: 손 수 比: 견줄 비 손(扌)으로 가리키며 견주는(比) 것은? 손 으로 내용을 가리키며 견주는 것은 ‘ 비평함 ’이지요. 비평할 비 비 평 (批 評 : 좋고 나쁨 등을 따지어 평가함 ) , 비판(批判)"
比,견줄 비,,,none,견줄 비(比),http://tonghanja.com/%ea%b2%ac%ec%a4%84-%eb%b9%84%e6%af%94/,"比 .5급 여럿(比)을 놓고 하는 것은? 여럿 을 나란히 놓고 하는 것은 ‘ 견줌 ’이지요. 견줄 비 비 교 (比 較 : 견줌) , 비율(比率), 비중(比重)"
乘,탈 승,人北木,亻(사람 인) 北(모양) 木(나무 목),ok,탈 승(乘),http://tonghanja.com/%ed%83%88-%ec%8a%b9%e4%b9%98/,"乘 .3급Ⅱ 亻: 사람 인 北: 모양 木: 나무 목 사람(亻)이 양발(北)로 나무(木)에 오르는 것은? 사람 이 양발 로 나무 에 오르는 것은 나무를 ‘ 탐 ’이지요. 탈 승 탑 승 ( 搭 乘: 탐 *搭·1급·탈 탑 ) , 승마(乘馬), 승차(乘車)"
背,등 배,月北,北(북녘(등질) 북) 月(고기(몸) 육),ok,등 배(背),http://tonghanja.com/%eb%93%b1-%eb%b0%b0%e8%83%8c/,"背 .4급Ⅱ 北: 북녘(등질) 북 月: 고기(몸) 육 등질(北) 때 쓰는 몸(月)의 부위는? 등질 때 쓰는 몸 의 부위는 ‘ 등 ’이지요. 등 배 배 면 (背 面 : 등 을 이루는 면 ) , 배경(背景), 배영(背泳)"
北,북녘 북/ 달아날 배,,,none,북녘 북/ 달아날 배(北),http://tonghanja.com/%eb%b6%81%eb%85%98-%eb%b6%81-%eb%8b%ac%ec%95%84%eb%82%a0-%eb%b0%b0%e5%8c%97/,"北 .8급 사람들이 등지는(北) 곳은? 떠나려고 사람들이 등지는 곳은 추운 ‘ 북녘 ’이지요. 북녘 북 북 녘 (北 녘 : 북쪽 ) , 북방(北方), 북측(北側) 北 .8급 등지는(北) 것은? 적에게 등지는 것은 ‘ 달아남 ’이지요. 달아날 배 패 배 ( 敗 北: 패하여 달아남)"
燕,제비 연,,,none,제비 연(燕),http://tonghanja.com/%ec%a0%9c%eb%b9%84-%ec%97%b0%e7%87%95/,燕 .3급Ⅱ 부리( )와 머리(ㅁ)와 양 날개(北)와 몸통(口)과 꼬리(灬)는? ‘ 燕 ’은 부리 와 머리 와 양 날개 와 몸통 과 꼬리 로 된 ‘ 제비 ’를 나타낸 글자입니다. 제비 연 연미복(燕尾服)
南,남녘 남,,,none,남녘 남(南),http://tonghanja.com/%eb%82%a8%eb%85%98-%eb%82%a8%e5%8d%97/,"南 .8급 사람들이 발붙이는(南) 곳은? 살려고 사람들이 발붙이는 곳은 따뜻한 ‘ 남녘 ’이지요. 남녘 남 남 녘 (南 녘 : 남쪽 ) , 남방(南方), 남측(南側)"
聘,부를 빙,丂由耳,耳(귀 이) 由(말미암을(뽑아낼) 유) 丂(숨 고),ok,부를 빙(聘),http://tonghanja.com/%eb%b6%80%eb%a5%bc-%eb%b9%99%e8%81%98/,"聘 .3급 耳: 귀 이 由: 말미암을(뽑아낼) 유 丂: 숨 고 귀(耳)에 들리게 숨(丂)을 뽑아내는(由) 것은? 다른 이의 귀 에 들리게 숨 을 뽑아내는 것은 다른 이를 ‘ 부름 ’이지요. 부를 빙 초 빙 ( 招 聘: 다른 이를 부름) , 빙부(聘父), 빙모(聘母) * ‘聘’은 손님들을 불러놓고 하는 것인 ‘장가듦’을 뜻하기도 합니다."
宙,집 주,宀由,宀(집 면) 由(말미암을(뽑아낼) 유),ok,집 주(宙),http://tonghanja.com/%ec%a7%91-%ec%a3%bc%e5%ae%99/,宙 .3급Ⅱ 宀: 집 면 由: 말미암을(뽑아낼) 유 집(宀)인데 뽑아내서(由) 만든 것은? 집 인데 조물주가 입김을 뽑아내서 만든 것은 ‘ 집 (우주)’이지요. 집 주 우 주 ( 宇 宙: 무한히 큰 집 / 모든 천체를 포함하는 공간 )
笛,피리 적,由竹,竹(대 죽) 由(말미암을(뽑아낼) 유),ok,피리 적(笛),http://tonghanja.com/%ed%94%bc%eb%a6%ac-%ec%a0%81%e7%ac%9b/,"笛 .3급Ⅱ 竹: 대 죽 由: 말미암을(뽑아낼) 유 대(竹)인데 소리를 뽑아내는(由) 것은? 대 나무인데 소리를 뽑아내는 것은 ‘ 피리 ’이지요. 피리 적 죽 적 ( 竹 笛: 대 피리) , 경적(警笛), 기적(汽笛)"
油,기름 유,水由,氵(물 수) 由(말미암을(뽑아낼) 유),ok,기름 유(油),http://tonghanja.com/%ea%b8%b0%eb%a6%84-%ec%9c%a0%e6%b2%b9/,"油 .6급 氵: 물 수 由: 말미암을(뽑아낼) 유 물(氵)인데 뽑아내는(由) 것은? 물 인데 동물, 식물, 광물 따위에서 뽑아내는 것은 ‘ 기름 ’이지요. 기름 유 유 류 (油 類 : 기름 에 속하는 무리를 통틀어 이르는 말 ) , 석유(石油), 식용유(食用油)"
抽,뽑을 추,手由,扌(손 수) 由(말미암을(뽑아낼) 유),ok,뽑을 추(抽),http://tonghanja.com/%eb%bd%91%ec%9d%84-%ec%b6%94%e6%8a%bd/,"抽 .3급 扌: 손 수 由: 말미암을(뽑아낼) 유 손(扌)으로 뽑아내는(由) 것은? 손 으로 무엇을 뽑아내는 것은 ‘ 뽑음 ’이지요. 뽑을 추 추 출 (抽 出 : 뽑아 냄 ) , 추상(抽象)"
由,말미암을 유,田,급(모양) 田(밭 전),ok,말미암을 유(由),http://tonghanja.com/%eb%a7%90%eb%af%b8%ec%95%94%ec%9d%84-%ec%9c%a0%e7%94%b1/,"由 .6급 : 모양 田: 밭 전 식물( )이 밭(田)으로부터 한 것은? ‘ 由 ’는 식물 을 밭 에서 ‘ 뽑아냄 ’을 나타낸 글자였으나, 후에 뽑아낸 식물이 밭으로부터 한 것인 ‘ 말미암음 ’을 뜻하게 되었답니다. 말미암을 유 유 래 (由 來 : 말미암아 옴 ) , 이유(理由), 자유(自由)"
符,부호 부,人寸竹,竹(대 죽) 亻(사람 인) 寸(마디(손) 촌),ok,부호 부(符),http://tonghanja.com/%eb%b6%80%ed%98%b8-%eb%b6%80%e7%ac%a6/,"符 .3급Ⅱ 竹: 대 죽 亻: 사람 인 寸: 마디(손) 촌 대(竹)쪽에 사람(亻)이 손(寸)으로 쓰는 것은? ‘ 대 쪽’ 즉 ‘죽간’에 사람 이 손 으로 쓰는 것은 ‘ 부호 ’이지요. 부호 부 부 호 (符 號 : 뜻을 나타내는 기호 ) , 의문부(疑問符), 종지부(終止符)"
附,붙을 부,人寸阝,阝(언덕 부) 亻(사람 인) 寸(마디(손) 촌),ok,붙을 부(附),http://tonghanja.com/%eb%b6%99%ec%9d%84-%eb%b6%80%e9%99%84/,"附 .3급Ⅱ 阝: 언덕 부 亻: 사람 인 寸: 마디(손) 촌 언덕(阝)에서 사람(亻)이 손(寸)으로 하는 것은? 가파른 언덕 에서 사람 이 손 으로 하는 것은 언덕에 ‘ 붙음 ’이지요. 붙을 부 부 착 (附 着 : 붙음) , 부합(附合), 부가(附加)"
腐,썩을 부,府肉,府(관청(곳집) 부) 肉(고기 육),ok,썩을 부(腐),http://tonghanja.com/%ec%8d%a9%ec%9d%84-%eb%b6%80%e8%85%90/,腐 .3급Ⅱ 府: 관청(곳집) 부 肉: 고기 육 곳집(府)에서 고기(肉)가 하는 것은? 곳집 안에서 고기 가 하는 것은 ‘ 썩음 ’이지요. 썩을 부 부 패 (腐 敗 : 썩음)
府,관청 부,付广,广(집 엄) 付(줄 부),ok,관청 부(府),http://tonghanja.com/%ea%b4%80%ec%b2%ad-%eb%b6%80%e5%ba%9c/,"府 .4급Ⅱ 广: 집 엄 付: 줄 부 집(广)인데 줘서(付) 맡기는 곳은? ‘ 府 ’는 집 인데 사람이 물건 따위를 줘서 맡기는 곳인 ‘ 곳집 ’을 나타낸 글자였으나, 후에 조세를 보관하는 곳집인 ‘ 관청 (官廳)’을 뜻하게 되었답니다. 관청 부 정 부 ( 政 府: 국민을 다스리는 관청) , 입법부(立法府), 사법부(司法府)"
付,줄 부,人寸,亻(사람 인) 寸(모양),ok,줄 부(付),http://tonghanja.com/%ec%a4%84-%eb%b6%80%e4%bb%98/,"付 .3급Ⅱ 亻: 사람 인 寸: 모양 사람(亻)이 손( )에 든 무엇( )을 건네는 것은? 사람 이 손 에 든 무엇 을 남에게 건네는 것은 ‘ 줌 ’이지요. 줄 부 급 부 ( 給 付: 줌) , 교부(交付), 배부(配付)"
郵,우편 우,垂阝,垂(드리울 수) 阝(고을 읍),ok,우편 우(郵),http://tonghanja.com/%ec%9a%b0%ed%8e%b8-%ec%9a%b0%e9%83%b5/,"郵 .4급 垂: 드리울 수 阝: 고을 읍 드리우며(垂) 고을(阝)을 다니는 것은? 시(市)→구(區)→동(洞)으로 드리우며 고을 을 다니는 것은 ‘ 우편 ’이지요. 우편 우 우 편 (郵 便 : 편지 등을 배달하는 업무 ) , 우송(郵送), 우체부(郵遞夫)"
睡,잘 수,垂目,目(눈 목) 垂(드리울 수),ok,잘 수(睡),http://tonghanja.com/%ec%9e%98-%ec%88%98%e7%9d%a1/,"睡 .3급 目: 눈 목 垂: 드리울 수 눈(目)을 드리우는(垂) 것은? 눈 꺼풀을 아래로 드리우는 것은 ‘ 잠 ’이지요. 잘 수 수 면 (睡 眠 : 잠) , 혼수(昏睡), 오수(午睡)"
垂,드리울 수,卉土,卉(풀/많을 훼) 土(흙(땅) 토),ok,드리울 수(垂),http://tonghanja.com/%eb%93%9c%eb%a6%ac%ec%9a%b8-%ec%88%98%e5%9e%82/,"垂 .3급Ⅱ : 모양 卉: 풀/많을 훼 土: 흙(땅) 토 가지( )에 매달린 풀들(卉)이 땅(土)으로 늘어지는 것은? 가지 에 매달린 풀들 이 땅 으로 늘어지는 것은 ‘ 드리움 ’이지요. 드리울 수 수 직 (垂 直 : 곧게 드리움) , 수양버들(垂楊버들) * 드리우다: 한쪽이 위에 고정된 상태에서 다른 쪽이 아래로 늘어지다"
墳,무덤 분,土賁,土(흙 토) 賁(클(조개더미) 분),ok,무덤 분(墳),http://tonghanja.com/%eb%ac%b4%eb%8d%a4-%eb%b6%84%e5%a2%b3/,"墳 .3급 土: 흙 토 賁: 클(조개더미) 분 흙(土)을 조개더미(賁)처럼 쌓아놓은 것은? 흙 을 조개더미 처럼 쌓아놓은 것은 ‘ 무덤 ’이지요. 무덤 분 분 묘 (墳 墓 : 무덤) , 봉분(封墳), 고분(古墳)"
憤,분할 분,心賁,忄(마음 심) 賁(클(조개더미) 분),ok,분할 분(憤),http://tonghanja.com/%eb%b6%84%ed%95%a0-%eb%b6%84%e6%86%a4/,"憤 .4급 忄: 마음 심 賁: 클(조개더미) 분 마음(忄)인데 조개더미(賁)처럼 쌓이는 것은? 마음 인데 조개더미 처럼 점점 쌓이는 것은 ‘ 분함 ’이지요. 분할 분 분 함 (憤 怒 : 화나고 원통함 ) , 분노(憤怒), 분통(憤痛) * “나 너한테 쌓인 게 많아.” 하는 것은 상대에게 자기의 분함을 표출하는 것이지요."
賁,클 분,卉貝,卉(풀/많을 훼) 貝(조개 패),ok,클 분(賁),http://tonghanja.com/%ed%81%b4-%eb%b6%84%e8%b3%81/,"賁 .특급Ⅱ 卉: 풀/많을 훼 貝: 조개 패 많이(卉) 쌓여 있는 조개(貝)는? ‘ 賁 ’은 많이 쌓여 있는 조개 인 ‘ 조개더미 ’를 나타낸 글자였으나, 후에 조개더미는 크다는 데서 ‘ 큼 ’을 뜻하게 되었답니다. 클 분"
奔,달릴 분,卉大,大(큰(사람) 대) 卉(풀/많을 훼),ok,달릴 분(奔),http://tonghanja.com/%eb%8b%ac%eb%a6%b4-%eb%b6%84%e5%a5%94/,奔 .3급Ⅱ 大: 큰(사람) 대 卉: 풀/많을 훼 사람(大)이 다리를 많이(卉) 벌려서 이동하는 것은? 사람 이 다리를 많이 벌려서 이동하는 것은 ‘ 달림 ’이지요. 달릴 분 분 주 (奔 走 : 이리저리로 달림 / 몹시 바쁘거나 수선스러움을 이르는 말 )
卉,풀 훼/ 많을 훼,,,none,풀 훼/ 많을 훼(卉),http://tonghanja.com/%ed%92%80-%ed%9b%bc-%eb%a7%8e%ec%9d%84-%ed%9b%bc%e5%8d%89/,卉 .1급 많은 풀(卉)은? 많은 풀 은 ‘ 풀 ’이 ‘ 많음 ’이지요. 풀/많을 훼
俊,준걸 준,人夋,亻(사람 인) 夋(뛰어날 준),ok,준걸 준(俊),http://tonghanja.com/%ec%a4%80%ea%b1%b8-%ec%a4%80%e4%bf%8a/,"俊 .3급 亻: 사람 인 夋: 뛰어날 준 사람(亻)인데 뛰어난(夋) 이는? 사람 인데 뛰어난 이는 ‘ 준걸 ’이지요. 준걸 준 준 걸 (俊 傑 : 재주나 슬기 따위가 뛰어난 이 ) , 준재(俊才), 준수(俊秀)"
夋,뛰어날 준,允夊,允(맏(우두머리) 윤) 夊(천천히 걸을(발) 쇠),ok,뛰어날 준(夋),http://tonghanja.com/%eb%9b%b0%ec%96%b4%eb%82%a0-%ec%a4%80%e5%a4%8b/,夋 .무급 允: 맏(우두머리) 윤 夊: 천천히 걸을(발) 쇠 우두머리(允)의 발(夊)은? 우두머리 의 발 은 부하들의 발보다 ‘ 뛰어남 ’이지요. 뛰어날 준 * 뛰어나다: 남보다 월등히 앞서 있다
允,맏 윤,儿厶,厶(모양) 儿(사람 인),ok,맏 윤(允),http://tonghanja.com/%eb%a7%8f-%ec%9c%a4%e5%85%81/,"允 .2급 厶: 모양 儿: 사람 인 우뚝한 머리(厶)가 달린 사람(儿)은? ‘ 允 ’은 우뚝한 머리 가 달린 사람 인 ‘ 우두머리 ’를 나타낸 글자였으나, 후에 우두머리는 무리의 맏이라는 데서 ‘ 맏 ’을 뜻하게 되었답니다. 맏 윤"
燒,사를 소,堯火,火(불 화) 堯(높을 요),ok,사를 소(燒),http://tonghanja.com/%ec%82%ac%eb%a5%bc-%ec%86%8c%e7%87%92/,"燒 .3급Ⅱ 火: 불 화 堯: 높을 요 불(火)을 높이(堯) 타오르게 하는 것은? 불 을 높이 타오르게 하는 것은 어떤 것을 ‘ 사름 ’이지요. 사를 소 연 소 ( 燃 燒: 사름) , 전소(全燒), 소각(燒却) * 사르다: 불에 태워 없애다"
曉,새벽 효,堯日,日(날(해) 일) 堯(높을 요),ok,새벽 효(曉),http://tonghanja.com/%ec%83%88%eb%b2%bd-%ed%9a%a8%e6%9b%89/,"曉 .3급 日: 날(해) 일 堯: 높을 요 해(日)가 높이(堯) 떠오르는 때는? 해 가 땅속에서부터 높이 떠오르는 때는 ‘ 새벽 ’이지요. 새벽 효 효 신 (曉 晨 : 새벽) , 효성(曉星)"
堯,높을 요,兀土,土(흙 토) 土(흙 토) 土(흙 토) 兀(우뚝할 올),ok,높을 요(堯),http://tonghanja.com/%eb%86%92%ec%9d%84-%ec%9a%94%e5%a0%af/,"堯 .1급Ⅱ 土: 흙 토 土: 흙 토 土: 흙 토 兀: 우뚝할 올 많은 흙(垚)이 우뚝하게(兀) 쌓여 있는 모양은? 많은 흙 이 우뚝하게 쌓여 있는 모양은 ‘ 높음 ’이지요. 높을 요 * ‘堯’는 중국 고대의 임금인 요임금의 이름자로 쓰여, ‘요임금 요’라고도 합니다."
冠,갓 관,元冖寸,冖(덮을 멱) 元(모양) 寸(마디(손) 촌),ok,갓 관(冠),http://tonghanja.com/%ea%b0%93-%ea%b4%80%e5%86%a0/,"冠 .3급Ⅱ 冖: 덮을 멱 元: 모양 寸: 마디(손) 촌 덮는(冖) 건데 머리 위(元)에 손(寸)으로 쓰는 것은? 덮는 건데 머리 위 에 손 으로 쓰는 것은 ‘ 갓 ’이지요. ☞ 여기서의 ‘元(으뜸 원)’은 사람의 머리(兀) 위(-)를 나타낸 것입니다. 갓 관 관 (冠: 갓 / 관복이나 예복을 입을 때 망건 위에 쓰던 물건 ) , 왕관(王冠), 의관(衣冠)"
院,집 원,完阝,阝(언덕 부) 完(완전할 완),ok,집 원(院),http://tonghanja.com/%ec%a7%91-%ec%9b%90%e9%99%a2/,"院 .5급 阝: 언덕 부 完: 완전할 완 언덕(阝)에 있는 완전한(完) 것은? 언덕 에 있는 완전한 것은 ‘ 집 ’이지요. 집 원 사원(寺院), 법원(法院), 병원(病院) * 범람이 잦았던 황하 강 유역에서는 수해를 피하려고 언덕에 집을 지었답니다."
完,완전할 완,元宀,宀(집 면) 元(으뜸 원),ok,완전할 완(完),http://tonghanja.com/%ec%99%84%ec%a0%84%ed%95%a0-%ec%99%84%e5%ae%8c/,"完 .5급 宀: 집 면 元: 으뜸 원 집(宀)이 으뜸(元)가게 좋은 것은? 집 이 으뜸 가게 좋은 것은 ‘ 완전함 ’이지요. 완전할 완 완 전 (完 全 : 모든 것이 갖추어져 부족함이 없음 ) , 완성(完成), 완료(完了)"
元,으뜸 원,兀,兀(우뚝할 올),ok,으뜸 원(元),http://tonghanja.com/%ec%9c%bc%eb%9c%b8-%ec%9b%90%e5%85%83/,"元 .5급Ⅱ ㅡ: 한 일 兀: 우뚝할 올 제일(ㅡ) 우뚝한(兀) 것은? 제일 우뚝한 것은 ‘ 으뜸 ’이지요. 으뜸 원 원 수 (元 首 : 한 국가의 으뜸 가는 우두머리 ) , 원수(元帥), 장원(壯元)"
兀,우뚝할 올,儿,儿(사람 인),ok,우뚝할 올(兀),http://tonghanja.com/%ec%9a%b0%eb%9a%9d%ed%95%a0-%ec%98%ac%e5%85%80/,兀 .특급Ⅱ ￣: 모양 儿: 사람 인 큰 머리(￣)가 달린 사람(儿)은? 큰 머리 가 달린 사람 은 ‘ 우뚝함 ’이지요. 우뚝할 올 * 우뚝하다: 높이 솟아 있다
競,다툴 경,儿咅,咅(가를 부) 儿(사람 인) 咅(가를 부) 儿(사람 인),ok,다툴 경(競),http://tonghanja.com/%eb%8b%a4%ed%88%b4-%ea%b2%bd%e7%ab%b6/,"競 .5급 咅: 가를 부 儿: 사람 인 咅: 가를 부 儿: 사람 인 갈라진(咅) 사람(儿)들이 하는 것은? 양편으로 갈라진 사람들 이 하는 것은 ‘ 다툼 ’이지요. 다툴 경 경 쟁 (競 爭 : 서로 다툼) , 경기(競技), 경합(競合)"
培,북돋을 배,咅土,土(흙 토) 咅(가를 부),ok,북돋을 배(培),http://tonghanja.com/%eb%b6%81%eb%8f%8b%ec%9d%84-%eb%b0%b0%e5%9f%b9/,"培 .3급Ⅱ 土: 흙 토 咅: 가를 부 흙(土)을 갈라(咅) 돋우는 것은? 흙 을 갈라 돋우는 것은 ‘ 북 을 돋움 ’이지요. 북 돋을 배 배 토 (培 土 : 식물의 뿌리를 싸고 있는 흙인 북 을 돋움) , 배양(培養), 재배(栽培)"
倍,곱 배,人咅,亻(사람 인) 咅(가를 부),ok,곱 배(倍),http://tonghanja.com/%ea%b3%b1-%eb%b0%b0%e5%80%8d/,"倍 .5급 亻: 사람 인 咅: 가를 부 사람(亻)이 가르면(咅) 생기는 것은? 사람 이 무엇을 가르면 생기는 것은 ‘ 곱 (곱절)’이지요. 곱 배 배 (倍: 곱 / 곱절 ) , 이배(二倍), 사배(四倍) * 사람이 하나를 가르면 둘이 생기고, 둘을 가르면 넷이 생기지요."
部,떼 부,咅阝,咅(가를 부) 阝(고을 읍),ok,떼 부(部),http://tonghanja.com/%eb%96%bc-%eb%b6%80%e9%83%a8/,"部 .6급Ⅱ 咅: 가를 부 阝: 고을 읍 갈라놓은(咅) 고을(阝)에서 사는 이들은? 다른 곳들과 갈라놓은 고을 에서 사는 이들은 ‘ 떼 ’이지요. 떼 부 부 족 (部 族 : 떼 로 사는 겨레 ) , 부류(部類), 부분(部分)"
咅,가를 부,,,none,가를 부(咅),http://tonghanja.com/%ea%b0%80%eb%a5%bc-%eb%b6%80%e5%92%85/,咅 .무급 사람( )이 땅(一)에 구역(ㅁ)을 정하는 것은? 사람 이 땅 에 구역 을 정하는 것은 땅을 ‘ 가름 ’이지요. 가를 부
隱,숨을 은,㥯阝,阝(언덕 부) 㥯(조심할 은),ok,숨을 은(隱),http://tonghanja.com/%ec%88%a8%ec%9d%84-%ec%9d%80%e9%9a%b1/,"隱 .4급 阝: 언덕 부 㥯: 조심할 은 언덕(阝)에서 조심히(㥯) 지내는 것은? 언덕 에서 들키지 않게 조심히 지내는 것은 ‘ 숨음 ’이지요. 숨을 은 은 거 (隱 居 : 숨어 삶 ) , 은신(隱身), 은자(隱者)"
㥯,조심할 은,工心爫,爫(손톱(손) 조) 工(장인) 공(또(손) 우) 心(마음 심),ok,조심할 은(㥯),http://tonghanja.com/%ec%a1%b0%ec%8b%ac%ed%95%a0-%ec%9d%80%e3%a5%af/,㥯 .무급 爫: 손톱(손) 조 工: 장인 공 : 또(손) 우 心: 마음 심 양손( )으로 공구(工)를 잡는 마음(心)은? 양손 으로 공구 를 단단히 잡는 마음 은 ‘ 조심함 ’이지요. 조심할 은
靜,고요할 정,爭靑,靑(푸를 청) 爭(다툴 쟁),ok,고요할 정(靜),http://tonghanja.com/%ea%b3%a0%ec%9a%94%ed%95%a0-%ec%a0%95%e9%9d%9c/,"靜 .4급 靑: 푸를 청 爭: 다툴 쟁 푸른(靑) 분위기를 다투듯(爭) 유지하면? ‘ 푸른 ’ 즉 ‘차갑게 가라앉은’ 분위기를 서로 다투듯 유지하면 ‘ 고요함 ’이지요. 고요할 정 정 숙 (靜 肅 : 고요하고 엄숙함 ) , 평정(平靜), 안정(安靜)"
淨,깨끗할 정,水爭,氵(물 수) 爭(다툴 쟁),ok,깨끗할 정(淨),http://tonghanja.com/%ea%b9%a8%eb%81%97%ed%95%a0-%ec%a0%95%e6%b7%a8/,"淨 .3급Ⅱ 氵: 물 수 爭: 다툴 쟁 물(氵)이 다투어(爭) 해내는 것은? 물 이 더러움과 다투어 해내는 것은 ‘ 깨끗함 ’이지요. 깨끗할 정 정 화 (淨 化 : 깨끗하게 함 ) , 세정(洗淨), 자정(自淨)"
爭,다툴 쟁,亅爫,爫(손톱(손)) 조(또(손) 우) 亅(모양),ok,다툴 쟁(爭),http://tonghanja.com/%eb%8b%a4%ed%88%b4-%ec%9f%81%e7%88%ad/,"爭 .5급 爫: 손톱(손) 조 : 또(손) 우 亅: 모양 손(爫)으로 남의 손( )에 들린 물건(亅)을 빼앗으려 하는 것은? 손 으로 남의 손 에 들린 물건 을 빼앗으려 하는 것은 ‘ 다툼 ’이지요. 다툴 쟁 쟁 탈 (爭 奪 : 다투어 빼앗음 ) , 쟁취(爭取), 전쟁(戰爭)"
精,정할 정,米靑,米(쌀 미) 靑(푸를 청),ok,정할 정(精),http://tonghanja.com/%ec%a0%95%ed%95%a0-%ec%a0%95%e7%b2%be/,"精 .4급Ⅱ 米: 쌀 미 靑: 푸를 청 쌀(米)을 푸른(靑)빛을 띠게 찧은 모양은? 쌀 을 푸른 빛을 띠게 찧은 모양은 ‘ 정함 ’이지요. 정할 정 정 함 (精 함 : 거칠지 않고 매우 고움 ) , 정미(精米), 정제(精製) * 갓 찧은 쌀은 푸르도록 희지요."
情,뜻 정,心靑,忄(마음 심) 靑(푸를 청),ok,뜻 정(情),http://tonghanja.com/%eb%9c%bb-%ec%a0%95%e6%83%85/,"情 .5급Ⅱ 忄: 마음 심 靑: 푸를 청 마음(忄)속에서 푸르게(靑) 솟는 것은? 마음 속에서 ‘ 푸르게 ’ 즉 ‘생생하게’ 솟는 것은 ‘ 뜻 ’이지요. 뜻 정 정 (情: 뜻 / 느끼어 일어나는 마음 ) , 심정(心情), 감정(感情)"
請,청할 청,言靑,言(말씀(말) 언) 靑(푸를 청),ok,청할 청(請),http://tonghanja.com/%ec%b2%ad%ed%95%a0-%ec%b2%ad%e8%ab%8b/,"請 .4급Ⅱ 言: 말씀(말) 언 靑: 푸를 청 말(言)인데 푸른(靑) 희망을 담아 하는 것은? 말 인데 푸른 희망을 담아 하는 것은 ‘ 청함 ’이지요. 청할 청 청 함 (請 함 : 남에게 무엇을 해 달라고 부탁함 ) , 요청(要請), 간청(懇請)"
晴,갤 청,日靑,日(날(해) 일) 靑(푸를 청),ok,갤 청(晴),http://tonghanja.com/%ea%b0%a4-%ec%b2%ad%e6%99%b4/,"晴 .3급 日: 날(해) 일 靑: 푸를 청 햇빛(日)이 비쳐 푸르게(靑) 변하는 것은? 햇빛 이 비쳐 하늘이 푸르게 변하는 것은 ‘ 갬 ’이지요. 갤 청 청 천 (晴 天 : 하늘이 갬) , 쾌청(快晴)"
淸,맑을 청,水靑,氵(물 수) 靑(푸를 청),ok,맑을 청(淸),http://tonghanja.com/%eb%a7%91%ec%9d%84-%ec%b2%ad%e6%b7%b8/,"淸 .6급Ⅱ 氵: 물 수 靑: 푸를 청 물(氵)이 푸른(靑) 것은? 물 이 푸른 빛을 띠는 것은 ‘ 맑음 ’이지요. 맑을 청 청 수 (淸 水 : 맑은 물 ) , 청정(淸淨), 청결(淸潔)"
靑,푸를 청,,,none,푸를 청(靑),http://tonghanja.com/%ed%91%b8%eb%a5%bc-%ec%b2%ad%e9%9d%91/,"靑 .8급 무성한 풀( )이 우물( )가에 솟은 모습은? 무성한 풀 이 우물 가에 솟은 모습은 ‘ 푸름 ’이지요. 푸를 청 청 색 (靑 色 : 푸른 색 ) , 청청(靑靑), 청년(靑年)"
僞,거짓 위,人爲,亻(사람 인) 爲(할 위),ok,거짓 위(僞),http://tonghanja.com/%ea%b1%b0%ec%a7%93-%ec%9c%84%e5%83%9e/,"僞 .3급Ⅱ 亻: 사람 인 爲: 할 위 사람(亻)이 하는(爲) 짓은? 사람 이 하는 짓은 진심과는 다른 짓인 ‘ 거짓 ’이지요. 거짓 위 위 조 (僞 造 : 거짓 으로 지어냄 ) , 위선(僞善), 위장(僞裝)"
爲,할 위,爫,爫(손톱(손)) 조(모양),ok,할 위(爲),http://tonghanja.com/%ed%95%a0-%ec%9c%84%e7%88%b2/,"爲 .4급Ⅱ 爫: 손톱(손) 조 : 모양 손(爫)으로 코끼리( )를 부리는 것은? 손 으로 코끼리 를 부리는 것은 일 따위를 ‘ 함 ’이지요. 할 위 행 위 ( 行 爲: 행동을 함) , 작위(作爲), 인위(人爲)"
序,차례 서,予广,广(집 엄) 予(나/줄 여),ok,차례 서(序),http://tonghanja.com/%ec%b0%a8%eb%a1%80-%ec%84%9c%e5%ba%8f/,"序 .5급 广: 집 엄 予: 나/줄 여 집(广)에서 줄(予) 때 따지는 것은? 집 에서 찬물 따위를 줄 때 따지는 것은 ‘ 차례 (次例)’이지요. 차례 서 순 서 ( 順 序: 어떤 기준에 따른 차례) , 질서(秩序), 장유유서(長幼有序) * 장유유서(長幼有序): 어른과 어린이 사이에는 차례가 있음"
豫,미리 예,予象,予(나/줄 여) 象(코끼리 상),ok,미리 예(豫),http://tonghanja.com/%eb%af%b8%eb%a6%ac-%ec%98%88%e8%b1%ab/,"豫 .4급 予: 나/줄 여 象: 코끼리 상 주면(予) 코끼리(象)가 하는 것은? 먹이를 주면 코끼리 가 하는 것은 코로 냄새를 맡아 먹어도 되는지 안 되는지를 ‘ 미리 ’ 헤아림이지요. 미리 예 예 측 (豫 測 : 미리 헤아림 ) , 예상(豫想), 예비(豫備)"
野,들 야,予里,里(마을 리) 予(나/줄 여),ok,들 야(野),http://tonghanja.com/%eb%93%a4-%ec%95%bc%e9%87%8e/,"野 .6급 里: 마을 리 予: 나/줄 여 마을(里)에 주는(予) 곳은? 마을 에 먹을거리를 주는 곳은 ‘ 들 ’이지요. 들 야 야 외 (野 外 : 외곽에 있는 들) , 평야(平野), 광야(廣野)"
予,나 여/ 줄 여,,,none,나 여/ 줄 여(予),http://tonghanja.com/%eb%82%98-%ec%97%ac-%ec%a4%84-%ec%97%ac%e4%ba%88/,予 .3급 북(予)으로 하는 것은? 북 으로 하는 것은 내가 ‘ 나 ’에게 전해 ‘ 줌 ’이지요. 나/줄 여 * 북: 베 짤 때 날실 사이로 씨실을 넣는 데 쓰는 도구
像,모양 상,人象,亻(사람 인) 象(코끼리 상),ok,모양 상(像),http://tonghanja.com/%eb%aa%a8%ec%96%91-%ec%83%81%e5%83%8f/,"像 .3급Ⅱ 亻: 사람 인 象: 코끼리 상 사람(亻)이 코끼리(象)에 관해 궁금해 하는 것은? 후세 사람 이 코끼리 에 관해 궁금해 하는 것은 코끼리의 ‘ 모양 (模樣)’이지요. 모양 상 형 상 ( 形 像: 모양) , 심상(心像), 상상(想像) * ‘像’은 ‘象’이 ‘모양’이라는 뜻으로도 쓰이자, 뜻을 구분하려고 ‘亻’을 덧붙인 글자입니다. 하지만 구분이 확실히 이루어지지 않아, ‘모양’이라는 뜻으로는 ‘象’과 ‘像’을 서로 바꾸어 쓰기도 합니다."
象,코끼리 상,,,none,코끼리 상(象),http://tonghanja.com/%ec%bd%94%eb%81%bc%eb%a6%ac-%ec%83%81%e8%b1%a1/,"象 .4급 코( )와 상아( )와 머리( )와 몸통 및 다리 및 꼬리( )는? ‘ 象 ’은 코 와 상아 와 머리 와 몸통 및 다리 및 꼬리 로 된 ‘ 코끼리 ’를 나타낸 글자입니다. 코끼리 상 상아(象牙), 형상(形象), 심상(心象) * ‘象’은 기후 변화로 인해 중국에서 코끼리가 사라지자, 후세 사람들이 코끼리의 모양을 궁금해 했다는 데서 ‘모양’을 뜻하기도 합니다."
矣,어조사 의,厶矢,厶(모양) 矢(화살 시),ok,어조사 의(矣),http://tonghanja.com/%ec%96%b4%ec%a1%b0%ec%82%ac-%ec%9d%98%e7%9f%a3/,矣 .3급 厶: 모양 矢: 화살 시 과녁(厶)에서 멈추는 화살(矢) 같은 것은? 과녁 에서 멈추는 화살 같은 것은 ‘ 어조사 (語助辭) 의’이지요. 어조사 의 의 (矣: 말을 멈출 때 쓰는 어조사)
候,기후 후,人矢,亻(사람 인  ㅣ: 모) 양(모양) 矢(화살 시),ok,기후 후(候),http://tonghanja.com/%ea%b8%b0%ed%9b%84-%ed%9b%84%e5%80%99/,"候 .4급 亻: 사람 인 ㅣ: 모양 : 모양 矢: 화살 시 사람(亻)이 오조준(ㅣ)으로 과녁( )에 화살(矢)을 쏴서 대처하는 것은? 사람 이 오조준 으로 과녁 에 화살 을 쏴서 대처하는 것은 비나 바람 따위의 ‘ 기후 ’이지요. 기후 후 기 후 ( 氣 候: 비·눈·바람 따위의 대기 상태 ) , 악천후(惡天候)"
侯,제후 후,人矢,亻(사람) 인(모양) 矢(화살 시),ok,제후 후(侯),http://tonghanja.com/%ec%a0%9c%ed%9b%84-%ed%9b%84%e4%be%af/,"侯 .3급 亻: 사람 인 : 모양 矢: 화살 시 사람(亻)인데 과녁( )에 화살(矢)을 명중시키는 이는? 사람 인데 과녁 에 화살 을 명중시키는 능력이 뛰어나 왕에게 영지를 받은 이는 ‘ 제후 ’이지요. 제후 후 제 후 ( 諸 侯: 왕에게 영지를 받아 다스리는 사람 ) , 왕후장상(王侯將相) * 왕후장상(王侯將相): 임금·제후·장수·재상의 통칭"
蔽,덮을 폐,敝艸,艹(풀 초) 敝(해질 폐),ok,덮을 폐(蔽),http://tonghanja.com/%eb%8d%ae%ec%9d%84-%ed%8f%90%e8%94%bd/,"蔽 .3급 艹: 풀 초 敝: 해질 폐 풀(艹)을 해진(敝) 곳에 꽂는 것은? 적군의 눈에 띄지 않도록 풀 을 천의 해진 곳에 꽂는 것은 ‘ 덮음 ’이지요. 덮을 폐 은 폐 ( 隱 蔽 : 숨기려고 덮음 ) , 엄폐(掩蔽)"
幣,화폐 폐,巾敝,敝(해질 폐) 巾(수건(천) 건),ok,화폐 폐(幣),http://tonghanja.com/%ed%99%94%ed%8f%90-%ed%8f%90%e5%b9%a3/,"幣 .3급 敝: 해질 폐 巾: 수건(천) 건 해지기(敝) 쉬운 천(巾)은? ‘ 幣 ’는 해지기 쉬운 천 인 ‘ 비단 ’을 나타낸 글자였으나, 후에 비단은 화폐로 쓰인다는 데서 ‘ 화폐 ’를 뜻하게 되었답니다. 화폐 폐 화 폐 ( 貨 幣: 상품을 교환할 때 가치의 척도가 되는 매개물 ) , 지폐(紙幣), 폐백(幣帛)"
弊,폐단 폐,廾敝,敝(해질 폐) 廾(양손 공),ok,폐단 폐(弊),http://tonghanja.com/%ed%8f%90%eb%8b%a8-%ed%8f%90%e5%bc%8a/,"弊 .3급Ⅱ 敝: 해질 폐 廾: 양손 공 양손(廾)으로 해지게(敝) 하는 것은? 남을 양손 으로 해지게 하는 것은 ‘ 폐단 ’이지요. 폐단 폐 폐 단 (弊 端 : 남을 괴롭고 번거롭게 하는 일 ) , 폐해(弊害), 민폐(民弊)"
敝,해질 폐,巾攵,급(모양) 巾(수건(천)) 건(모양) 攵(칠 복),ok,해질 폐(敝),http://tonghanja.com/%ed%95%b4%ec%a7%88-%ed%8f%90%e6%95%9d/,敝 .특급 : 모양 巾: 수건(천) 건 : 모양 攵: 칠 복 너덜( )너덜( )하게 천(巾)이 치이는(攵) 것은? 너덜너덜 하게 천 이 치이는 것은 천이 ‘ 해짐 ’이지요. 해질 폐 * 해지다: 닳아서 떨어지다
宅,집 택,乇宀,宀(집 면) 乇(의지할 탁),ok,집 택(宅),http://tonghanja.com/%ec%a7%91-%ed%83%9d%ef%a8%84/,"宅 .5급Ⅱ 宀: 집 면 乇: 의지할 탁 집(宀)인데 의지하는(乇) 곳은? 집 인데 몸을 의지하는 곳은 ‘ 집 ’이지요. 집 택 주 택 ( 住 宅: 사는 집) , 자택(自宅) , 고택(古宅)"
托,맡길 탁,乇手,扌(손 수) 乇(의지할 탁),ok,맡길 탁(托),http://tonghanja.com/%eb%a7%a1%ea%b8%b8-%ed%83%81%e6%89%98/,托 .3급 扌: 손 수 乇: 의지할 탁 손(扌)으로 의지하는(乇) 이에게 무엇을 건네는 것은? 손 으로 의지하는 이에게 무엇을 건네는 것은 ‘ 맡김 ’이지요. 맡길 탁 의 탁 ( 依 托: 의지하여 맡김)
乇,의지할 탁,,,none,의지할 탁(乇),http://tonghanja.com/%ec%9d%98%ec%a7%80%ed%95%a0-%ed%83%81%e4%b9%87/,乇 .무급 새싹( )이 땅(一)에 하는 것은? 새싹 이 땅 에 하는 것은 ‘ 의지함 ’이지요. 의지할 탁 * 의지(依支)하다: 몸이나 마음을 기대다
寬,너그러울 관,宀,宀(집 면),ok,너그러울 관(寬),http://tonghanja.com/%eb%84%88%ea%b7%b8%eb%9f%ac%ec%9a%b8-%ea%b4%80%e5%af%ac/,"寬 .3급Ⅱ 宀: 집 면 萈 : 산양 환 집(宀)에 온 산양( 萈 )에게 하는 것은? 집 에 들어온 산양 에게 “산양이 얼마나 굶주렸으면 인가(人家)까지 내려왔겠소. 이런 동물은 해치는 게 아니니, 어서 마른 풀이라도 내어줍시다.” 하는 것은 ‘ 너그러움 ’이지요. ☞ 萈: 굽은 뿔(艹)과 큰 눈(目)과 앞다리 및 뒷다리(儿)와 짧은 꼬리(丶)가 특징인, 산양 환 너그러울 관 관 대 (寬 大 : 마음이 너그럽고 큼 ) , 관용(寬容)"
備,갖출 비,人,亻(사람 인),ok,갖출 비(備),http://tonghanja.com/%ea%b0%96%ec%b6%9c-%eb%b9%84%e5%82%99/,"備 .4급Ⅱ 亻: 사람 인 : 모양 用: 쓸(통) 용 사람(亻)이 화살( )을 통(用)에 넣는 것은? 사람 이 화살 을 화살 통 에 넣는 것은 ‘ 갖춤 ’이지요. 갖출 비 준 비 ( 準 備: 미리 마련하여 갖춤) , 대비(對備), 장비(裝備)"
庸,쓸 용,用,급(庚(절구질 경)의 이형) 用(쓸(통) 용),ok,쓸 용(庸),http://tonghanja.com/%ec%93%b8-%ec%9a%a9%e5%ba%b8/,"庸 .3급 : 庚(절구질 경)의 이형 用: 쓸(통) 용 절구질( )에 통(用)을 쓰는 것은? 절구질 에 절구 통 을 쓰는 것은 ‘ 씀 ’이지요. 쓸 용 중용(中庸), 용렬(庸劣) * ‘庸’은 절구통처럼 늘 쓰이는 평범한 도구에서 ‘보통’을 뜻하기도 하고, 나아가 어느 한쪽으로 치우치지 않는 보통(중간)의 상태에서 ‘떳떳함’을 뜻하기도 합니다."
庚,일곱째 천간 경,广,广(집 엄),ok,일곱째 천간 경(庚),http://tonghanja.com/%ec%9d%bc%ea%b3%b1%ec%a7%b8-%ec%b2%9c%ea%b0%84-%ea%b2%bd%e5%ba%9a/,"庚 .3급 广: 집 엄 : 모양 집(广)에서 손( )에 절굿공이( )를 들고 하는 것은? ‘ 庚 ’은 집 에서 손 에 절굿공이 를 들고 하는 것인 ‘ 절구질 ’을 나타낸 글자였으나, 후에 ‘ 일곱째 천간 (天干) ’을 뜻하게 되었답니다. 일곱째 천간 경 * ‘庚’은 오행(五行)에서 금(金)에 해당하여 ‘금성(金星)’을 뜻하기도 합니다. 그래서 ‘별 경’이라고도 하지만, 현대에는 ‘일곱째 천간’으로 주로 쓰입니다."
糖,엿 당/ 엿 탕,唐米,米(쌀 미) 唐(당나라(당황할) 당),ok,엿 당/ 엿 탕(糖),http://tonghanja.com/%ec%97%bf-%eb%8b%b9-%ec%97%bf-%ed%83%95%e7%b3%96/,"糖 .3급Ⅱ 米: 쌀 미 唐: 당나라(당황할) 당 쌀(米)로 만든 건데 당황할(唐) 정도로 맛있는 것은? 쌀 로 만든 건데 당황할 정도로 맛있는 것은 ‘ 엿 ’이지요. 엿 당 / 탕 당 분 (糖 分 : 엿 이나 사탕 따위에 들어 있는 단맛 성분 ) , 사탕(沙糖), 설탕(雪糖)"
唐,당나라 당,,,image,당나라 당(唐),http://tonghanja.com/%eb%8b%b9%eb%82%98%eb%9d%bc-%eb%8b%b9%e5%94%90/,"唐 .3급Ⅱ : 庚(절구질 경)의 이형 ㅁ: 입(말) 구 절구질( )하듯 입(ㅁ)으로 큰소리치면? ‘ 唐 ’은 절구질 하듯 요란하게 입 으로 큰소리치면 상대가 ‘ 당황함 ’을 나타낸 글자였으나, 후에 당(唐)나라의 이름자로 쓰여 ‘ 당나라 ’를 뜻하게 되었답니다. 당나라 당 당 나라 (唐 나라 : 중국의 옛 왕조 이름 ) , 당황(唐慌), 황당(荒唐)"
卿,벼슬 경,卩皀,급(모양) 皀(향기로울(밥) 급) 卩(모양),ok,벼슬 경(卿),http://tonghanja.com/%eb%b2%bc%ec%8a%ac-%ea%b2%bd%e5%8d%bf/,"卿 .3급 : 모양 皀: 향기로울(밥) 급 卩: 모양 임금( )과 밥(皀)을 먹는 신하(卩)는? 임금 과 밥 을 함께 먹는 신하 는 ‘ 벼슬 ’이지요. 벼슬 경 경 (卿: 임금이 최고위 벼슬 아치를 부를 때 쓰던 말 ) , 공경대부(公卿大夫)"
貿,무역할 무,卯貝,卯(토끼(가를) 묘) 貝(조개(재물) 패),ok,무역할 무(貿),http://tonghanja.com/%eb%ac%b4%ec%97%ad%ed%95%a0-%eb%ac%b4%e8%b2%bf/,貿 .3급Ⅱ 卯: 토끼(가를) 묘 貝: 조개(재물) 패 가른(卯) 재물(貝)을 교환하는 것은? 가른 재물 을 서로 교환하는 것은 ‘ 무역함 ’이지요. 무역할 무 무 역 (貿 易 : 지역이나 국가 사이에서 서로 재물을 교환하거나 사고파는 일 )
留,머무를 류,卯田,卯(토끼(가를) 묘) 田(밭 전),ok,머무를 류(留),http://tonghanja.com/%eb%a8%b8%eb%ac%b4%eb%a5%bc-%eb%a5%98%e7%95%99/,"留 .4급Ⅱ 卯: 토끼(가를) 묘 田: 밭 전 가른(卯) 밭(田)에서 있는 것은? 구역을 가른 밭 에서 있는 것은 자기 밭에 ‘ 머무름 ’이지요. 머무를 류 체 류 ( 滯 留: 어떤 곳에 머물러 있음 ) , 잔류(殘留), 정류장(停留場)"
柳,버들 류,卯木,木(나무 목) 卯(토끼(가를) 묘),ok,버들 류(柳),http://tonghanja.com/%eb%b2%84%eb%93%a4-%eb%a5%98%e6%9f%b3/,"柳 .4급 木: 나무 목 卯: 토끼(가를) 묘 나무(木)인데 가지가 갈라진(卯) 것은? 나무 인데 ‘卯’ 자처럼 가지가 갈라진 것은 ‘ 버들 ’이지요. 버들 류 양 류 ( 楊 柳: 버들 / 버드나무 ) , 화류계(花柳界)"
卯,토끼 묘,,,none,토끼 묘(卯),http://tonghanja.com/%ed%86%a0%eb%81%bc-%eb%ac%98%e5%8d%af/,"卯 .3급 토끼의 귀(卯)는? ‘ 卯 ’는 물건 (口)을 둘 ( )로 ‘ 가름 ’을 나타낸 글자였으나, 후에 십이지(十二支)에서는 자형이 토끼의 귀 같다 하여 ‘ 토끼 ’를 뜻하게 되었답니다. 토끼 묘"
娘,아가씨 낭,女良,女(여자 녀) 良(어질(좋을) 량),ok,아가씨 낭(娘),http://tonghanja.com/%ec%95%84%ea%b0%80%ec%94%a8-%eb%82%ad%e5%a8%98/,"娘 .3급Ⅱ 女: 여자 녀 良: 어질(좋을) 량 여자(女)인데 좋은(良) 이는? 여자 인데 용모나 성품 등이 좋은 이는 ‘ 아가씨 ’이지요. 아가씨 낭 낭 자 (娘 子 : ‘ 아가씨 ’ 라는 뜻으로, 예전에 처녀를 높여 이르던 말 )"
廊,사랑채 랑,广郞,广(집 엄) 郞(사내 랑),ok,사랑채 랑(廊),http://tonghanja.com/%ec%82%ac%eb%9e%91%ec%b1%84-%eb%9e%91%e5%bb%8a/,"廊 .3급Ⅱ 广: 집 엄 郞: 사내 랑 집(广)인데 사내(郞)가 머무는 곳은? 집 인데 사내 가 머무는 곳은 ‘ 사랑채 ’이지요. 사랑채 랑 사 랑 채 ( 舍 廊 채 : 여성의 집인 안채와 달리, 바깥주인이 머무르며 손님을 접대하는 남성의 집 ) , 행랑(行廊), 회랑(回廊)"
郞,사내 랑,良阝,良(어질(좋을) 량) 阝(고을 읍),ok,사내 랑(郞),http://tonghanja.com/%ec%82%ac%eb%82%b4-%eb%9e%91%e9%83%9e/,"郞 .3급Ⅱ 良: 어질(좋을) 량 阝: 고을 읍 고을(阝)에서 뽑힌 좋은(良) 이는? 고을 에서 뽑힌 용모나 성품 등이 좋은 이는 ‘ 사내 ’이지요. 사내 랑 낭 군 (郞 君 : 아내가 자기 사내 , 곧 남편을 높여 이르는 말 ) , 신랑(新郞), 화랑(花郞)"
朗,밝을 랑,月良,良(어질(좋을) 량) 月(달 월),ok,밝을 랑(朗),http://tonghanja.com/%eb%b0%9d%ec%9d%84-%eb%9e%91%e6%9c%97-2/,"朗 .5급Ⅱ 良: 어질(좋을) 량 月: 달 월 좋게(良) 빛나는 달(月)은? 보기 좋게 빛나는 달 은 ‘ 밝음 ’이지요. 밝을 랑 낭랑 (朗朗: 빛이나 소리 따위가 밝음) , 낭독(朗讀), 명랑(明朗)"
浪,물결 랑,水良,氵(물 수) 良(어질(좋을) 량),ok,물결 랑(浪),http://tonghanja.com/%eb%ac%bc%ea%b2%b0-%eb%9e%91%e6%b5%aa/,"浪 .3급Ⅱ 氵: 물 수 良: 어질(좋을) 량 물(氵)인데 좋게(良) 출렁이는 것은? 물 인데 보기 좋게 출렁이는 것은 ‘ 물결 ’이지요. 물결 랑 파 랑 ( 波 浪: 물결 ) , 격랑(激浪), 방랑(放浪)"
良,어질 량,,,none,어질 량(良),http://tonghanja.com/%ec%96%b4%ec%a7%88-%eb%9f%89%e8%89%af/,"良 .5급Ⅱ 강물( )의 물결( )은? ‘ 良 ’은 강물 의 잔잔한 물결 은 보기 ‘ 좋음 ’을 나타낸 글자였으나, 후에 그런 물결처럼 평화롭고 부드러운 성품인 ‘ 어짊 ’을 뜻하게 되었답니다. 어질 량 선 량 ( 善 良: 착하고 어짊) , 양호(良好), 양심(良心)"
爵,벼슬 작,寸爫,爫(손톱(손)) 조(모양) 寸(마디(손) 촌),ok,벼슬 작(爵),http://tonghanja.com/%eb%b2%bc%ec%8a%ac-%ec%9e%91%e7%88%b5/,"爵 .3급 爫: 손톱(손) 조 : 모양 寸: 마디(손) 촌 손(爫)이 하사하는 술잔( )을 손(寸)이 받는 것은? 왕의 손 이 하사하는 참새 모양의 술잔 을 신하의 손 이 받는 것은 ‘ 벼슬 ’이지요. 벼슬 작 작 위 (爵 位 : 왕이 신하에게 내리는 벼슬 이나 지위 ) , 공작(公爵), 백작(伯爵) * 고대 중국에서는 왕이 신하에게 작위(爵位)를 내릴 때 증표로 참새 모양의 술잔(爵)을 하사했습니다. 이 술잔은 제사에 쓰이는 존귀한 그릇으로 높은 지위를 상징했습니다."
懇,간절할 간,心艮豸,豸(짐승 치) 艮(그칠 간) 心(마음 심),ok,간절할 간(懇),http://tonghanja.com/%ea%b0%84%ec%a0%88%ed%95%a0-%ea%b0%84%e6%87%87/,"懇 .3급Ⅱ 豸: 짐승 치 艮: 그칠 간 心: 마음 심 짐승(豸)을 뒤돌아보는 사람(艮)의 마음(心)은? 쫓아오는 짐승 을 뒤돌아보는 사람 의 마음 은 ‘ 간절함 ’이지요. 간절할 간 간 절 (懇 切 : 더할 나위 없이 정성스럽고 절실함 ) , 간곡(懇曲), 간청(懇請)"
退,물러날 퇴,艮辵,艮(그칠 간) 辶(갈 착),ok,물러날 퇴(退),http://tonghanja.com/%eb%ac%bc%eb%9f%ac%eb%82%a0-%ed%87%b4%e9%80%80/,"退 .4급Ⅱ 艮: 그칠 간 辶: 갈 착 그치고(艮) 가는(辶) 것은? 앞으로 나아가기를 그치고 뒤로 가는 것은 ‘ 물러남 ’이지요. 물러날 퇴 후 퇴 ( 後 退: 뒤로 물러남) , 퇴각(退却), 퇴장(退場)"
銀,은 은,艮金,金(쇠(금) 금) 艮(그칠 간),ok,은 은(銀),http://tonghanja.com/%ec%9d%80-%ec%9d%80%e9%8a%80/,"銀 .6급 金: 쇠(금) 금 艮: 그칠 간 금(金) 다음가는 자리에 그친(艮) 것은? 금 다음가는 자리에 그친 것은 ‘ 은 ’이지요. 은 은 은 (銀: 금 다음으로 귀한 백색 금속 ) , 은메달(銀메달), 금은보화(金銀寶貨)"
根,뿌리 근,木艮,木(나무 목) 艮(그칠(머무를) 간),ok,뿌리 근(根),http://tonghanja.com/%eb%bf%8c%eb%a6%ac-%ea%b7%bc%e6%a0%b9/,"根 .6급 木: 나무 목 艮: 그칠(머무를) 간 나무(木)를 머물러(艮) 있게 하는 부분은? 나무 를 제자리에 머물러 있게 하는 부분은 ‘ 뿌리 ’이지요. 뿌리 근 근 본 (根 本 : 초목의 뿌리 / 사물의 본질이나 본바탕 ) , 근원(根源), 모근(毛根)"
限,한계 한,艮阝,阝(언덕 부) 艮(그칠 간),ok,한계 한(限),http://tonghanja.com/%ed%95%9c%ea%b3%84-%ed%95%9c%e9%99%90/,"限 .4급Ⅱ 阝: 언덕 부 艮: 그칠 간 언덕(阝)에서 그치는(艮) 것은? 언덕 앞에서 더 나아가지 못하고 그치는 것은 ‘ 한계 ’이지요. 한계 한 한 계 (限 界 : 더 이상 넘을 수 없는 경계 ) , 한정(限定), 제한(制限)"
恨,한 한,心艮,忄(마음 심) 艮(그칠(머무를) 간),ok,한 한(恨),http://tonghanja.com/%ed%95%9c-%ed%95%9c%e6%81%a8/,"恨 .4급 忄: 마음 심 艮: 그칠(머무를) 간 마음(忄)속에 머물러(艮) 있는 감정은? 마음 속에 응어리져 머물러 있는 감정은 ‘ 한 ’이지요. 한 한 한 (恨: 몹시 원망스러워 마음속에 응어리진 감정 ) , 원한(怨恨), 여한(餘恨) * ‘恨’은 한하다(恨하다: 한스러워 원망하다)는 뜻으로도 쓰여, ‘한할 한’이라고도 합니다."
眼,눈 안,目艮,目(눈 목) 艮(그칠(머무를) 간),ok,눈 안(眼),http://tonghanja.com/%eb%88%88-%ec%95%88%e7%9c%bc/,"眼 .4급Ⅱ 目: 눈 목 艮: 그칠(머무를) 간 눈(目)인데 머물러(艮) 있는 것은? 눈 인데 눈구멍 속에 머물러 있는 것은 ‘ 눈 ’알이지요. 눈 안 안 구 (眼 球 : 눈 알 ) , 안과(眼科), 안경(眼鏡)"
艮,그칠 간,,,none,그칠 간(艮),http://tonghanja.com/%ea%b7%b8%ec%b9%a0-%ea%b0%84%e8%89%ae/,艮 .1급Ⅱ 눈( )으로 뒤돌아보는 사람( )이 하는 것은? 눈 으로 뒤를 돌아보는 사람 이 하는 것은 나아가기를 ‘ 그침 ’이지요. 그칠 간 * ‘艮’은 나아가기를 그치고 그 자리에 머무는 상태인 ‘머무름’을 뜻하기도 합니다.
貌,모양 모,皃豸,豸(짐승 치) 皃(얼굴 모),ok,모양 모(貌),http://tonghanja.com/%eb%aa%a8%ec%96%91-%eb%aa%a8%e8%b2%8c/,"貌 .3급Ⅱ 豸: 짐승 치 皃: 얼굴 모 짐승(豸)의 생김새와 얼굴(皃)의 생김새는? 짐승 의 생김새와 사람 얼굴 의 생김새는 각각을 구별하게 하는 저마다의 ‘ 모양 (模樣)’이지요. 모양 모 외 모 (外 貌 : 겉으로 드러나 보이는 모양) , 용모(容貌), 면모(面貌)"
豸,짐승 치,,,none,짐승 치(豸),http://tonghanja.com/%ec%a7%90%ec%8a%b9-%ec%b9%98%e8%b1%b8/,"豸 .무급 머리( )와 몸통 및 꼬리( ) 와 다리( ) 는? 머리 와 몸통 및 꼬리 와 다리 로 된 것은 ‘ 짐승 ’이지요. 짐승 치 * 豹(표범 표), 豺(승냥이 시), 貂(담비 초)."
禁,금할 금,林示,林(수풀(숲) 림) 示(보일(제단) 시),ok,금할 금(禁),http://tonghanja.com/%ea%b8%88%ed%95%a0-%ea%b8%88%e7%a6%81/,"禁 .4급Ⅱ 林: 수풀(숲) 림 示: 보일(제단) 시 숲(林)속 제단(示)은? 숲 속 제단 은 나무에 가려 잘 보이지 않으니, 모르고 들어오지 않도록 금줄(禁줄)을 둘러 출입을 ‘ 금함 ’이지요. 금할 금 금 함 (禁 함 : 어떤 일을 하지 못하게 함 ) , 금지(禁止), 엄금(嚴禁)"
奈,어찌 내,大示,大(큰 대) 示(보일(제단) 시),ok,어찌 내(奈),http://tonghanja.com/%ec%96%b4%ec%b0%8c-%eb%82%b4%e5%a5%88/,"奈 .3급 大: 큰 대 示: 보일(제단) 시 큰(大)일을 앞두고 제단(示)에서 묻는 것은? 큰 일을 앞에 두고, 사람이 제단 에서 점을 쳐 묻는 것은 ‘ 어찌 ’해야 할지이지요. 어찌 내 * 고대 중국에서는 전쟁 등의 큰일을 앞두고, 제단에서 점을 쳐 신에게 어찌해야 할지를 물었답니다."
崇,높을 숭,宗山,山(뫼(산) 산) 宗(마루 종),ok,높을 숭(崇),http://tonghanja.com/%eb%86%92%ec%9d%84-%ec%88%ad%e5%b4%87/,"崇 .4급 山: 뫼(산) 산 宗: 마루 종 산(山)의 마루(宗)는? 산 의 마루 인 주봉은 ‘ 높음 ’이지요. 높을 숭 숭 고 (崇 高 : 깊은 감동이나 경외심을 불러일으킬 만큼 높고 훌륭함 ) , 숭상(崇尙), 숭배(崇拜) * 주봉(主峯): 산맥에서 가장 높은 산봉우리."
宗,마루 종,宀示,宀(집 면) 示(보일(제단) 시),ok,마루 종(宗),http://tonghanja.com/%eb%a7%88%eb%a3%a8-%ec%a2%85%e5%ae%97/,"宗 .4급Ⅱ 宀: 집 면 示: 보일(제단) 시 집(宀)인데 제단(示)이 있는 곳은? 집 인데 조상을 모신 제단 이 있는 곳은, 가문의 으뜸인 ‘ 마루 ’이지요. 마루 종 종 가 (宗 家 : 대대로 맏이가 제사를 모시는, 가문의 으뜸( 마루 )에 해당하는 집 ) , 종묘(宗廟), 종손(宗孫) * 마루: 어떤 사물의 으뜸이나 첫째, 또는 어떤 일의 기준. * 마루는 ‘꼭대기’나 ‘으뜸’을 뜻하는 말이지만, 한자 ‘宗’에서는 ‘으뜸’만을 뜻합니다."
夷,오랑캐 이,大弓,大(큰(사람) 대) 弓(활 궁),ok,오랑캐 이(夷),http://tonghanja.com/%ec%98%a4%eb%9e%91%ec%ba%90-%ec%9d%b4%e5%a4%b7/,"夷 .3급 大: 큰(사람) 대 弓: 활 궁 활(弓)을 잘 쏘는 사람(大)은? 활 을 잘 쏘는 사람 은 동쪽의 ‘ 오랑캐 ’이지요. 출처: 《무용총 수렵도》, 고구려 벽화 오랑캐 이 동 이 ( 東 夷: 동쪽의 오랑캐 라 는 뜻으로, 중국인들이 동쪽에 사는 이민족을 낮잡아 이르던 말 ) , 화이사상(華夷思想) * 화이사상(華夷思想): 중국 민족이 스스로를 중화(中華)라 칭하며 존중하고, 동서남북 각 방위의 이민족을 각각 동이(東夷), 서융(西戎), 남만(南蠻), 북적(北狄)이라 칭하며 오랑캐로 천시하던 사상."
費,쓸 비,弗貝,弗(아닐(떨) 불) 貝(조개(재물) 패),ok,쓸 비(費),http://tonghanja.com/%ec%93%b8-%eb%b9%84%e8%b2%bb/,"費 .5급 弗: 아닐(떨) 불 貝: 조개(재물) 패 재물(貝)을 떠는(弗) 것은? 재물 을 떨어 내는 것은 ‘ 씀 ’이지요. 쓸 비 소 비 ( 消 費: 써서 사라지게 함 ) , 낭비(浪費), 비용(費用)"
佛,부처 불,人弗,亻(사람 인) 弗(아닐(떨) 불),ok,부처 불(佛),http://tonghanja.com/%eb%b6%80%ec%b2%98-%eb%b6%88%e4%bd%9b/,"佛 .4급Ⅱ 亻: 사람 인 弗: 아닐(떨) 불 사람(亻)인데 번뇌를 떤(弗) 이는? 사람 인데 번뇌를 떨어 낸 이는 ‘ 부처 ’이지요. 부처 불 불 타 (佛 陀 : 부처 *陀·1급·비탈질/부처 타 ) , 불교(佛敎), 생불(生佛)"
拂,떨칠 불,弗手,扌(손 수) 弗(아닐(떨) 불),ok,떨칠 불(拂),http://tonghanja.com/%eb%96%a8%ec%b9%a0-%eb%b6%88%e6%8b%82/,"拂 .3급Ⅱ 扌: 손 수 弗: 아닐(떨) 불 손(扌)으로 떠는(弗) 것은? 손 으로 먼지 따위를 떨어 내는 것은 ‘ 떨침 ’이지요. 떨칠 불 불 식 (拂 拭 : 먼지 따위를 떨치고 닦음 *拭·1급·닦을 식 ) , 지불(支拂), 체불(滯拂)"
弗,아닐 불,,,none,아닐 불(弗),http://tonghanja.com/%ec%95%84%eb%8b%90-%eb%b6%88%e5%bc%97/,"弗 .2급 먼지떨이(弗)로 하는 것은? ‘ 弗 ’은 풀다발( ) 을 줄(弓) 로 휘감아 만든 먼지떨이 로 먼지를 ‘ 떪 ’을 나타낸 글자였으나, 후에 먼지를 떨어내듯 무언가를 부정하는 ‘ 아님 ’을 뜻하게 되었답니다. 아닐 불 * 떨다: 1. 붙어 있는 것을 떨어지게 하다. 2. 어지럽거나 속된 생각 따위를 없애다. 3. 재물을 써서 없애다."
引,끌 인,弓,弓(활 궁  ㅣ: 모양),ok,끌 인(引),http://tonghanja.com/%eb%81%8c-%ec%9d%b8%e5%bc%95/,"引 .4급Ⅱ 弓: 활 궁 ㅣ: 모양 활(弓) 시위(ㅣ)를 당기는 것은? 활 의 시위 를 당기는 것은 시위를 내 쪽으로 ‘ 끎 ’이지요. 끌 인 견 인 ( 牽 引: 끌어 당김 ) , 인상(引上), 인하(引下)"
弔,조상할 조,丨弓,弓(활 궁) 丨(亻(사람 인)의 이형),ok,조상할 조(弔),http://tonghanja.com/%ec%a1%b0%ec%83%81%ed%95%a0-%ec%a1%b0%e5%bc%94/,"弔 .3급 弓: 활 궁 丨: 亻(사람 인)의 이형 활(弓)을 사람(ㅣ)이 들고 하는 것은? 활 을 사람 이 들고, 들이나 숲에 놓인 시신 곁에서 까마귀 따위의 짐승을 쫓아주는 것은 ‘ 조상함 ’이지요. 조상할 조 조 상 (弔 喪 : 고인의 죽음을 슬퍼하고 그 유족을 위문함 ) , 조문(弔問), 근조(謹弔)"
親,친할 친,木立見,立(설 립) 木(나무 목) 見(볼 견),ok,친할 친(親),http://tonghanja.com/%ec%b9%9c%ed%95%a0-%ec%b9%9c%e8%a6%aa/,"親 .6급 立: 설 립 木: 나무 목 見: 볼 견 서도록(立) 돌본(見) 나무(木)는? 위로 서도록 즉 자라도록 돌본 나무 는 ‘ 친함 ’이지요. 친할 친 친 함 (親 함 : 가까이 사귀어 정이 두터움 ) , 친근(親近), 친구(親舊)"
新,새 신,斤木立,立(설 립) 木(나무 목) 斤(근(도끼) 근),ok,새 신(新),http://tonghanja.com/%ec%83%88-%ec%8b%a0%e6%96%b0/,"新 .6급Ⅱ 立: 설 립 木: 나무 목 斤: 근(도끼) 근 도끼(斤)로 벤 나무(木)에서 서는(立) 것은? 도끼 로 벤 나무 의 밑둥에서 위로 서는 즉 자라는 것은 ‘ 새 ’ 싹이지요. 새 신 신 생 (新 生 : 새 로 생김 ) , 신흥(新興), 참신(斬新)"
獻,바칠 헌,犬虍鬲,虍(虎(범 호)의 이형) 鬲(솥 력) 犬(개 견),ok,바칠 헌(獻),http://tonghanja.com/%eb%b0%94%ec%b9%a0-%ed%97%8c%e7%8d%bb/,"獻 .3급Ⅱ 虍: 虎(범 호)의 이형 鬲: 솥 력 犬: 개 견 범(虍) 같은 솥(鬲)에 개(犬)로 국을 끓여서 하는 것은? 범 같이 아가리가 쩍 벌어진 솥 에 개 로 국을 끓여서 하는 것은 신에게 ‘ 바침 ’이지요. 바칠 헌 봉 헌 ( 奉 獻: 받들어 바침) , 헌상(獻上), 헌납(獻納)"
隔,사이 뜰 격,阝鬲,阝(언덕 부) 鬲(솥 력),ok,사이 뜰 격(隔),http://tonghanja.com/%ec%82%ac%ec%9d%b4-%eb%9c%b0-%ea%b2%a9%e9%9a%94/,"隔 .3급Ⅱ 阝: 언덕 부 鬲: 솥 력 언덕(阝)처럼 솥(鬲)이 하는 것은? 언덕 모양처럼 솥 의 다리가 하는 것은 ‘ 사이 뜸 ’이지요. 사이 뜰 격 간 격 ( 間 隔: 공간적으로 사이 뜬 곳 ) , 이격(離隔), 격차(隔差)"
鬲,솥 력,,,none,솥 력(鬲),http://tonghanja.com/%ec%86%a5-%eb%a0%a5%e9%ac%b2/,鬲 .특급 아가리(ㅡ)와 입구( )와 몸통( )과 세 다리( )는? 아가리 와 입구 와 몸통 과 세 다리 로 된 것은 삼발이 ‘ 솥 ’이지요. 솥 력
副,버금 부,刀畐,畐(가득할 복) 刂(칼(나눌) 도),ok,버금 부(副),http://tonghanja.com/%eb%b2%84%ea%b8%88-%eb%b6%80%e5%89%af/,"副 .4급Ⅱ 畐: 가득할 복 刂: 칼(나눌) 도 가득한(畐) 업무를 나누어(刂) 맡는 이는? 으뜸의 가득한 업무를 나누어 맡는 이는 ‘ 버금 ’이지요. 버금 부 부 대표 (副 代表 : 대표 버금 가는 지위, 또는 그 사람 ) , 부회장(副會長), 부사장(副社長)"
富,부유할 부,宀畐,宀(집 면) 畐(가득할 복),ok,부유할 부(富),http://tonghanja.com/%eb%b6%80%ec%9c%a0%ed%95%a0-%eb%b6%80%e5%af%8c/,"富 .4급Ⅱ 宀: 집 면 畐: 가득할 복 집(宀)에 가득한(畐) 술항아리가 있는 것은? 집 에 술이 가득한 술항아리가 있는 것은 남는 곡식으로 술까지 빚을 수 있는 ‘ 부유함 ’이지요. 부유할 부 부 유 (富 裕 : 재물이 넉넉함 ) , 부자(富者), 부귀(富貴)"
幅,폭 폭,巾畐,巾(수건(천) 건) 畐(가득할 복),ok,폭 폭(幅),http://tonghanja.com/%ed%8f%ad-%ed%8f%ad%e5%b9%85/,"幅 .3급 巾: 수건(천) 건 畐: 가득할 복 천(巾)을 가득하게(畐) 채우는 길이는? 천 의 가로 방향을 가득하게 채우는 길이는 ‘ 폭 ’이지요. 폭 폭 폭 (幅: 세로에 대응하는 가로 방향의 길이 ) , 대폭(大幅), 소폭(小幅)"
福,복 복,畐示,示(보일(제단) 시) 畐(가득할 복),ok,복 복(福),http://tonghanja.com/%eb%b3%b5-%eb%b3%b5%e7%a6%8f/,"福 .5급Ⅱ 示: 보일(제단) 시 畐: 가득할 복 제단(示)에 가득한(畐) 술항아리를 바치며 비는 것은? 제단 에 술이 가득한 술항아리를 바치며 비는 것은 ‘ 복 ’이지요. 복 복 복 (福: 삶에서 만나는 행운, 또는 그로 인한 행복 ) , 행복(幸福), 축복(祝福)"
畐,가득할 복,,,none,가득할 복(畐),http://tonghanja.com/%ea%b0%80%eb%93%9d%ed%95%a0-%eb%b3%b5%e7%95%90/,畐 .무급 덮개(ㅡ)로 입구(ㅁ)를 막은 술항아리(田)는? 덮개 로 입구 를 막은 술항아리 는 술이 안에 ‘ 가득함 ’이지요. 가득할 복
效,본받을 효,交攵,交(사귈(교차할) 교) 攵(칠(때릴) 복),ok,본받을 효(效),http://tonghanja.com/%eb%b3%b8%eb%b0%9b%ec%9d%84-%ed%9a%a8%e6%95%88/,"效 .5급Ⅱ 交: 사귈(교차할) 교 攵: 칠(때릴) 복 교차하여(交) 때리면(攵)? 스승이 제자와 교차하여 , 즉 마주하여 회초리로 때리면 그 가르침을 제자가 ‘ 본받음 (本받음)’이지요. 본받을 효 효 과 (效 果 : 보람 있는 결과 ) , 효력(效力), 즉효(卽效) * ‘效’는 교차하여 때리면 생기는 것인 ‘효과’를 주로 뜻합니다."
郊,들 교,交阝,交(사귈(교차할) 교) 阝(고을 읍),ok,들 교(郊),http://tonghanja.com/%eb%93%a4-%ea%b5%90%e9%83%8a/,"郊 .3급 交: 사귈(교차할) 교 阝: 고을 읍 고을(阝)과 교차하는(交) 곳은? 고을 과 고을 밖이 교차하는 곳은 고을의 농작물을 길러내던 ‘ 들 ’이지요. 들 교 근 교 ( 近 郊: 도시와 가까이 맞닿아 있는 들 ) , 교외(郊外) * 들: 논이나 밭으로 되어 있는 넓은 땅."
校,학교 교,交木,木(나무 목) 交(사귈(교차할) 교),ok,학교 교(校),http://tonghanja.com/%ed%95%99%ea%b5%90-%ea%b5%90%e6%a0%a1/,"校 .8급 木: 나무 목 交: 사귈(교차할) 교 나무(木)를 교차하여(交) 만든 것은? ‘ 校 ’는 나무 를 교차하여 만든 ‘ 울타리 ’를 나타낸 글자였으나, 후에 울타리를 쳐서 학생들을 보호 및 통제하는 곳인 ‘ 학교 ’를 뜻하게 되었답니다. 학교 교 학 교 ( 學 校: 체계적인 배움이 일어나는 울타리 안의 공간 ) , 교문(校門), 교내(校內)"
較,견줄 교,交車,車(수레(차) 차) 交(사귈(교차할) 교),ok,견줄 교(較),http://tonghanja.com/%ea%b2%ac%ec%a4%84-%ea%b5%90%e8%bc%83/,"較 .3급Ⅱ 車: 수레(차) 차 交: 사귈(교차할) 교 차(車)가 교차할(交) 때 하는 것은? 차 가 교차할 때 하는 것은 내 차와 남의 차를 ‘ 견줌 ’이지요. 견줄 교 비 교 ( 比 較: 견줌) , 일교차(日較差)"
交,사귈 교,,,none,사귈 교(交),http://tonghanja.com/%ec%82%ac%ea%b7%88-%ea%b5%90%e4%ba%a4/,"交 .6급 양반다리(交)가 하는 것은? ‘ 交 ’는 양반다리 가 하는 것인 ‘ 교차함 ’을 나타낸 글자였으나, 후에 교차하여 만나는 것인 ‘ 사귐 ’을 뜻하게 되었답니다. 사귈 교 교 차 (交 叉 : 서로 엇갈리거나 마주침 ) , 교류(交流), 교제(交際)"
算,셈 산,廾目竹,竹(대 죽) 目(모양) 廾(양손 공),ok,셈 산(算),http://tonghanja.com/%ec%85%88-%ec%82%b0%e7%ae%97/,"算 .7급 竹: 대 죽 目: 모양 廾: 양손 공 대(竹)로 만든 많은 산가지(目)를 양손(廾)으로 다루는 것은? 대 나무로 만든 많은 산가지 를 양손 으로 다루는 것은 ‘ 셈 ’이지요. 셈 산 계 산 ( 計 算: 셈) , 산수(算數), 산법(算法)"
敎,가르칠 교,子攵爻,爻(점괘(산가지) 효) 子(아들(아이) 자) 攵(칠(때릴) 복),ok,가르칠 교(敎),http://tonghanja.com/%ea%b0%80%eb%a5%b4%ec%b9%a0-%ea%b5%90%e6%95%8e/,"敎 .8급 爻: 점괘(산가지) 효 子: 아들(아이) 자 攵: 칠(때릴) 복 산가지(爻) 다루는 아이(子)를 때리는(攵) 것은? 산가지 다루는 아이 를 회초리로 때리는 것은 아이에게 산가지 다루는 법을 ‘ 가르침 ’이지요. 가르칠 교 교 육 (敎 育 : 가르쳐 기름 ) , 교습(敎習), 교사(敎師)"
覺,깨달을 각,見,급(學(배울 학)의 이형) 見(볼 견),ok,깨달을 각(覺),http://tonghanja.com/%ea%b9%a8%eb%8b%ac%ec%9d%84-%ea%b0%81%e8%a6%ba/,"覺 .4급 : 學(배울 학)의 이형 見: 볼 견 보고(見) 배우는( ) 것은? 양손으로 산가지 다루는 법을 집에서 보고 배우는 것은 ‘ 깨달음 ’이지요. 깨달을 각 각 성 (覺 醒 : 깨달음 *醒·1급·깰 성 ) , 자각(自覺), 지각(知覺)"
學,배울 학,,,none,배울 학(學),http://tonghanja.com/%eb%b0%b0%ec%9a%b8-%ed%95%99%e5%ad%b8/,"學 .8급 : 모양 爻: 점괘(산가지) 효 冖: 모양 子: 아이 자 양손( )으로 산가지(爻) 다루는 법을 집(冖)에서 아이(子)가 익히는 것은? 양손 으로 산가지 다루는 법을 집 에서 아이 가 보고 익히는 것은 ‘ 배움 ’이지요. 배울 학 학 습 (學 習 : 배우고 익힘 ) , 학생(學生), 학교(學校)"
爻,점괘 효,,,none,점괘 효(爻),http://tonghanja.com/%ec%a0%90%ea%b4%98-%ed%9a%a8%e7%88%bb/,爻 .1급 산가지 묶음을 나누어(爻) 얻는 것은? 산가지 묶음을 둘로 나누어 얻는 것은 ‘ 점괘 (占卦) ’이지요. 점괘 효 * 산(算)가지: 수를 헤아리거나 점을 치는 데 쓰이던 나뭇가지. * ‘爻’는 시초점(蓍草占)을 쳐서 주역(周易)의 점괘를 얻는 모습을 나타낸 글자입니다.
興,일 흥,同,同(한가지(같을) 동),ok,일 흥(興),http://tonghanja.com/%ec%9d%bc-%ed%9d%a5%e8%88%88/,"興 .4급Ⅱ : 舁(함께 여)의 이형 同: 한가지(같을) 동 함께( ) 같이(同) 드는 것은? ‘ 興 ’은 여럿이 함께 무엇을 다 같이 들어올리는 것인 ‘ 일으킴 (일어남) ’을 나타낸 글자였으나, 후에 기운이나 세력이 일어나는 것인 ‘ 읾 ’을 뜻하게 되었답니다. 일 흥 흥 함 (興 함 : 읾 / 일어나 번성함 ) , 부흥(復興), 진흥(振興)"
擧,들 거,手與,與(더불 여) 手(손 수),ok,들 거(擧),http://tonghanja.com/%eb%93%a4-%ea%b1%b0%e6%93%a7/,"擧 .5급 與: 더불 여 手: 손 수 더불어(與) 손(手)으로 하는 것은? 여럿이 더불어 손 으로 하는 것은 무거운 물건 따위를 ‘ 듦 ’이지요. 들 거 거 중 기 (擧 重器 : 무거운 물건을 들어 올리는 기계 ) , 거동(擧動), 거수(擧手)"
譽,기릴 예,與言,與(더불 여) 言(말씀(말) 언),ok,기릴 예(譽),http://tonghanja.com/%ea%b8%b0%eb%a6%b4-%ec%98%88%e8%ad%bd/,"譽 .3급Ⅱ 與: 더불 여 言: 말씀(말) 언 더불어(與) 말(言)하는 것은? 여럿이 더불어 말 하는 것은 훌륭한 인물 따위를 ‘ 기림 ’이지요. 기릴 예 명 예 ( 名 譽: 이름을 기림) , 영예(榮譽) * 기리다: 훌륭한 인물 따위를 칭찬하며 기억하다."
與,더불 여,,급(舁(함께 여)의 이) 형(모양),image,더불 여(與),http://tonghanja.com/%eb%8d%94%eb%b6%88-%ec%97%ac%e8%88%87/,"與 .4급 : 舁(함께 여)의 이형 : 모양 함께( ) 맞물리는( ) 것은? 여럿이 손을 함께 맞물리는 것은 ‘ 더붊 ’이지요. 더불 여 참 여 ( 參 與: 어떤 일에 더불어 함께함 ) , 관여(關與), 기여(寄與) * ‘與’는 손과 손이 맞물리며 무엇을 건네는 모습에서 ‘줄 여’라고도 합니다."
輿,수레 여,車,급(舁(함께 여)의 이형) 車(수레 차),ok,수레 여(輿),http://tonghanja.com/%ec%88%98%eb%a0%88-%ec%97%ac%e8%bc%bf/,"輿 .3급 : 舁(함께 여)의 이형 車: 수레 차 함께( ) 운반하는 수레(車)는? ‘ 輿 ’는 여럿이 함께 드는 수레 형 탈것인 ‘ 가마 ’를 나타낸 글자였으나, 후에 여럿이 함께 운반하는 ‘ 수레 ’를 뜻하게 되었답니다. 출처: 《영조정순왕후가례도감의궤》 반차도, 외규장각 소장 수레 여 상 여 ( 喪 輿: 사람의 시체를 실어 묘지까지 나르는 가마 또는 수레 ) , 여론(輿論)"
舁,함께 여,,,none,함께 여(舁),http://tonghanja.com/%ed%95%a8%ea%bb%98-%ec%97%ac%e8%88%81/,舁 .무급 양손(臼)과 양손(廾)을 모으는 것은? 양손 과 양손 을 모으는 것은 무엇을 ‘ 함께 ’ 하는 것이지요. 함께 여
殿,전각 전,共尸殳,尸(주검(집) 시) 共(함께 공) 殳(몽둥이/창(칠) 수),ok,전각 전(殿),http://tonghanja.com/%ec%a0%84%ea%b0%81-%ec%a0%84%e6%ae%bf/,"殿 .3급Ⅱ 尸: 주검(집) 시 共: 함께 공 殳: 몽둥이/창(칠) 수 집(尸)인데 함께(共) 쳐서(殳) 짓는 것은? 집 인데 여럿이 함께 망치 따위로 쳐서 짓는 것은 ‘ 전각 ’이지요. 전각 전 전 각 (殿 閣 : 궁궐 따위의 큰 집 ) , 전당(殿堂), 궁전(宮殿)"
選,가릴 선,共巳辵,巳(모양) 巳(모양) 共(함께 공) 辶(갈 착),ok,가릴 선(選),http://tonghanja.com/%ea%b0%80%eb%a6%b4-%ec%84%a0%e9%81%b8/,"選 .5급 巳: 모양 巳: 모양 共: 함께 공 辶: 갈 착 두 사람(巳巳)을 함께(共) 두고 한 사람을 가게(辶) 하는 것은? 무릎 꿇은 두 사람 을 한 자리에 함께 두고, 그중 한 사람을 가게 하는 것은 ‘ 가림 ’이지요. 가릴 선 선 택 (選 擇 : 가림) , 선발(選拔), 선정(選定)"
爆,터질 폭,暴火,火(불 화) 暴(사나울 폭),ok,터질 폭(爆),http://tonghanja.com/%ed%84%b0%ec%a7%88-%ed%8f%ad%e7%88%86/,"爆 .4급 火: 불 화 暴: 사나울 폭 불(火)이 사납게(暴) 일어나는 것은? 불 이 사납게 일어나는 것은 불이 ‘ 터짐 ’이지요. 터질 폭 폭 발 (爆 發 : 불이 터져 일어나는 현상 ) , 폭탄(爆彈), 폭파(爆破) * 폭발(暴發): 감정 따위가 일시에 사나운 기세로 나옴."
暴,사나울 폭,共日氺,日(날(해) 일) 共(함께 공) 氺(물 수),ok,사나울 폭(暴),http://tonghanja.com/%ec%82%ac%eb%82%98%ec%9a%b8-%ed%8f%ad%e6%9a%b4/,"暴 .4급Ⅱ 日: 날(해) 일 共: 함께 공 氺: 물 수 해(日)가 물(氺)을 함께(共) 마르게 하는 것은? 햇 빛이 온 세상의 물 기를 함께 마르게 하는 것은 햇빛이 ‘ 사나움 ’이지요. 사나울 폭 폭 염 (暴 炎 : 사나운 더위 ) , 폭발(暴發), 난폭(亂暴) * ‘暴’은 포악(暴惡), 횡포(橫暴), 흉포(凶暴)와 같은 단어에서 ‘포’로 읽습니다."
港,항구 항,巷水,氵(물 수) 巷(거리 항),ok,항구 항(港),http://tonghanja.com/%ed%95%ad%ea%b5%ac-%ed%95%ad%e6%b8%af/,"港 .4급Ⅱ 氵: 물 수 巷: 거리 항 물(氵)가의 거리(巷)는? 물 가의 거리 는 배가 드나드는 곳인 ‘ 항구 ’이지요. 항구 항 항 구 (港 口 : 배가 드나들도록 부두 따위를 설비한 곳 ) , 입항(入港), 출항(出港)"
巷,거리 항,共巳,共(함께 공) 巳(뱀 사),ok,거리 항(巷),http://tonghanja.com/%ea%b1%b0%eb%a6%ac-%ed%95%ad%e5%b7%b7/,"巷 .3급 共: 함께 공 巳: 뱀 사 함께(共) 쓰는 곳인데 뱀(巳) 같은 곳은? 함께 쓰는 곳인데 뱀 같이 구불구불한 곳은 ‘ 거리 ’이지요. 거리 항 항 간 (巷 間 : 거리 사이 ) , 가담항설(街談巷說)"
洪,넓을 홍,共水,氵(물 수) 共(함께 공),ok,넓을 홍(洪),http://tonghanja.com/%eb%84%93%ec%9d%84-%ed%99%8d%e6%b4%aa/,"洪 .3급Ⅱ 氵: 물 수 共: 함께 공 물(氵)이 함께(共) 모인 것은? ‘ 洪 ’은 많은 물 이 함께 모인 ‘ 큰물 ’을 나타낸 글자였으나, 후에 큰물은 모습이 넓다 하여 ‘ 넓음 ’을 뜻하게 되었답니다. 넓을 홍 홍 수 (洪 水 : 비가 많이 와서 불어난 큰물 ) , 대홍수(大洪水), 홍복(洪福)"
恭,공손할 공,㣺共,共(함께 공) 㣺(마음 심),ok,공손할 공(恭),http://tonghanja.com/%ea%b3%b5%ec%86%90%ed%95%a0-%ea%b3%b5%e6%81%ad-2/,"恭 .3급Ⅱ 共: 함께 공 㣺: 마음 심 함께(共)할 때의 마음(㣺)가짐은? 남과 함께 할 때의 마음 가짐은 ‘ 공손함 ’이지요. 공손할 공 공 손 (恭 遜 : 말과 행동이 겸손하고 예의 바름 *遜·1급·겸손할 손 ) , 공경(恭敬)"
供,이바지할 공,人共,亻(사람 인) 共(함께 공),ok,이바지할 공(供),http://tonghanja.com/%ec%9d%b4%eb%b0%94%ec%a7%80%ed%95%a0-%ea%b3%b5%e4%be%9b-2/,"供 .3급Ⅱ 亻: 사람 인 共: 함께 공 사람(亻)이 함께(共) 하는 것은? 사람 이 어떤 일에 함께 하는 것은 ‘ 이바지함 ’이지요. 이바지할 공 제 공 ( 提 供: 무엇을 내주거나 갖다 바쳐 이바지함) , 공급(供給), 공양(供養) * 이바지하다: 도움이 되게 하다."
共,함께 공,廾,廾(양손) 공(廾(양손 공)의 이형),ok,함께 공(共),http://tonghanja.com/%ed%95%a8%ea%bb%98-%ea%b3%b5%e5%85%b1/,"共 .6급Ⅱ 廾: 양손 공 : 廾(양손 공)의 이형 양손(廾)과 양손( )을 모으는 것은? 양손 과 양손 을 마주 모으는 것은 어떤 일을 ‘ 함께 ’ 하는 것이지요. 함께 공 공 동 (共 同 : 함께 같이함 ) , 공용(共用), 공존(共存)"
銅,구리 동,同金,金(쇠(금) 금) 同(한가지(같을) 동),ok,구리 동(銅),http://tonghanja.com/%ea%b5%ac%eb%a6%ac-%eb%8f%99%e9%8a%85/,"銅 .4급Ⅱ 金: 쇠(금) 금 同: 한가지(같을) 동 금(金)과 같은(同) 광물은? 금 과 같이 빛깔이 누른 광물은 ‘ 구리 ’이지요. 구리 동 동 (銅: 구리) , 황동(黃銅), 청동(靑銅)"
洞,골 동,同水,氵(물 수) 同(한가지(같을) 동),ok,골 동(洞),http://tonghanja.com/%ea%b3%a8-%eb%8f%99%e6%b4%9e/,"洞 .7급 氵: 물 수 同: 한가지(같을) 동 물(氵) 옆에서 같이(同) 모여 사는 곳은? 물 옆에서 여러 집이 같이 모여 사는 곳은 ‘ 골 짜기 ’이지요. 골 동 동 네 (洞 네 : 골 / 여러 집이 같이 모여 사는 곳 ) , 동사무소(洞事務所), 통찰(洞察) * ‘洞’은 골짜기처럼 꿰뚫린 곳은 밝다 하여 ‘밝을 통’이라고도 합니다."
同,한가지 동,,,none,한가지 동(同),http://tonghanja.com/%ed%95%9c%ea%b0%80%ec%a7%80-%eb%8f%99%e5%90%8c/,"同 .7급 윗통( )과 아랫통(ㅁ)은? 죽통(竹筒)의 윗통 과 아랫통 은 ‘ 한가지 ’이지요. 한가지 동 동 일 (同 一 : 하나 같음) , 동등(同等), 합동(合同) * 한가지: 형태나 성질 등이 서로 같은 것. * ‘同’은 ‘같을 동’이라고도 합니다."
丹,붉을 단,丶,丶(모양),ok,붉을 단(丹),http://tonghanja.com/%eb%b6%89%ec%9d%84-%eb%8b%a8%e4%b8%b9/,"丹 .3급Ⅱ : 井(우물(틀) 정)의 이형 丶: 모양 광정( )에서 캐낸 광물(丶)은? 광정 에서 캐낸 광물 인 주사는 색이 ‘ 붉음 ’이지요. 붉을 단 단 사 (丹 砂 : 안료나 약재로 쓰이는 붉은 광물로, 주사(朱砂)라고도 함 ) , 단장(丹粧), 일편단심(一片丹心) * 광정(鑛井): 광산에서 광물을 캐기 위해 우물처럼 땅속을 수직으로 파내려간 구덩이."
塞,막힐 색,井土宀,宀(집 면) 井(茻(모양)의 이) 형(廾(양손 공)의 이형) 土(흙 토),ok,막힐 색(塞),http://tonghanja.com/%eb%a7%89%ed%9e%90-%ec%83%89%ef%a5%ac/,"塞 .3급Ⅱ 宀: 집 면 井: 茻(모양)의 이형 : 廾(양손 공)의 이형 土: 흙 토 집(宀)에 풀무더기(井)를 양손( )으로 채우고 흙(土)을 바르는 것은? 집 의 벽 틈에 풀무더기 를 양손 으로 채우고 흙 을 바르는 것은 빈틈이 ‘ 막힘 ’이지요. 막힐 색 경 색 ( 梗 塞: 막힘 *梗·1급·막힐 경 ) , 폐색(閉塞), 요새(要塞) * ‘塞’은 적을 빈틈없이 막는 곳인 변방을 뜻하여 ‘변방 새’라고도 합니다."
寒,찰 한,井冫宀,宀(집 면) 井(茻(모양)의 이) 형(廾(양손 공)의 이형) 冫(얼음 빙),ok,찰 한(寒),http://tonghanja.com/%ec%b0%b0-%ed%95%9c%e5%af%92/,"寒 .5급 宀: 집 면 井: 茻(모양)의 이형 : 廾(양손 공)의 이형 冫: 얼음 빙 집(宀)에 풀무더기(井)를 양손( )으로 채워 막는 얼음(冫) 같은 기운은? 집 의 벽 틈에 풀무더기 를 양손 으로 채워 막는 얼음 같은 기운은 ‘ 참 ’이지요. 찰 한 한 기 ( 寒 氣 : 찬 기운 ) , 한파(寒波), 한랭(寒冷)"
𡨄,틈 하,,,none,틈 하(𡨄),http://tonghanja.com/%ed%8b%88-%ed%95%98%f0%a1%a8%84/,𡨄 .무급 宀: 집 면 井: 茻(모양)의 이형 : 廾(양손 공)의 이형 집(宀)에 풀무더기(井)를 양손( )으로 덧대는 곳은? 집 의 벽에 풀무더기 를 양손 으로 덧대어 막는 곳은 ‘ 틈 ’이지요. 틈 하
刑,형벌 형,刀开,开(井(우물(틀) 정)의 이형) 刂(칼 도),ok,형벌 형(刑),http://tonghanja.com/%ed%98%95%eb%b2%8c-%ed%98%95%e5%88%91/,"刑 .4급 开: 井(우물(틀) 정)의 이형 刂: 칼 도 틀(开)에 묶고 칼(刂)로 베는 것은? 죄인을 형 틀 에 묶고 칼 로 베는 것은 ‘ 형벌 ’이지요. 형벌 형 형 벌 (刑 罰 : 죄인에게 가하는 벌 ) , 처형(處刑), 사형(死刑)"
形,모양 형,开彡,开(井(우물(틀) 정)의 이형) 彡(터럭(무늬) 삼),ok,모양 형(形),http://tonghanja.com/%eb%aa%a8%ec%96%91-%ed%98%95%e5%bd%a2/,"形 .6급Ⅱ 开: 井(우물(틀) 정)의 이형 彡: 터럭(무늬) 삼 틀(开)에 무늬(彡)를 새겨 찍는 것은? 틀 에 무늬 를 새겨 찍어내는 것은 ‘ 모양 (模樣)’이지요. 모양 형 형 태 ( 形 態 : 사물의 생김새나 모양 ) , 형상(形像), 성형(成形)"
慈,사랑 자,心玆,玆(이(결합할) 자) 心(마음 심),ok,사랑 자(慈),http://tonghanja.com/%ec%82%ac%eb%9e%91-%ec%9e%90%e6%85%88/,"慈 .3급Ⅱ 玆: 이(결합할) 자 心: 마음 심 결합하려는(玆) 마음(心)은? 상대와 결합하려는 마음 은 ‘ 사랑 ’이지요. 사랑 자 자 애 (慈 愛 : 아랫사람에게 베푸는 도타운 사랑) , 자비(慈悲), 인자(仁慈)"
玆,이 자,玄,玄(검을(줄) 현) 玄(검을(줄) 현),ok,이 자(玆),http://tonghanja.com/%ec%9d%b4-%ec%9e%90%e7%8e%86/,"玆 .3급 玄: 검을(줄) 현 玄: 검을(줄) 현 줄(玄)과 줄(玄)이 하는 것은? ‘ 玆 ’는 줄 과 줄 이 하는 것인 ‘ 결합함 (結合함) ’을 나타낸 글자였으나, 후에 결합한 줄처럼 가까이 있는 ‘ 이 ’ 것을 뜻하게 되었답니다. 이 자"
率,거느릴 솔/ 비율 률,,,none,거느릴 솔/ 비율 률(率),http://tonghanja.com/%ea%b1%b0%eb%8a%90%eb%a6%b4-%ec%86%94-%eb%b9%84%ec%9c%a8-%eb%a5%a0%ef%a5%a1/,"率 .3급Ⅱ 풀린 양끝( )과 꼬인 몸통(幺)과 튀어나온 섬유( )로 된 동아줄로 하는 것은? ‘ 率 ’은 풀린 양끝 과 꼬인 몸통 과 튀어나온 섬유 로 된 동아줄로 무언가를 ‘ 이끎 ’을 나타낸 글자였으나, 후에 부하나 군대 등을 이끄는 것인 ‘ 거느림 ’을 뜻하게 되었답니다. 거느릴 솔 통 솔 ( 統 率: 무리를 거느림) , 인솔(引率), 솔선(率先) 率 .3급Ⅱ 동아줄(率)을 꼴 때 맞추는 것은? 동아줄 을 꼴 때 맞추는 것은 꼬임의 ‘ 비율 ’이지요. 비율 률 비 율 ( 比 率: 비교하여 나타낸 값 ) , 확률(確率), 능률(能率)"
擁,낄 옹,手雍,扌(손 수) 雍(화할(감쌀) 옹),ok,낄 옹(擁),http://tonghanja.com/%eb%82%84-%ec%98%b9%e6%93%81/,"擁 .3급 扌: 손 수 雍: 화할(감쌀) 옹 손(扌)으로 감싸는(雍) 것은? 손 으로 상대를 감싸는 것은 ‘ 껴 ’안음이지요. 낄 옹 포 옹 ( 抱 擁: 껴 안음 ) , 옹호(擁護), 옹립(擁立) * ‘擁’은 ‘안을 옹’이라고도 합니다."
雍,화할 옹,隹,隹(새 추),ok,화할 옹(雍),http://tonghanja.com/%ed%99%94%ed%95%a0-%ec%98%b9%e9%9b%8d/,"雍 .1급Ⅱ : 玄(검을(줄) 현)의 이형 隹: 새 추 줄( )로 새(隹)에게 하는 것은? ‘ 雍 ’은 줄 로 새 에게 하는 것인 ‘ 감쌈 ’을 나타낸 글자였으나, 후에 상대를 감싸면 분위기가 화해진다 하여 ‘ 화함 (和함)’을 뜻하게 되었답니다. 화할 옹"
牽,끌 견,冖牛玄,玄(검을(줄) 현) 冖(모양) 牛(소 우),ok,끌 견(牽),http://tonghanja.com/%eb%81%8c-%ea%b2%ac%e7%89%bd/,"牽 .3급 玄: 검을(줄) 현 冖: 모양 牛: 소 우 줄(玄)을 코뚜레(冖)에 묶어 소(牛)에게 하는 것은? 줄 , 즉 고삐를 코뚜레 에 묶어 소 에게 하는 것은 ‘ 끎 ’이지요. 끌 견 견 인 (牽 引 : 끌어 당김 ) , 견제(牽制), 견우직녀(牽牛織女)"
蓄,모을 축,畜艸,艹(풀 초) 畜(짐승 축),ok,모을 축(蓄),http://tonghanja.com/%eb%aa%a8%ec%9d%84-%ec%b6%95%e8%93%84/,"蓄 .4급Ⅱ 艹: 풀 초 畜: 짐승 축 풀(艹)을 짐승(畜)에게 주기 위해 하는 것은? 풀 을 짐승 에게 먹이로 주기 위해 하는 것은 풀을 ‘ 모음 ’이지요. 모을 축 축 적 (蓄 積 : 모아서 쌓음 ) , 비축(備蓄), 저축(貯蓄)"
畜,짐승 축,玄田,玄(검을(줄) 현) 田(밭 전),ok,짐승 축(畜),http://tonghanja.com/%ec%a7%90%ec%8a%b9-%ec%b6%95%e7%95%9c/,"畜 .3급Ⅱ 玄: 검을(줄) 현 田: 밭 전 줄(玄)로 밭(田)에 매놓는 것은? 줄 로 밭 에 매놓아 기르는 것은 ‘ 짐승 ’이지요. 짐승 축 가 축 ( 家 畜: 집에서 기르는 짐승) , 목축(牧畜), 축산(畜産)"
絃,줄 현,玄糸,糸(실 사) 玄(검을(줄) 현),ok,줄 현(絃),http://tonghanja.com/%ec%a4%84-%ed%98%84%e7%b5%83/,"絃 .3급 糸: 실 사 玄: 검을(줄) 현 실(糸) 같은 줄(玄)은? 실 같이 얇은 줄 은 ‘ 줄 ’이지요. 줄 현 현 (絃: 현악기의 줄 ) , 현악기(絃樂器), 관현악(管絃樂)"
玄,검을 현,,,none,검을 현(玄),http://tonghanja.com/%ea%b2%80%ec%9d%84-%ed%98%84%e7%8e%84/,"玄 .3급Ⅱ 풀린 부분(亠)과 꼬인 부분(幺)은? ‘ 玄 ’은 풀린 부분 과 꼬인 부분 으로 된 ‘ 줄 ’을 본뜬 글자였으나, 후에 머리(亠)에 달린 실(幺)인 머리카락은 검다 하여 ‘ 검음 ’을 뜻하게 되었답니다. 검을 현 현미(玄米), 현무암(玄武巖), 천지현황(天地玄黃) * ‘玄’은 ‘糸’를 거꾸로 나타낸 글자입니다."
祿,녹 록,彔示,示(보일(제단) 시) 彔(나무 깎을 록),ok,녹 록(祿),http://tonghanja.com/%eb%85%b9-%eb%a1%9d%e7%a5%bf/,"祿 .3급Ⅱ 示: 보일(제단) 시 彔: 나무 깎을 록 제단(示)에 나무 깎아(彔) 만든 위패를 모시고 받는 것은? ‘ 祿 ’은 제단 에 나무 깎아 만든 위패를 모시고 신에게 받는 것인 ‘ 복 ’을 나타낸 글자였으나, 후에 신이 주는 복처럼 임금이 내려주는 것인 ‘ 녹 ’을 뜻하게 되었답니다. 녹 록 녹 (祿: 벼슬아치에게 일 년 또는 계절 단위로 나누어 주던 금품 ) , 녹봉(祿俸), 복록(福祿)"
綠,푸를 록,彔糸,糸(실 사) 彔(나무 깎을 록),ok,푸를 록(綠),http://tonghanja.com/%ed%91%b8%eb%a5%bc-%eb%a1%9d%e7%b6%a0/,"綠 .6급 糸: 실 사 彔: 나무 깎을 록 실(糸)인데 나무 깎을(彔) 때 나오는 것은? 실 인데 나무 깎을 때 나오는 것은 색이 ‘ 푸름 ’이지요. 푸를 록 녹 색 (綠 색 : 파랑과 노랑의 중간색 ) , 초록(草綠), 청록(靑綠)"
錄,기록할 록,彔金,金(쇠 금) 彔(나무 깎을 록),ok,기록할 록(錄),http://tonghanja.com/%ea%b8%b0%eb%a1%9d%ed%95%a0-%eb%a1%9d%e9%8c%84/,"錄 .4급Ⅱ 金: 쇠 금 彔: 나무 깎을 록 쇠(金)에 나무 깎듯이(彔) 하는 것은? 쇠 붙이에 나무 깎듯이 하는 것은 글자를 ‘ 기록함 ’이지요. 기록할 록 기 록 ( 記 錄: 후일에 남길 목적으로 어떤 사실을 적음 ) , 수록(收錄), 등록(登錄)"
彔,나무 깎을 록,彑,彑(돼지 머리 계  ㅣ: 모) 양(모양),ok,나무 깎을 록(彔),http://tonghanja.com/%eb%82%98%eb%ac%b4-%ea%b9%8e%ec%9d%84-%eb%a1%9d%e5%bd%94/,彔 .특급 彑: 돼지 머리 계 ㅣ: 모양 : 모양 돼지 머리(彑)가 나무(ㅣ)를 파내서 파편( )이 튀는 것은? 돼지 머리 가 주둥이로 나무 를 파내서 파편 이 튀는 것은 ‘ 나무 깎음 ’이지요. 나무 깎을 록
緣,인연 연,彖糸,糸(실(줄) 사) 彖(판단할(댈) 단),ok,인연 연(緣),http://tonghanja.com/%ec%9d%b8%ec%97%b0-%ec%97%b0%e7%b7%a3/,"緣 .4급 糸: 실(줄) 사 彖: 판단할(댈) 단 줄(糸)인데 대는(彖) 것은? 줄 인데 어떤 것에 대는 것은 ‘ 인연 ’이지요. 인연 연 인 연 ( 因 緣: 어떤 것에 관계되는 연줄 ) , 결연(結緣), 연분(緣分) * 줄을 대다: 인연을 맺다."
彖,판단할 단,彑豕,彑(돼지 머리 계) 豕(돼지 시),ok,판단할 단(彖),http://tonghanja.com/%ed%8c%90%eb%8b%a8%ed%95%a0-%eb%8b%a8%e5%bd%96/,"彖 .특급Ⅱ 彑: 돼지 머리 계 豕: 돼지 시 머리(彑)로 돼지(豕)가 하는 것은? ‘ 彖 ’은 머리 로 돼지 가 하는 것인 다른 사물에 갖다 ‘ 댐 ’을 나타낸 글자였으나, 후에 그렇게 머리를 댄 채로 냄새를 맡고 맛을 보며 사물을 가늠하는 행위에서 ‘ 판단함 ’을 뜻하게 되었답니다. 판단할 단"
彑,돼지 머리 계,,,none,돼지 머리 계(彑),http://tonghanja.com/%eb%8f%bc%ec%a7%80-%eb%a8%b8%eb%a6%ac-%ea%b3%84%e5%bd%91/,彑 .무급 위 주둥이( )와 머리통( )과 아래 주둥이( )는? 위 주둥이 와 머리통 과 아래 주둥이 로 된 것은 ‘ 돼지 머리 ’이지요. 돼지 머리 계
劇,심할 극,刀豦,豦(싸울 거) 刂(칼 도),ok,심할 극(劇),http://tonghanja.com/%ec%8b%ac%ed%95%a0-%ea%b7%b9%e5%8a%87/,"劇 .4급 豦: 싸울 거 刂: 칼 도 싸울(豦) 때 칼(刂)까지 쓰는 것은? 싸울 때 칼 까지 쓰는 것은 ‘ 심함 (甚함)’이지요. 심할 극 극 심 (劇 甚 : 매우 심함) , 극렬(劇烈), 연극(演劇) * ‘劇’은 어떤 사건이 심하게 극적으로 전개되는 ‘연극’을 뜻하기도 합니다."
據,근거 거,手豦,扌(손 수) 豦(싸울 거),ok,근거 거(據),http://tonghanja.com/%ea%b7%bc%ea%b1%b0-%ea%b1%b0%e6%93%9a/,"據 .4급 扌: 손 수 豦: 싸울 거 손(扌)으로 싸워서(豦) 차지하는 곳은? 손 으로 범과 멧돼지처럼 남과 싸워서 차지하는 곳은 ‘ 근거 ’이지요. 근거 거 근 거 ( 根 據: 근본이 되는 터전 ) , 점거(占據), 거점(據點)"
豦,싸울 거,虍豕,虍(虎(범 호)의 이형) 豕(돼지 시),ok,싸울 거(豦),http://tonghanja.com/%ec%8b%b8%ec%9a%b8-%ea%b1%b0%e8%b1%a6/,豦 .무급 虍: 虎(범 호)의 이형 豕: 돼지 시 범(虍)과 돼지(豕)가 하는 것은? 범 과 멧 돼지 가 만나면 하는 것은 ‘ 싸움 ’이지요. 싸울 거
蒙,어두울 몽,艸豕,艹(풀) 초(모양) 豕(돼지 시),ok,어두울 몽(蒙),http://tonghanja.com/%ec%96%b4%eb%91%90%ec%9a%b8-%eb%aa%bd%e8%92%99/,"蒙 .3급Ⅱ 艹: 풀 초 : 모양 豕: 돼지 시 풀(艹)로 덮인 돼지(豕) 우리( )는? 풀 로 덮인 돼지 우리 는 빛이 들지 않아 ‘ 어두움 ’이지요. 어두울 몽 몽 매 (蒙 昧 : 사리에 어두움 *昧·1급·어두울 매 ) , 계몽(啓蒙)"
豪,호걸 호,豕,豕(돼지 시),ok,호걸 호(豪),http://tonghanja.com/%ed%98%b8%ea%b1%b8-%ed%98%b8%e8%b1%aa/,"豪 .3급Ⅱ : 高(높을 고)의 이형 豕: 돼지 시 높다랗고( ) 돼지(豕) 같은 이는? 높다랗게 키가 크고 멧 돼지 같이 몸집이 우람한 이는 ‘ 호걸 ’이지요. 호걸 호 호 걸 (豪 傑 : 풍채 좋고 기백 있는 사람 ) , 호쾌(豪快), 호탕(豪宕)"
家,집 가,宀豕,宀(집 면) 豕(돼지 시),ok,집 가(家),http://tonghanja.com/%ec%a7%91-%ea%b0%80%e5%ae%b6/,"家 .7급Ⅱ 宀: 집 면 豕: 돼지 시 집(宀)인데 돼지(豕)를 기르는 곳은? 집 인데 돼지 를 기르는 곳은 간란 가옥과 같은 ‘ 집 ’이지요. 집 가 가 옥 (家 屋 : 사람이 사는 집) , 가정(家庭), 가축(家畜) * 간란 가옥(干欄家屋): 기둥 위에 지은 집으로, 위층에는 사람이 살고 아래층은 난간으로 둘러막아 돼지 등의 우리로 사용하는 집."
隊,무리 대,㒸阝,阝(언덕 부) 㒸(따를 수),ok,무리 대(隊),http://tonghanja.com/%eb%ac%b4%eb%a6%ac-%eb%8c%80%e9%9a%8a/,"隊 .4급Ⅱ 阝: 언덕 부 㒸: 따를 수 언덕(阝)에서 따르는(㒸) 것은? 언덕 에서 서로를 따르는 것은 멧돼지의 ‘ 무리 ’이지요. 무리 대 대 열 ( 隊 列 : 줄지어 선 무리) , 종대(縱隊), 부대(部隊)"
遂,드디어 수,㒸辵,㒸(따를 수) 辶(갈 착),ok,드디어 수(遂),http://tonghanja.com/%eb%93%9c%eb%94%94%ec%96%b4-%ec%88%98%e9%81%82/,"遂 .3급 㒸: 따를 수 辶: 갈 착 따라(㒸) 가는(辶) 것은? 멧돼지들이 서로를 따라 목적지까지 가는 것은 목표를 ‘ 드디어 ’ 이룸이지요. 드디어 수 수 행 (遂 行 : 계획한 대로 일을 이룸 ) , 완수(完遂), 미수(未遂) * 멧돼지는 먹이나 은신처를 찾아 익숙한 경로를 반복해 이동하는 습성이 있답니다. * ‘遂’는 ‘이루다’는 뜻으로도 쓰입니다."
㒸,따를 수,八豕,八(여덟(나눌) 팔) 豕(돼지 시),ok,따를 수(㒸),http://tonghanja.com/%eb%94%b0%eb%a5%bc-%ec%88%98%e3%92%b8/,㒸 .무급 八: 여덟(나눌) 팔 豕: 돼지 시 나뉜(八) 돼지(豕)들이 하는 것은? 나뉜 멧 돼지 들이 하는 것은 서로를 ‘ 따름 ’이지요. 따를 수
花,꽃 화,化艸,艹(풀 초) 化(될(변할) 화),ok,꽃 화(花),http://tonghanja.com/%ea%bd%83-%ed%99%94%e8%8a%b1/,"花 .7급 艹: 풀 초 化: 될(변할) 화 풀(艹)이 변한(化) 것은? 풀 의 모습이 변한 것은 ‘ 꽃 ’이지요. 꽃 화 개 화 ( 開 花: 꽃 을 피움 ) , 생화(生花), 화초(花草)"
貨,재화 화,化貝,化(될(바꿀) 화) 貝(조개(재물) 패),ok,재화 화(貨),http://tonghanja.com/%ec%9e%ac%ed%99%94-%ed%99%94%e8%b2%a8/,"貨 .4급Ⅱ 化: 될(바꿀) 화 貝: 조개(재물) 패 바꿀(化) 수 있는 재물(貝)은? 필요한 것과 바꿀 수 있는 재물 은 ‘ 재화 ’이지요. 재화 화 재 화 ( 財 貨: 교환 가능하며 경제적으로 가치가 있는 물건 ) , 화폐(貨幣), 화물(貨物)"
化,될 화,人匕,亻(사람 인) 匕(모양),ok,될 화(化),http://tonghanja.com/%eb%90%a0-%ed%99%94%e5%8c%96/,"化 .5급Ⅱ 亻: 사람 인 匕: 모양 사람(亻)이 죽은 사람(匕)으로 변한 것은? 산 사람 이 죽은 사람 으로 변한 것은 죽은 사람이 ‘ 됨 ’이지요. ☞ 匕: 산 사람과 반대된 모습이니, 죽은 사람. 될 화 변 화 ( 變 化: 바뀌어 다른 상태가 됨 ) , 진화(進化), 악화(惡化) * ‘化’는 ‘변하다’, ‘바꾸다’는 뜻으로도 쓰입니다."
調,고를 조,周言,言(말씀(말) 언) 周(두루 주),ok,고를 조(調),http://tonghanja.com/%ea%b3%a0%eb%a5%bc-%ec%a1%b0%e8%aa%bf/,"調 .5급Ⅱ 言: 말씀(말) 언 周: 두루 주 말(言)을 두루(周) 맞추는 것은? 말 소리를 상황에 두루 맞추는 것은 ‘ 고름 ’이지요. 고를 조 조 절 (調 節 : 마디마디를 알맞게 고름) , 조정(調整), 조율(調律)"
週,주일 주,周辵,周(두루 주) 辶(갈 착),ok,주일 주(週),http://tonghanja.com/%ec%a3%bc%ec%9d%bc-%ec%a3%bc%e9%80%b1/,"週 .5급Ⅱ 周: 두루 주 辶: 갈 착 두루(周) 가는(辶) 것은? ‘ 週 ’는 밭두렁을 따라 두루 가는 것인 ‘ 돎 ’을 나타낸 글자였으나, 후에 요일이 한 바퀴 도는 주기인 ‘ 주일 ’을 뜻하게 되었답니다. 주일 주 주 일 (周 日 : 요일이 한 바퀴 도는 주기 ) , 주간(週間), 주기(週期)"
周,두루 주,,급(田(밭 전)의 이형  ㅁ: 모양),image,두루 주(周),http://tonghanja.com/%eb%91%90%eb%a3%a8-%ec%a3%bc%e5%91%a8/,"周 .4급 : 田(밭 전)의 이형 ㅁ: 모양 밭( )두렁(ㅁ)을 도는 것은? 농작물이 잘 크는지 확인하려고, 밭두렁 을 도는 것은 ‘ 두루 ’이지요. 두루 주 주 변 (周 邊 : 두루 둘러싼 가장자리 ) , 주위(周圍), 주선(周旋) * 두루: 빠짐없이 골고루."
對,대할 대,丵寸,丵(무성할) 착(모양) 寸(마디(손) 촌),ok,대할 대(對),http://tonghanja.com/%eb%8c%80%ed%95%a0-%eb%8c%80%e5%b0%8d/,"對 .6급Ⅱ 丵: 무성할 착 : 모양 寸: 마디(손) 촌 무성하게(丵) 땅( ) 위로 자란 초목을 손(寸)으로 미는 것은? 무성하게 땅 위로 자란 초목을 손 으로 미는 것은 초목과 손이 서로 ‘ 대함 ’이지요. 대할 대 대 함 (對 함 : 마주함 ) , 대립(對立), 상대(相對)"
業,업 업,丵木,丵(무성할 착) 木(나무 목),ok,업 업(業),http://tonghanja.com/%ec%97%85-%ec%97%85%e6%a5%ad/,"業 .6급Ⅱ 丵: 무성할 착 木: 나무 목 무성하게(丵) 나무(木)가 자라는 것은? 무성하게 나무 가 자라는 것은 나무에게 부여된 ‘ 업 ’이지요. 업 업 업 (業: 부여된 일 ) , 직업(職業), 본업(本業)"
丵,무성할 착,,,none,무성할 착(丵),http://tonghanja.com/%eb%ac%b4%ec%84%b1%ed%95%a0-%ec%b0%a9%e4%b8%b5/,丵 .무급 갈라진( ) 가지( )는? 갈라져 우거진 가지 는 ‘ 무성함 ’이지요. 무성할 착
販,팔 판,反貝,貝(조개(재물) 패) 反(돌이킬(반대) 반),ok,팔 판(販),http://tonghanja.com/%ed%8c%94-%ed%8c%90%e8%b2%a9/,"販 .3급 貝: 조개(재물) 패 反: 돌이킬(반대) 반 재물(貝)을 반대(反)로 주는 것은? 돈을 받고, 재물 을 반대 로 주는 것은 ‘ 팖 ’이지요. 팔 판 판 매 (販 賣 : 팖) , 시판(市販), 총판(總販)"
版,판목 판,反片,片(조각 편) 反(돌이킬(반대) 반),ok,판목 판(版),http://tonghanja.com/%ed%8c%90%eb%aa%a9-%ed%8c%90%e7%89%88/,"版 .3급Ⅱ 片: 조각 편 反: 돌이킬(반대) 반 조각(片)인데 반대(反)로 새긴 것은? 나뭇 조각 인데 문양을 반대 로 새긴 것은 ‘ 판목 ’이지요. 판목 판 판 목 (版 木 : 인쇄용 나뭇조각 ) , 판화(版畫), 출판(出版)"
板,널빤지 판,反木,木(나무 목) 反(돌이킬(반대) 반),ok,널빤지 판(板),http://tonghanja.com/%eb%84%90%eb%b9%a4%ec%a7%80-%ed%8c%90%e6%9d%bf/,"板 .5급 木: 나무 목 反: 돌이킬(반대) 반 나무(木)인데 반대(反)로도 쓰는 것은? 나무 인데 뒤집어서 반대 로도 쓰는 것은 ‘ 널빤지 ’이지요. 널빤지 판 판 (板: 널빤지) , 판자(板子), 현판(懸板)"
飯,밥 반,反食,食(밥 식) 反(돌이킬(반대) 반),ok,밥 반(飯),http://tonghanja.com/%eb%b0%a5-%eb%b0%98%e9%a3%af/,"飯 .3급Ⅱ 食: 밥 식 反: 돌이킬(반대) 반 밥(食)인데 반대(反)로 왔다갔다 하는 것은? 밥 인데 숟가락이 반대 로 왔다갔다 하는 것은 ‘ 밥 ’이지요. 밥 반 백 반 ( 白 飯: 흰 밥) , 반합(飯盒), 반찬(飯饌)"
叛,배반할 반,半反,半(반 반) 反(돌이킬(반대) 반),ok,배반할 반(叛),http://tonghanja.com/%eb%b0%b0%eb%b0%98%ed%95%a0-%eb%b0%98%e5%8f%9b/,"叛 .3급 半: 반 반 反: 돌이킬(반대) 반 반(半)으로 나뉘어 반대(反)로 돌아서는 것은? 함께하던 상대와 반 으로 나뉘어 반대 로 돌아서는 것은 ‘ 배반함 ’이지요. 배반할 반 배 반 ( 背 叛: 상대를 등지고 반대로 돌아섬 ) , 반역(叛逆), 반란(叛亂)"
返,돌아올 반,反辵,反(돌이킬(반대) 반) 辶(갈 착),ok,돌아올 반(返),http://tonghanja.com/%eb%8f%8c%ec%95%84%ec%98%ac-%eb%b0%98%e8%bf%94/,"返 .3급 反: 돌이킬(반대) 반 辶: 갈 착 반대(反)로 가는(辶) 것은? 원래 향하던 방향에서 반대 로 가는 것은 ‘ 돌아옴 ’이지요. 돌아올 반 반 환 (返 還 : 반대로 되 돌아오거나 , 되돌려줌 ) , 반송(返送), 반품(返品)"
反,돌이킬 반,厂又,厂(모양) 又(또(손) 우),ok,돌이킬 반(反),http://tonghanja.com/%eb%8f%8c%ec%9d%b4%ed%82%ac-%eb%b0%98%e5%8f%8d/,"反 .6급Ⅱ 厂: 모양 又: 또(손) 우 절벽(厂)에서 손(又)이 하는 것은? 절벽 에서 손 이 하는 것은 아래로 떨어지려는 몸을 반대로 ‘ 돌이킴 ’이지요. 돌이킬 반 반 대 (反 對 : 방향을 돌이켜 마주 대함 ) , 반등(反騰), 반항(反抗) * 돌이키다: 향하는 방향을 반대로 돌리다."
判,판단할 판,刀半,半(반 반) 刂(칼 도),ok,판단할 판(判),http://tonghanja.com/%ed%8c%90%eb%8b%a8%ed%95%a0-%ed%8c%90%e5%88%a4/,"判 .4급 半: 반 반 刂: 칼 도 반(半)을 칼(刂)로 나누듯이 하는 것은? 반 을 칼 로 나누듯이 하는 것은 옳고 그름, 참과 거짓, 가능과 불가능 등을 ‘ 판단함 ’이지요. 판단할 판 판 단 (判 斷 : 선악·진위·가부 등을 분명하게 나누어 결정함 ) , 판결(判決), 심판(審判)"
伴,짝 반,人半,亻(사람 인) 半(반 반),ok,짝 반(伴),http://tonghanja.com/%ec%a7%9d-%eb%b0%98%e4%bc%b4/,"伴 .3급 亻: 사람 인 半: 반 반 사람(亻)인데 반(半)쪽에 해당하는 이는? 사람 인데 나의 반 쪽에 해당하는 이는 ‘ 짝 ’이지요. 짝 반 반 려 (伴 侶 : 짝 *侶·1급·짝 려 ) , 동반(同伴), 수반(隨伴)"
半,반 반,八,八(여덟(나눌)) 팔(牛(소 우)의 이형),ok,반 반(半),http://tonghanja.com/%eb%b0%98-%eb%b0%98%e5%8d%8a/,"半 .6급Ⅱ 八: 여덟(나눌) 팔 : 牛(소 우)의 이형 소( )를 나누는(八) 곳은? 무거운 몸체를 효율적으로 다루고 해체하기 위해, 소 를 두 쪽으로 나누는 곳은 ‘ 반 ’이지요. 반 반 반 (半: 사물의 중간 부분/ 둘로 똑같이 나눈 것의 한 부분 ) , 절반(折半), 반신반의(半信半疑)"
寄,부칠 기,奇宀,宀(집 면) 奇(기특할 기),ok,부칠 기(寄),http://tonghanja.com/%eb%b6%80%ec%b9%a0-%ea%b8%b0%e5%af%84/,"寄 .4급 宀: 집 면 奇: 기특할 기 집(宀)에서 기특하게(奇) 사는 것은? 집 에서 ‘ 기특하게 ’ 즉 ‘기이하고 특별하게’ 사는 것은 남의 집에 몸을 ‘ 부침 ’이지요. 부칠 기 기 생 (寄 生 : 다른 생명체에 몸을 부쳐 삶 ) , 기숙(寄宿), 기탁(寄託) * ‘寄’는 본래 ‘맡기다’는 뜻이었는데, 물건 등을 남에게 맡기는 것은 보내는 것이라 하여 ‘보내다’는 뜻으로도 쓰이게 되었습니다. 고유어인 ‘부치다’ 역시 이와 비슷하게 ‘맡기다’와 ‘보내다’는 뜻으로 쓰입니다."
騎,말 탈 기,奇馬,馬(말 마) 奇(기특할 기),ok,말 탈 기(騎),http://tonghanja.com/%eb%a7%90-%ed%83%88-%ea%b8%b0%e9%a8%8e/,"騎 .3급Ⅱ 馬: 말 마 奇: 기특할 기 말(馬)을 기특하게(奇) 타는 것은? 말 을 떨어지지 않고 기특하게 타는 것은 ‘ 말 탐 ’이지요. 말 탈 기 기 마 (騎 馬 : 말 탐) , 기사(騎士), 기병(騎兵)"
奇,기특할 기,可大,大(큰 대) 可(옳을(숨) 가),ok,기특할 기(奇),http://tonghanja.com/%ea%b8%b0%ed%8a%b9%ed%95%a0-%ea%b8%b0%e5%a5%87/,"奇 .4급 大: 큰 대 可: 옳을(숨) 가 크게(大) 숨(可)을 내쉬는 것은? 놀라운 광경을 보고 크게 감탄 섞인 숨 을 내쉬는 것은 그 광경이 ‘ 기특함 ’이지요. 기특할 기 기 특 (奇 特 : 기이하고 특별함 ) , 기이(奇異), 신기(神奇)"
荷,멜 하,人可艸,艹(풀 초) 亻(사람 인) 可(옳을(숨) 가),ok,멜 하(荷),http://tonghanja.com/%eb%a9%9c-%ed%95%98%e8%8d%b7/,"荷 .3급Ⅱ 艹: 풀 초 亻: 사람 인 可: 옳을(숨) 가 풀(艹)을 사람(亻)이 숨(可)을 내쉬며 들어올리는 것은? 풀 더미를 사람 이 영차 하고 숨 을 내쉬며 들어올리는 것은 ‘ 멤 ’이지요. 멜 하 하 역 (荷 役 : 짐을 메어 옮기는 일 ) , 하중(荷重), 부하(負荷)"
何,어찌 하,人可,亻(사람 인) 可(옳을(숨) 가),ok,어찌 하(何),http://tonghanja.com/%ec%96%b4%ec%b0%8c-%ed%95%98%e4%bd%95/,"何 .3급Ⅱ 亻: 사람 인 可: 옳을(숨) 가 사람(亻)이 숨(可)을 내쉬며 묻는 말은? 사람 이 숨 을 내쉬며 묻는 말은 의문사인 ‘ 어찌 ’이지요. 어찌 하 하 필 ( 何 必 : 어찌 하여 꼭 그렇게 ) , 하여간(何如間)"
河,물 하,可水,氵(물 수) 可(옳을(숨) 가),ok,물 하(河),http://tonghanja.com/%eb%ac%bc-%ed%95%98%e6%b2%b3/,"河 .5급 氵: 물 수 可: 옳을(숨) 가 물(氵)인데 숨(可) 같은 것은? ‘ 河 ’는 물 인데 숨 같이 굽은 것인 ‘ 황하 ’를 나타낸 글자였으나, 후에 의미가 확장되어 ‘ 강 ’이나 ‘ 물 ’을 뜻하게 되었답니다. 물 하 황 하 ( 黃 河: 누런 강) , 대하(大河), 하천(河川)"
阿,언덕 아,可阝,阝(언덕 부) 可(옳을(숨) 가),ok,언덕 아(阿),http://tonghanja.com/%ec%96%b8%eb%8d%95-%ec%95%84%e9%98%bf/,"阿 .3급Ⅱ 阝: 언덕 부 可: 옳을(숨) 가 언덕(阝)인데 숨(可) 같은 것은? 언덕 인데 숨 같이 굽은 것은 ‘ 언덕 ’이지요. 언덕 아 아첨(阿諂), 아부(阿附) * ‘阿’는 언덕(阝)형 집단에서 윗사람의 의견에 옳다(可)고 하는 것인 ‘아첨함’을 뜻하기도 합니다."
歌,노래 가,,,none,노래 가(歌),http://tonghanja.com/%eb%85%b8%eb%9e%98-%ea%b0%80%e6%ad%8c/,"歌 .7급 可: 옳을(숨) 가 可: 옳을(숨) 가 欠: 하품(입 벌린 사람) 흠 숨(可)과 숨(可)을 내쉬며 입 벌린 사람(欠)이 부르는 것은? 숨 과 숨 을 연이어 내쉬며 입 벌린 사람 이 부르는 것은 ‘ 노래 ’이지요. 노래 가 가 요 (歌 謠 : 노래) , 가곡(歌曲), 가창(歌唱)"
可,옳을 가,丁,丁(丂(숨 고)의 이형),ok,옳을 가(可),http://tonghanja.com/%ec%98%b3%ec%9d%84-%ea%b0%80%e5%8f%af/,"可 .5급 ㅁ: 입 구 丁: 丂(숨 고)의 이형 입(ㅁ)에서 나오는 굽은 기운(丁)은? ‘ 可 ’는 입 에서 나오는 굽은 기운 인 ‘ 숨 ’을 나타낸 글자였으나, 후에 숨을 내쉬며 하는 말인 ‘ 옳음 ’을 뜻하게 되었답니다. 옳을 가 가 결 (可 決 : 옳다 고 결정함 ) , 가능(可能), 허가(許可)"
厥,그 궐,厂,厂(기슭(언덕)) 엄(숨찰/팔 궐),ok,그 궐(厥),http://tonghanja.com/%ea%b7%b8-%ea%b6%90%e5%8e%a5/,厥 .3급 厂: 기슭(언덕) 엄 : 숨찰/팔 궐 언덕(厂)에서 숨차게(欮) 파는 것은? 언덕 에서 숨차게 파는 것은 ‘ 그 ’ 돌이지요. 그 궐
朔,초하루 삭,屰月,屰(거꾸로 역) 月(달 월),ok,초하루 삭(朔),http://tonghanja.com/%ec%b4%88%ed%95%98%eb%a3%a8-%ec%82%ad%e6%9c%94/,"朔 .3급 屰: 거꾸로 역 月: 달 월 거꾸로(屰) 달(月)이 바뀌는 날은? 거꾸로 달 의 모양이 바뀌는 날은 그믐달에서 초승달로 바뀌는 날인 ‘ 초하루 ’이지요. 초하루 삭 삭 (朔: 초하루) , 삭월(朔月), 삭망(朔望)"
逆,거스를 역,屰辵,屰(거꾸로 역) 辶(갈 착),ok,거스를 역(逆),http://tonghanja.com/%ea%b1%b0%ec%8a%a4%eb%a5%bc-%ec%97%ad%e9%80%86/,"逆 .4급Ⅱ 屰: 거꾸로 역 辶: 갈 착 거꾸로(屰) 가는(辶 ) 것은? 거꾸로 가는 것은 길을 ‘ 거스름 ’이지요. 거스를 역 역 행 (逆 行 : 거슬러 감 ) , 거역(拒逆), 반역(反逆)"
屰,거꾸로 역,,,none,거꾸로 역(屰),http://tonghanja.com/%ea%b1%b0%ea%be%b8%eb%a1%9c-%ec%97%ad%e5%b1%b0/,屰 .무급 하체( )와 상체( )는? 하체 와 상체 로 된 것은 ‘ 거꾸로 ’이지요. 거꾸로 역
攝,다스릴 섭,手聶,扌(손 수) 聶(소곤거릴 섭),ok,다스릴 섭(攝),http://tonghanja.com/%eb%8b%a4%ec%8a%a4%eb%a6%b4-%ec%84%ad%e6%94%9d/,"攝 .3급 扌: 손 수 聶: 소곤거릴 섭 손(扌)으로 소곤거리기(聶) 위해 하는 것은? ‘ 攝 ’은 손 으로 소곤거리기 위해 상대를 ‘ 잡아당김 ’을 나타낸 글자였으나, 후에 의미가 확장되어 ‘ 다스림 ’을 뜻하게 되었답니다. 다스릴 섭 포 섭 ( 包 攝: 상대를 자기편에 포함시키려고 잡아당김) , 섭취(攝取), 섭리(攝理) * ‘攝’은 ‘잡을/당길 섭’이라고도 합니다."
巖,바위 암,嚴山,山(뫼 산) 嚴(엄할 엄),ok,바위 암(巖),http://tonghanja.com/%eb%b0%94%ec%9c%84-%ec%95%94%e5%b7%96/,"巖 .3급Ⅱ 山: 뫼 산 嚴: 엄할 엄 산(山)에 있는 엄한(嚴) 것은? 산 에 있는 엄한 것은 ‘ 바위 ’이지요. 바위 암 암 석 (巖 石 : 바위 나 돌 ) , 암벽(巖壁), 기암(奇巖)"
嚴,엄할 엄,厂敢,급(모양) 厂(모양) 敢(감히 감),ok,엄할 엄(嚴),http://tonghanja.com/%ec%97%84%ed%95%a0-%ec%97%84%e5%9a%b4/,"嚴 .4급 : 모양 厂: 모양 敢: 감히 감 바위( ) 절벽(厂)인데 감히(敢) 오를 수 없는 곳은? 바위 절벽 인데 감히 오를 수 없는 곳은 형세가 ‘ 엄함 ’이지요. 엄할 엄 엄 함 (嚴 함 : 험하고 혹독함/ 매우 철저하고 바름 ) , 엄격(嚴格), 위엄(威嚴)"
敢,감히 감,攻耳,耳(귀 이) 攻(칠(공격할) 공),ok,감히 감(敢),http://tonghanja.com/%ea%b0%90%ed%9e%88-%ea%b0%90%e6%95%a2/,"敢 .4급 耳: 귀 이 攻: 칠(공격할) 공 귀(耳)를 자르려고 공격하는(攻) 것은? 귀 를 자르려고 적군을 공격하는 것은 ‘ 감히 ’이지요. 감히 감 감 히 (敢 히 : 두려움이나 송구함을 무릅쓰고 ) , 용감(勇敢), 과감(果敢)"
最,가장 최,取,取(가질(취할) 취),ok,가장 최(最),http://tonghanja.com/%ea%b0%80%ec%9e%a5-%ec%b5%9c%e6%9c%80/,"最 .5급 ⺜: 모양 取: 가질(취할) 취 투구(⺜) 쓴 적장을 취하는(取) 것은? 투구 쓴 적장을 ‘ 취하는 ’ 즉 ‘죽이는’ 것은 ‘ 가장 ’ 높은 전공이지요. 가장 최 최 고 (最 高 : 가장 높음 ) , 최대(最大), 최상(最上)"
趣,뜻 취,取走,走(달릴 주) 取(가질(취할) 취),ok,뜻 취(趣),http://tonghanja.com/%eb%9c%bb-%ec%b7%a8%e8%b6%a3/,"趣 .4급 走: 달릴 주 取: 가질(취할) 취 달려가(走) 취하려는(取) 의지는? 빨리 달려가 무엇을 취하려는 의지는 ‘ 뜻 ’이지요. 뜻 취 취 지 (趣 旨 : 어떤 일의 근본이 되는 긴요한 뜻 ) , 취향(趣向), 취미(趣味) * 뜻: 무엇을 하겠다고 속으로 다짐한 마음."
取,가질 취,又耳,耳(귀 이) 又(또(손) 우),ok,가질 취(取),http://tonghanja.com/%ea%b0%80%ec%a7%88-%ec%b7%a8%e5%8f%96/,"取 .4급Ⅱ 耳: 귀 이 又: 또(손) 우 귀(耳)를 손(又)으로 잡은 것은? 귀 를 손 으로 잡은 것은 적군의 귀를 잘라 ‘ 가짐 ’이지요. 가질 취 취 함 (取 함 : 가짐) , 취득(取得), 쟁취(爭取) * 고대 중국에서는 전쟁에서 적군을 죽인 증거로 귀를 잘라 제출하는 관행이 있었답니다."
遷,옮길 천,㔾覀辵,覀(덮을) 아(廾(양손 공)의 이형) 㔾(모양) 辶(갈 착),ok,옮길 천(遷),http://tonghanja.com/%ec%98%ae%ea%b8%b8-%ec%b2%9c%e9%81%b7/,"遷 .3급Ⅱ 覀: 덮을 아 : 廾(양손 공)의 이형 㔾: 모양 辶: 갈 착 덮인(覀) 짐을 양손( )으로 받치고 굽힌 사람(㔾)이 가는(辶) 것은? 덮인 짐을 양손 으로 받치고 허리와 무릎을 굽힌 사람 이 가는 것은 짐을 ‘ 옮김 ’이지요. 옮길 천 천 이 (遷 移 : 옮김) , 천도(遷都), 변천(變遷)"
價,값 가,人賈,亻(사람 인) 賈(장사 고),ok,값 가(價),http://tonghanja.com/%ea%b0%92-%ea%b0%80%e5%83%b9/,"價 .5급Ⅱ 亻: 사람 인 賈: 장사 고 사람(亻)이 장사(賈)할 때 매기는 것은? 사람 이 장사 할 때 매기는 것은 재물의 ‘ 값 ’이지요. 값 가 가 치 (價 値 : 값) , 가격(價格), 물가(物價)"
賈,장사 고,覀貝,覀(덮을 아) 貝(조개(재물) 패),ok,장사 고(賈),http://tonghanja.com/%ec%9e%a5%ec%82%ac-%ea%b3%a0%ef%a4%83/,"賈 .1급Ⅱ 覀: 덮을 아 貝: 조개(재물) 패 덮인(覀) 재물(貝)을 파는 것은? 덮인 재물 , 즉 포장된 상품을 파는 것은 ‘ 장사 ’이지요. 장사 고"
粟,조 속,米覀,覀(덮을 아) 米(쌀 미),ok,조 속(粟),http://tonghanja.com/%ec%a1%b0-%ec%86%8d%e7%b2%9f/,"粟 .3급 覀: 덮을 아 米: 쌀 미 덮인(覀) 쌀(米)은? ‘ 粟 ’은 껍질에 덮인 쌀 인 ‘ 곡식 (쌀, 좁쌀, 보리쌀 등) ’을 통칭하는 글자였으나, 후에 고대 중국의 주요 곡식인 ‘ 조 ’를 가리키게 되었답니다. 조 속 속 미 (粟 米 : 좁 쌀 ) , 납속책(納粟策), 창해일속(滄海一粟) * 조는 척박한 땅에서도 재배가 용이하고 수확량도 풍부하여 고대 중국의 주요 곡식이 되었답니다."
栗,밤 률,木覀,覀(덮을 아) 木(나무 목),ok,밤 률(栗),http://tonghanja.com/%eb%b0%a4-%eb%a5%a0%e6%a0%97/,"栗 .3급Ⅱ 覀: 덮을 아 木: 나무 목 덮인(覀) 열매인데 나무(木)에서 열리는 것은? 가시 껍데기에 덮인 열매인데 나무 에서 열리는 것은 ‘ 밤 ’이지요. 밤 률 생 률 ( 生 栗: 날 밤) , 조율이시(棗栗梨柿)"
腰,허리 요,月要,月(고기(몸) 육) 要(요긴할 요),ok,허리 요(腰),http://tonghanja.com/%ed%97%88%eb%a6%ac-%ec%9a%94%e8%85%b0/,"腰 .3급 月: 고기(몸) 육 要: 요긴할 요 몸(月)에서 요긴한(要) 곳은? 몸 에서 ‘ 요긴한 ’ 즉 ‘중요한’ 곳은 ‘ 허리 ’이지요. 허리 요 요 추 (腰 椎 : 허리 뼈 ) , 요통(腰痛), 요대(腰帶)"
要,요긴할 요,覀女,覀(덮을 아) 女(여자 녀),ok,요긴할 요(要),http://tonghanja.com/%ec%9a%94%ea%b8%b4%ed%95%a0-%ec%9a%94%e8%a6%81/,"要 .5급Ⅱ 覀: 덮을 아 女: 여자 녀 덮어서(覀) 여자(女)가 매는 곳은? ‘ 要 ’는 띠로 덮어서 여자 가 동여매는 곳인 ‘ 허리 ’를 나타낸 글자였으나, 후에 허리는 몸에서 중심축 역할을 한다는 데서 ‘ 요긴함 ’을 뜻하게 되었답니다. 요긴할 요 요 긴 (要 緊 : 꼭 필요하고 중요함 ) , 필요(必要), 중요(重要)"
卵,알 란,,,none,알 란(卵),http://tonghanja.com/%ec%95%8c-%eb%9e%80%e5%8d%b5/,"卵 .4급 알집( ) 안의 알( )은? 동물 알집 안의 알 은 ‘ 알 ’이지요. 알 란 난 자 (卵 子 : 알 모양의 아기 씨앗 ) , 난소(卵巢), 계란(鷄卵)"
施,베풀 시,也,也(어조사(뱀) 야),ok,베풀 시(施),http://tonghanja.com/%eb%b2%a0%ed%92%80-%ec%8b%9c%e6%96%bd/,"施 .4급Ⅱ : 깃발 언 也: 어조사(뱀) 야 깃발( )이 뱀(也)같이 나부끼는 것은? ‘ 施 ’는 깃발 이 뱀 같이 구불구불 나부끼는 것인 사람이 깃발 세우고 무엇을 ‘ 실시함 ’을 나타낸 글자였으나, 후에 의미가 확장되어 ‘ 베풂 ’을 뜻하게 되었답니다. 베풀 시 실 시 ( 實 施: 실제로 시행함 ) , 시행(施行), 시책(施策) * 베풀다: 1. 일을 계획하여 벌이다. 2. 남에게 혜택을 받게 하다."
池,못 지,也水,氵(물 수) 也(어조사(뱀) 야),ok,못 지(池),http://tonghanja.com/%eb%aa%bb-%ec%a7%80%e6%b1%a0/,"池 .3급Ⅱ 氵: 물 수 也: 어조사(뱀) 야 물(氵)인데 뱀(也) 같은 것은? 물 인데 가장자리가 뱀 같이 구불구불한 것은 ‘ 못 ’이지요. 못 지 저수 지 ( 貯水 池: 물을 저장하는 못) , 안압지(雁鴨池), 건전지(乾電池)"
地,땅 지,也土,土(흙 토) 也(어조사(뱀) 야),ok,땅 지(地),http://tonghanja.com/%eb%95%85-%ec%a7%80%e5%9c%b0/,"地 .7급 土: 흙 토 也: 어조사(뱀) 야 흙(土)인데 뱀(也) 같은 것은? 흙 인데 가장자리가 뱀 같이 구불구불한 것은 ‘ 땅 ’이지요. 땅 지 토 지 ( 土 地: 흙과 땅) , 지형(地形), 지역(地域)"
他,다를 타,也人,亻(사람 인) 也(어조사(뱀) 야),ok,다를 타(他),http://tonghanja.com/%eb%8b%a4%eb%a5%bc-%ed%83%80%e4%bb%96/,"他 .5급 亻: 사람 인 也: 어조사(뱀) 야 사람(亻)인데 뱀(也) 같은 이는? 사람 인데 뱀 같이 다른 이는 나와 ‘ 다름 ’이지요. 다를 타 타 인 (他 人 : 다른 사람 ) , 타지(他地), 배타(排他) * 佗(다를 타): ‘他’의 옛날 글자."
也,어조사 야,,,none,어조사 야(也),http://tonghanja.com/%ec%96%b4%ec%a1%b0%ec%82%ac-%ec%95%bc%e4%b9%9f/,"也 .3급 혀( )와 머리( )와 몸통 및 꼬리( )는? ‘ 也 ’는 혀 와 머리 와 몸통 및 꼬리 로 된 것인 ‘ 뱀 ’을 본뜬 글자였으나, 후에 ‘ 어조사 (語助辭)’로 쓰이게 되었답니다. 어조사 야 야 (也: 주로, 문장 종결 기능을 하는 어조사)"
斯,이 사,其斤,其(그 기) 斤(근(도끼) 근),ok,이 사(斯),http://tonghanja.com/%ec%9d%b4-%ec%82%ac%e6%96%af/,斯 .3급 其: 그 기 斤: 근(도끼) 근 그(其) 곳인데 도끼(斤)질을 할 수 있는 곳은? 그 곳인데 도끼 질을 할 수 있을 만큼 가까운 곳은 ‘ 이 ’ 곳이지요. 이 사
基,터 기,其土,其(그 기) 土(흙 토),ok,터 기(基),http://tonghanja.com/%ed%84%b0-%ea%b8%b0%e5%9f%ba/,"基 .5급Ⅱ 其: 그 기 土: 흙 토 그(其) 흙(土)으로 만드는 곳은? 키로 돌을 골라낸 그 흙 으로 만드는 곳은 ‘ 터 ’이지요. 터 기 기 반 (基 盤 : 터 가 되는 지반 ) , 기초(基礎), 기본(基本)"
旗,기 기,其,급(깃발 언) 其(그 기),ok,기 기(旗),http://tonghanja.com/%ea%b8%b0-%ea%b8%b0%e6%97%97/,"旗 .7급 : 깃발 언 其: 그 기 깃발( )인데 그(其) 문양이 그려진 것은? 깃발 인데 집단을 상징하도록 골라낸 그 문양이 그려진 것은 ‘ 기 ’이지요. 기 기 기 (旗: 국가나 단체의 상징을 나타내는 천 조각을 막대에 단 것 ) , 국기(國旗), 군기(軍旗)"
欺,속일 기,其欠,其(그 기) 欠(하품(입 벌린 사람) 흠),ok,속일 기(欺),http://tonghanja.com/%ec%86%8d%ec%9d%bc-%ea%b8%b0%e6%ac%ba/,"欺 .3급 其: 그 기 欠: 하품(입 벌린 사람) 흠 그(其) 내용을 입 벌린 사람(欠)이 말하는 것은? 진실을 골라낸 그 거짓된 내용을 입 벌린 사람 이 말하는 것은 ‘ 속임 ’이지요. 속일 기 기 만 (欺 瞞 : 속임 *瞞·1급·속일 만 ) , 기망(欺罔), 사기(詐欺)"
期,기약할 기,其月,其(그 기) 月(달 월),ok,기약할 기(期),http://tonghanja.com/%ea%b8%b0%ec%95%bd%ed%95%a0-%ea%b8%b0%e6%9c%9f/,"期 .5급 其: 그 기 月: 달 월 그(其) 달(月)이 뜨는 날에 하기로 하는 것은? 여러 날들 중 골라낸 그 달 이 뜨는 날에 무엇을 하기로 약속하는 것은 ‘ 기약함 ’이지요. 기약할 기 기 약 (期 約 : 때를 정하여 약속함 ) , 기간(期間), 시기(時期) * 옛날에는 양력이 아닌 음력을 사용하여, ‘초하룻날(음력 매달 1일)’, ‘보름날(음력 매달 15일)’, ‘그믐날(음력 매달 마지막 날)’처럼 달의 모양에 따라 날을 구분했답니다."
其,그 기,,,none,그 기(其),http://tonghanja.com/%ea%b7%b8-%ea%b8%b0%e5%85%b6/,"其 .3급Ⅱ : 모양 : 廾(양손 공)의 이형 키( )를 양손( )으로 잡고 골라내는 것은? 키 를 양손 으로 잡고 골라내는 것은 돌이나 곡물 ‘ 그 ’ 것이지요. 그 기 기 타 (其 他 : 그 밖의 다른 것 ) , 각기(各其), 급기야(及其也)"
於,어조사 어,㫃,㫃(깃발) 언(모) 양(모양),ok,어조사 어(於),http://tonghanja.com/%ec%96%b4%ec%a1%b0%ec%82%ac-%ec%96%b4%e6%96%bc/,"於 .3급 㫃: 깃발 언 : 모양 : 모양 깃발(㫃)이 위( ) 아래( )로 나부끼는 것은? 깃발 이 깃대에서 위 아래 로 나부끼는 것은 ‘ 어조사 (語助辭) 어’이지요. 어조사 어 어 (於: ‘~에’, ‘~에서’ 등의 뜻으로 쓰이는 어조사) , 어차피(於此彼), 어중간(於中間)"
遊,놀 유,子辵,급(깃발 언) 子(아들(아이) 자) 辶(갈 착),ok,놀 유(遊),http://tonghanja.com/%eb%86%80-%ec%9c%a0%e9%81%8a/,"遊 .4급 : 깃발 언 子: 아들(아이) 자 辶: 갈 착 깃발( )을 아이(子)가 들고 가는(辶) 것은? 깃발 을 아이 가 들고 가는 것은 군대처럼 이곳저곳을 돌아다니며 즐겁게 ‘ 놂 ’이지요. 놀 유 유 희 (遊 戱 : 놂) , 유흥(遊興), 유람(遊覽)"
旋,돌 선,疋,疋(발 소),ok,돌 선(旋),http://tonghanja.com/%eb%8f%8c-%ec%84%a0%e6%97%8b/,"旋 .3급Ⅱ : 깃발 언 疋: 발 소 깃발( )을 보고 발(疋)로 하는 것은? 장수가 지휘하는 깃발 을 보고 군사들이 발 로 하는 것은 ‘ 돎 ’이지요. 돌 선 선 회 (旋 回 : 돎) , 선풍(旋風), 주선(周旋)"
旅,나그네 려,,언(从(사람들)의 이형),image,나그네 려(旅),http://tonghanja.com/%eb%82%98%ea%b7%b8%eb%84%a4-%eb%a0%a4%e6%97%85/,"旅 .5급Ⅱ : 깃발 언 : 从(사람들)의 이형 깃발( )을 따르는 사람들( )은? ‘ 旅 ’는 깃발 을 따르는 사람들 인 ‘ 군대 ’를 나타낸 글자였으나, 후에 군대는 전쟁을 위해 여러 곳을 옮겨 다니는 데서 ‘ 여행 ’이나 ‘ 나그네 ’를 뜻하게 되었답니다. 나그네 려 여 객 (旅 客 : 나그네 / 여행하는 손님 ) , 여행(旅行), 여정(旅程)"
族,겨레 족,矢,급(깃발 언) 矢(화살 시),ok,겨레 족(族),http://tonghanja.com/%ea%b2%a8%eb%a0%88-%ec%a1%b1%e6%97%8f/,"族 .6급 : 깃발 언 矢: 화살 시 깃발( ) 아래 화살(矢)을 가지고 모이는 이들은? 전쟁에 참가하려고, 한 깃발 아래 화살 을 가지고 모이는 이들은 ‘ 겨레 ’이지요. 겨레 족 민 족 ( 民 族: 백성의 겨레) , 종족(種族), 가족(家族)"
㫃,깃발 언,,,none,깃발 언(㫃),http://tonghanja.com/%ea%b9%83%eb%b0%9c-%ec%96%b8%e3%ab%83/,.무급 깃대( )에서 나부끼는 천( )은? 깃대 에서 나부끼는 천 은 ‘ 깃발 ’이지요. 깃발 언
縱,세로 종,從糸,糸(실 사) 從(좇을 종),ok,세로 종(縱),http://tonghanja.com/%ec%84%b8%eb%a1%9c-%ec%a2%85%e7%b8%b1/,"縱 .3급Ⅱ 糸: 실 사 從: 좇을 종 실(糸)처럼 좇는(從) 모습은? 실 모양처럼 앞사람을 뒷사람이 좇는 모습은 ‘ 세로 ’이지요. 세로 종 종 대 (縱 隊 : 세로 대형 ) , 종횡(縱橫), 조종(操縱)"
從,좇을 종,人彳止,彳(조금 걸을(거리) 척) 人(사람 인) 人(사람 인) 止(그칠(발) 지),ok,좇을 종(從),http://tonghanja.com/%ec%a2%87%ec%9d%84-%ec%a2%85%e5%be%9e/,"從 .4급 彳: 조금 걸을(거리) 척 人: 사람 인 人: 사람 인 止: 그칠(발) 지 거리(彳)에서 앞사람(人)을 뒷사람(人)이 발(止)로 따라가는 것은? 거리 에서 앞사람 을 뒷사람 이 발 로 따라가는 것은 ‘ 좇음 ’이지요. 좇을 종 추 종 ( 追 從: 남의 뒤를 따라서 좇음) , 순종(順從), 종군(從軍)"
座,자리 좌,坐广,广(집 엄) 坐(앉을 좌),ok,자리 좌(座),http://tonghanja.com/%ec%9e%90%eb%a6%ac-%ec%a2%8c%e5%ba%a7/,"座 .4급 广: 집 엄 坐: 앉을 좌 집(广)에서 앉는(坐) 곳은? 집 에서 앉는 곳은 ‘ 자리 ’이지요. 자리 좌 좌 석 (座 席 : 자리) , 왕좌(王座), 성좌(星座)"
坐,앉을 좌,人土,人(사람 인) 人(사람 인) 土(흙(땅) 토),ok,앉을 좌(坐),http://tonghanja.com/%ec%95%89%ec%9d%84-%ec%a2%8c%e5%9d%90/,"坐 .3급Ⅱ 人: 사람 인 人: 사람 인 土: 흙(땅) 토 사람들( )이 땅( ) 위에 하는 것은? 무릎 꿇은 사람들 이 땅 위에 하는 것은 ‘ 앉음 ’이지요. 앉을 좌 정 좌 ( 正 坐: 몸을 바르게 하고 앉음) , 좌식(坐式), 좌욕(坐浴)"
孫,손자 손,子系,子(아들(아이) 자) 系(이을 계),ok,손자 손(孫),http://tonghanja.com/%ec%86%90%ec%9e%90-%ec%86%90%e5%ad%ab/,"孫 .6급 子: 아들(아이) 자 系: 이을 계 아이(子)를 잇는(系) 이는? ‘ 아이 ’ 즉 ‘자식’의 대를 잇는 이는 ‘ 손자 ’이지요. 손자 손 손 자 (孫 子 : 자식의 아들 ) , 손녀(孫女), 후손(後孫)"
係,맬 계,人系,亻(사람 인) 系(이을 계),ok,맬 계(係),http://tonghanja.com/%eb%a7%ac-%ea%b3%84%e4%bf%82/,"係 .4급Ⅱ 亻: 사람 인 系: 이을 계 사람(亻)이 잇는(系) 것은? 사람 이 무엇을 잇는 것은 ‘ 맴 ’이지요. 맬 계 관 계 ( 關 係: 관련을 맺어 매여 있음 ) , 계장(係長), 계원(係員)"
系,이을 계,糸,급(모양) 糸(실 사),ok,이을 계(系),http://tonghanja.com/%ec%9d%b4%ec%9d%84-%ea%b3%84%e7%b3%bb/,"系 .4급 : 모양 糸: 실 사 실(糸)로 연결하는( ) 것은? 실 로 무엇을 연결하는 것은 ‘ 이음 ’이지요. 이을 계 계 통 (系 統 : 이어져 있는 것 ) , 계열(系列), 체계(體系)"
農,농사 농,曲辰,曲(굽을(광주리) 곡) 辰(별(돌 치울) 진),ok,농사 농(農),http://tonghanja.com/%eb%86%8d%ec%82%ac-%eb%86%8d%e8%be%b2/,"農 .7급Ⅱ 曲: 굽을(광주리) 곡 辰: 별(돌 치울) 진 광주리(曲)로 돌을 치우는(辰) 것은? 광주리 로 돌 을 치워 농지를 만드는 것은 ‘ 농사 ’이지요. 농사 농 농 사 (農 事 : 논밭을 일궈 곡류나 채소 등을 심어 가꾸고 거두는 일 ) , 농업(農業), 농지(農地)"
曲,굽을 곡,,,none,굽을 곡(曲),http://tonghanja.com/%ea%b5%bd%ec%9d%84-%ea%b3%a1%e6%9b%b2/,"曲 .5급 광주리(曲)는? 광주리 는 모양이 ‘ 굽음 ’이지요. 굽을 곡 곡 선 (曲 線 : 굽은 선 ) , 곡면(曲面), 굴곡(屈曲)"
辱,욕될 욕,寸辰,辰(별(돌 치울) 진) 寸(마디(손) 촌),ok,욕될 욕(辱),http://tonghanja.com/%ec%9a%95%eb%90%a0-%ec%9a%95%e8%be%b1/,"辱 .3급Ⅱ 辰: 별(돌 치울) 진 寸: 마디(손) 촌 돌 치우는(辰) 손(寸)은? 돌 치우는 손 은 ‘ 욕됨 ’이지요. 욕될 욕 욕 됨 (辱 됨 : 수고스러운 일을 겪음/ 부끄러운 일을 당함 ) , 치욕(恥辱), 굴욕(屈辱)"
脣,입술 순,月辰,辰(별(돌 치울) 진) 月(고기(몸) 육),ok,입술 순(脣),http://tonghanja.com/%ec%9e%85%ec%88%a0-%ec%88%9c%e8%84%a3/,"脣 .3급 辰: 별(돌 치울) 진 月: 고기(몸) 육 돌 치운(辰) 곳 같은 몸(月)의 부위는? 돌 치운 곳같이 생긴 몸 의 부위는 입의 가장자리인 ‘ 입술 ’이지요. 입술 순 구 순 ( 口 脣: 입과 입술 을 아울러 이르는 말 ) , 단순호치(丹脣皓齒), 순망치한(脣亡齒寒)"
晨,새벽 신,日辰,日(날(해) 일) 辰(별(돌 치울) 진),ok,새벽 신(晨),http://tonghanja.com/%ec%83%88%eb%b2%bd-%ec%8b%a0%e6%99%a8/,"晨 .3급 日: 날(해) 일 辰: 별(돌 치울) 진 해(日) 뜰 무렵 돌 치우기(辰) 좋은 시간은? 해 뜰 무렵, 돌 치우기 가장 좋은 시간은 서늘한 ‘ 새벽 ’이지요. 새벽 신"
震,우레 진,辰雨,雨(비 우) 辰(별(돌 치울) 진),ok,우레 진(震),http://tonghanja.com/%ec%9a%b0%eb%a0%88-%ec%a7%84%e9%9c%87/,"震 .3급Ⅱ 雨: 비 우 辰: 별(돌 치울) 진 비(雨) 올 때 나는 돌 치우는(辰) 소리는? 비 올 때 나는 돌 치우는 소리는 우르르 쾅 하는 ‘ 우레 ’이지요. 우레 진 진 동 (震 動 : 몹시 떨리어 움직임 ) , 지진(地震), 강진(強震)"
振,떨칠 진,手辰,扌(손 수) 辰(별(돌 치울) 진),ok,떨칠 진(振),http://tonghanja.com/%eb%96%a8%ec%b9%a0-%ec%a7%84%e6%8c%af/,"振 .3급Ⅱ 扌: 손 수 辰: 별(돌 치울) 진 손(扌)으로 돌을 치우는(辰) 것은? 손 으로 돌 을 치우는 것은 돌을 바닥으로 ‘ 떨침 ’이지요. 떨칠 진 진 동 (振 動 : 떨리어 움직임 ) , 진작(振作), 진흥(振興) * 떨치다: 1. (세게 흔들어) 떨어지게 하다. 2. (위세나 명성 등을) 드날리다. * ‘振’은 손으로 돌을 치울 때 바닥이 하는 것인 ‘진동함’을 뜻하기도 합니다."
辰,별 진/ 때 신,,,none,별 진/ 때 신(辰),http://tonghanja.com/%eb%b3%84-%ec%a7%84-%eb%95%8c-%ec%8b%a0%e8%be%b0/,"辰 .3급Ⅱ 언덕(厂)의 돌( )을 양팔( )로 사람( )이 옮기는 것은? ‘ 辰 ’은 농지를 만들려고 언덕 의 돌 을 양팔 로 사람 이 옮기는 것인 ‘ 돌 을 치움 ’을 나타낸 글자였으나, 후에 자형이 언덕 에서 뜨고 지는 별 모양 같다 하여 ‘ 별 ’을 뜻하게 되었답니다. 별 진 성 신 ( 星 辰: 별) , 생신(生辰), 시진(時辰) * ‘辰’은 별을 보고 헤아리는 것인 ‘때’를 뜻하여 ‘때 신’이라고도 합니다."
劃,그을 획,刀畫,畫(그림 화) 刂(칼 도),ok,그을 획(劃),http://tonghanja.com/%ea%b7%b8%ec%9d%84-%ed%9a%8d%e5%8a%83/,"劃 .3급Ⅱ 畫: 그림 화 刂: 칼 도 그림(畫) 그리듯이 칼(刂)로 하는 것은? 그림 그리듯이 칼 로 하는 것은 선을 ‘ 그음 ’이지요. 그을 획 획 일 (劃 一 : ‘一’ 자를 그음 / 모두가 한결같음을 이르는 말 ) , 구획(區劃), 계획(計劃)"
畫,그림 화,田聿,聿(붓 율) 田(밭) 전(모양),ok,그림 화(畫),http://tonghanja.com/%ea%b7%b8%eb%a6%bc-%ed%99%94%e7%95%ab/,"畫 .6급 聿: 붓 율 田: 밭 전 : 모양 붓(聿)으로 밭(田) 같은 선( )을 나타낸 것은? 붓 으로 밭 의 경계 같은 외곽 선 을 나타낸 것은 ‘ 그림 ’이지요. 그림 화 회 화 ( 繪 畫: 그림 *繪·1급·그림 회 ) , 만화(漫畫), 화가(畫家)"
晝,낮 주,日聿,聿(붓 율) 日(날(해)) 일(모양),ok,낮 주(晝),http://tonghanja.com/%eb%82%ae-%ec%a3%bc%e6%99%9d/,"晝 .6급 聿: 붓 율 日: 날(해) 일 : 모양 붓(聿)질하기 좋게 해(日)가 지평선( ) 위에 있는 때는? 붓 질하기 좋게 해 가 지평선 위에 떠 있는 때는 ‘ 낮 ’이지요. 낮 주 백 주 ( 白 晝: 환한 낮) , 주간(晝間), 주야(晝夜) * 조명 시설이 부족했던 과거에는 주로 일광을 활용하여 서화 작업을 했답니다."
書,글 서,曰聿,聿(붓 율) 曰(가로(말) 왈),ok,글 서(書),http://tonghanja.com/%ea%b8%80-%ec%84%9c%e6%9b%b8/,"書 .6급Ⅱ 聿: 붓 율 曰: 가로(말) 왈 붓(聿)으로 말(曰)을 적은 것은? 붓 으로 말 을 적은 것은 ‘ 글 ’이지요. 글 서 문 서 ( 文 書: 글 로 의사나 관념 또는 사상을 나타낸 것 ) , 서류(書類), 서적(書籍)"
筆,붓 필,竹聿,竹(대 죽) 聿(붓 율),ok,붓 필(筆),http://tonghanja.com/%eb%b6%93-%ed%95%84%e7%ad%86/,"筆 .5급Ⅱ 竹: 대 죽 聿: 붓 율 대(竹)로 만든 붓(聿)은? 대 나무로 만든 붓 은 ‘ 붓 ’이지요. 붓 필 필기(筆記), 집필(執筆), 연필(鉛筆)"
健,굳셀 건,人建,亻(사람 인) 建(세울 건),ok,굳셀 건(健),http://tonghanja.com/%ea%b5%b3%ec%85%80-%ea%b1%b4%e5%81%a5/,"健 .5급 亻: 사람 인 建: 세울 건 사람(亻)이 몸을 세울(建) 수 있는 것은? 사람 이 몸을 곧게 세울 수 있는 것은 ‘ 굳셈 ’이지요. 굳셀 건 건 강 (健 康 : 몸이 굳세고 마음이 편안함 ) , 건실(健實), 보건(保健)"
建,세울 건,廴聿,聿(붓 율) 廴(길게 걸을 인),ok,세울 건(建),http://tonghanja.com/%ec%84%b8%ec%9a%b8-%ea%b1%b4%e5%bb%ba/,"建 .5급 聿: 붓 율 廴: 길게 걸을 인 붓(聿)을 길게 걷게(廴) 하는 것은? 필기할 때 붓 을 길게 걷게 하는 것은 붓을 곧게 ‘ 세움 ’이지요. 세울 건 건 립 (建 立 : 건물 등을 세움) , 건설(建設), 재건(再建)"
律,법 률,彳聿,彳(걸을(거리) 척) 聿(붓 율),ok,법 률(律),http://tonghanja.com/%eb%b2%95-%eb%a5%a0%e5%be%8b/,"律 .4급Ⅱ 彳: 걸을(거리) 척 聿: 붓 율 거리(彳)에 붓(聿)으로 적어놓은 것은? 사람들에게 알리려고 거리 에 붓 으로 적어놓은 것은 ‘ 법 ( 法 )’이지요. 법 률 법 률 ( 法 律: 국가의 강제력을 수반하는 사회 규범 ) , 규율(規律), 율령(律令)"
聿,붓 율,,,none,붓 율(聿),http://tonghanja.com/%eb%b6%93-%ec%9c%a8%e8%81%bf/,聿 .특급Ⅱ 손( )으로 잡는 자루( )인데 털( )이 달린 것은? 손 으로 잡는 자루 인데 털 이 달린 것은 ‘ 붓 ’이지요. 붓 율
磨,갈 마,石麻,麻(삼 마) 石(돌 석),ok,갈 마(磨),http://tonghanja.com/%ea%b0%88-%eb%a7%88%e7%a3%a8/,"磨 .3급Ⅱ 麻: 삼 마 石: 돌 석 삼(麻)을 돌(石)로 문지르는 것은? 삼 을 돌 로 문지르는 것은 섬유 부분을 추출하기 위해 삼껍질의 겉면을 ‘ 갊 ’이지요. 갈 마 마 모 (磨 耗 : 갈아 없앰 *耗·1급·없앨 모 ) , 마멸(磨滅), 연마(硏磨)"
麻,삼 마,广,广(집 엄  𣏟: 모양),ok,삼 마(麻),http://tonghanja.com/%ec%82%bc-%eb%a7%88%e9%ba%bb/,"麻 .3급Ⅱ 广: 집 엄 𣏟: 모양 집(广)에 걸어놓는 삼껍질(𣏟)은? 집 에 걸어놓고 말리는 삼껍질 은 ‘ 삼 ’이지요. ☞ 여기서의 ‘ ’는 여러 개의 삼껍질을 한 다발로 묶어놓은 모양입니다. 삼 마 대 마 ( 大 麻: 3 미터 정도까지 자라는 삼 과의 한해살이풀 ) , 마포(麻布)"
循,돌 순,彳盾,彳(걸을 척) 盾(방패 순),ok,돌 순(循),http://tonghanja.com/%eb%8f%8c-%ec%88%9c%e5%be%aa/,循 .3급 彳: 걸을 척 盾: 방패 순 방패(盾) 들고 걷는(彳) 것은? 방패 들고 걷는 것은 적의 침입을 막기 위해 병사가 성곽 등을 ‘ 돎 ’이지요. 돌 순 순 환 (循 環 : 고리같이 둥글게 돎)
盾,방패 순,厂目,厂(기슭(벼랑)) 엄(모양) 目(눈 목),ok,방패 순(盾),http://tonghanja.com/%eb%b0%a9%ed%8c%a8-%ec%88%9c%e7%9b%be/,盾 .2급 厂: 기슭(벼랑) 엄 : 모양 目: 눈 목 벼랑(厂) 같은 판인데 손( )으로 들어 눈(目) 앞에 대는 것은? 벼랑 같이 세워서 막는 판인데 손 으로 들어 눈 앞에 대는 것은 ‘ 방패 ’이지요. 방패 순
都,도읍 도,者阝,者(사람 자) 阝(고을 읍),ok,도읍 도(都),http://tonghanja.com/%eb%8f%84%ec%9d%8d-%eb%8f%84%e9%83%bd/,"都 .5급 者: 사람 자 阝: 고을 읍 사람(者)이 많은 고을(阝)은? 사람 이 많이 사는 고을 은 ‘ 도읍 ’이지요. 도읍 도 도 읍 (都 邑 : 수도와 같은 큰 고을 ) , 도시(都市), 수도(首都)"
著,지을 저,者艸,艹(풀 초) 者(사람 자),ok,지을 저(著),http://tonghanja.com/%ec%a7%80%ec%9d%84-%ec%a0%80%e8%91%97/,"著 .3급Ⅱ 艹: 풀 초 者: 사람 자 풀(艹)잎에 사람(者)이 하는 것은? 종이가 귀하던 시절, 풀 잎에 사람 이 하는 것은 글 등을 ‘ 지음 ’이지요. 지을 저 저 작 (著 作 : 책이나 작품 등을 지음) , 저술(著述), 저자(著者) * ‘著’는 풀잎에 사람이 글 등을 지으면 풀잎에 사람의 생각이 나타난다 하여 ‘나타날 저’라고도 합니다."
署,관청 서,网者,罒(그물 망) 者(사람 자),ok,관청 서(署),http://tonghanja.com/%ea%b4%80%ec%b2%ad-%ec%84%9c%e7%bd%b2/,"署 .3급Ⅱ 罒: 그물 망 者: 사람 자 그물(罒)로 사람(者)을 잡는 곳은? 법의 그물 로 범죄자 등의 사람 을 잡는 곳은 ‘ 관청 (官廳)’이지요. 관청 서 관공 서 ( 官公 署: 관서와 공서 등의 관청 ) , 경찰서(警察署), 세무서(稅務署)"
暑,더울 서,日者,日(날(해) 일) 者(사람 자),ok,더울 서(暑),http://tonghanja.com/%eb%8d%94%ec%9a%b8-%ec%84%9c%e6%9a%91/,"暑 .3급 日: 날(해) 일 者: 사람 자 해(日)가 사람(者) 위에 있으면? 해 가 사람 위에 떠 있으면 ‘ 더움 ’이지요. 더울 서 혹 서 ( 酷 暑: 심하게 더움 *酷·2급·심할 혹 ) , 피서(避暑), 처서(處暑)"
緖,실마리 서,糸者,糸(실 사) 者(사람 자),ok,실마리 서(緖),http://tonghanja.com/%ec%8b%a4%eb%a7%88%eb%a6%ac-%ec%84%9c%e7%b7%96/,"緖 .3급Ⅱ 糸: 실 사 者: 사람 자 실(糸)에서 사람(者)이 찾는 것은? 실을 풀기 위해 실 에서 사람 이 찾는 것은 ‘ 실마리 ’이지요. 실마리 서 두 서 ( 頭 緖: 실마리 / 일의 단서 ) , 단서(端緖), 정서(情緖)"
諸,모두 제,者言,言(말씀(말) 언) 者(사람 자),ok,모두 제(諸),http://tonghanja.com/%eb%aa%a8%eb%91%90-%ec%a0%9c%e8%ab%b8/,"諸 .3급Ⅱ 言: 말씀(말) 언 者: 사람 자 말(言)을 사람(者)이 하는 대상은? 말 을 사람 이 하는 대상은 ‘ 모두 ’이지요. 모두 제 제 군 (諸 君 : 지도자나 통솔자가 자기가 이끄는 아랫사람 모두 를 높여 이르는 말 ) , 제현(諸賢), 제자(諸子)"
者,사람 자,白耂,耂(늙을 로) 白(흰(말할) 백),ok,사람 자(者),http://tonghanja.com/%ec%82%ac%eb%9e%8c-%ec%9e%90%e8%80%85/,"者 .6급 耂: 늙을 로 白: 흰(말할) 백 늙은(耂)이가 말하는(白) 대상은? 늙은 이가 말하는 대상은 ‘ 사람 ’이지요. 사람 자 청 자 ( 聽 者: 듣는 사람) , 화자(話者), 관계자(關係者)"
考,생각할 고,丂耂,耂(늙을 로) 丂(공교할 교),ok,생각할 고(考),http://tonghanja.com/%ec%83%9d%ea%b0%81%ed%95%a0-%ea%b3%a0%e8%80%83/,"考 .5급 耂: 늙을 로 丂: 공교할 교 늙은(耂)이가 공교하게(丂) 하는 것은? 늙은 이가 오랜 경험을 토대로 공교하게 하는 것은 ‘ 생각함 ’이지요. 생각할 고 고 려 (考 慮 : 여러 사정을 따져서 생각함) , 사고(思考), 숙고(熟考)"
孝,효도 효,子耂,耂(늙을 로) 子(아들(아이) 자),ok,효도 효(孝),http://tonghanja.com/%ed%9a%a8%eb%8f%84-%ed%9a%a8%e5%ad%9d/,"孝 .7급Ⅱ 耂: 늙을 로 子: 아들(아이) 자 늙은(耂)이를 아이(子)가 부축하는 것은? 늙은 이를 ‘ 아이 ’ 즉 ‘자식’이 부축하는 것은 ‘ 효도 ’이지요. 효도 효 효 도 (孝 道 : 부모를 잘 섬기는 도리 ) , 효자(孝子), 효녀(孝女)"
老,늙을 로,匕耂,耂(늙을 로) 匕(비수 비),ok,늙을 로(老),http://tonghanja.com/%eb%8a%99%ec%9d%84-%eb%a1%9c%e8%80%81/,"老 .7급 耂: 늙을 로 匕: 비수 비 늙은(耂)이가 비수(匕) 같은 지팡이를 짚는 것은? 늙은 이가 비수 같이 바닥을 찌르는 지팡이를 짚는 것은 ‘ 늙음 ’이지요. 늙을 로 노 인 (老 人 : 늙은 사람 ) , 노쇠(老衰), 노화(老化)"
耂,늙을 로,,,none,늙을 로(耂),http://tonghanja.com/%eb%8a%99%ec%9d%84-%eb%a1%9c%e8%80%82/,耂 .무급 사람(土)이 지팡이( )를 짚는 것은? 사람 이 지팡이 를 짚는 것은 ‘ 늙음 ’이지요. 늙을 로
滿,찰 만,㒼水,氵(물 수) 㒼(평평할 만),ok,찰 만(滿),http://tonghanja.com/%ec%b0%b0-%eb%a7%8c%e6%bb%bf/,"滿 .4급Ⅱ 氵: 물 수 㒼: 평평할 만 물(氵)이 평평하게(㒼) 만드는 것은? 물 이 어떤 곳을 평평하게 만드는 것은 물이 ‘ 참 ’이지요. 찰 만 충 만 ( 充 滿: 가득 참) , 풍만(豊滿), 만조(滿潮)"
㒼,평평할 만,廾兩,廾(양손 공) 兩(두(천칭) 량),ok,평평할 만(㒼),http://tonghanja.com/%ed%8f%89%ed%8f%89%ed%95%a0-%eb%a7%8c%e3%92%bc/,㒼 .무급 廾: 양손 공 兩: 두(천칭) 량 양손(廾)으로 천칭(兩)을 들면? 양손 으로 천칭 을 들면 천칭이 ‘ 평평함 ’이지요. 평평할 만
兩,두 량,,,none,두 량(兩),http://tonghanja.com/%eb%91%90-%eb%9f%89%e5%85%a9/,"兩 .4급Ⅱ 천칭(兩)은? 천칭 은 팔이 ‘둘( 두 )’이지요. 두 량 양 팔 (兩 팔 : 두 팔 ) , 양측(兩側), 양립(兩立) * 천칭(天秤): 양팔 저울의 하나."
慢,거만할 만,心曼,忄(마음 심) 曼(길게 끌 만),ok,거만할 만(慢),http://tonghanja.com/%ea%b1%b0%eb%a7%8c%ed%95%a0-%eb%a7%8c%e6%85%a2/,"慢 .3급 忄: 마음 심 曼: 길게 끌 만 마음(忄)이 길게 끌리는(曼) 것은? 남을 대할 때 마음 이 긴장하지 않고 ‘ 길게 끌리는 ’ 즉 ‘느슨한’ 것은 ‘ 거만함 ’이지요. 거만할 만 거 만 ( 倨 慢: 잘난 체하며 남을 하찮게 여김 ) , 오만(傲慢), 완만(緩慢)"
漫,질펀할 만,曼水,氵(물 수) 曼(길게 끌 만),ok,질펀할 만(漫),http://tonghanja.com/%ec%a7%88%ed%8e%80%ed%95%a0-%eb%a7%8c%e6%bc%ab/,"漫 .3급 氵: 물 수 曼: 길게 끌 만 물(氵)이 길게 끌리는(曼) 것은? 물 이 바닥에서 길게 끌리는 것은 물이 ‘ 질펀함 ’이지요. 질펀할 만 산만(散漫), 방만(放漫), 낭만(浪漫)"
曼,길게 끌 만,又曰网,曰(모양) 罒(눈 목) 又(또(손) 우),ok,길게 끌 만(曼),http://tonghanja.com/%ea%b8%b8%ea%b2%8c-%eb%81%8c-%eb%a7%8c%e6%9b%bc/,曼 .특급Ⅱ 曰: 모양 罒: 눈 목 又: 또(손) 우 두건(曰)을 눈(罒) 위에 손(又)으로 착용하는 것은? 두건 을 눈 위에 손 으로 착용하는 것은 두건의 양쪽 끝을 ‘ 길게 끎 ’이지요. 길게 끌 만
冒,무릅쓸 모,目,目(눈 목),ok,무릅쓸 모(冒),http://tonghanja.com/%eb%ac%b4%eb%a6%85%ec%93%b8-%eb%aa%a8%e5%86%92/,"冒 .3급 ⺜: 모양 目: 눈 목 두건(⺜)을 눈(目) 위에 착용하는 것은? 두건 을 눈 위에 착용하는 것은 두건을 ‘ 무릅씀 ’이지요. 무릅쓸 모 모험(冒險), 모두발언(冒頭發言) * 무릅쓰다: 1. 뒤집어서 머리에 덮어쓰다. 2. 힘들고 어려운 일을 참고 견디다."
騷,떠들 소,蚤馬,馬(말 마) 蚤(벼룩 조),ok,떠들 소(騷),http://tonghanja.com/%eb%96%a0%eb%93%a4-%ec%86%8c%e9%a8%b7/,"騷 .3급 馬: 말 마 蚤: 벼룩 조 말(馬)이 벼룩(蚤)에 물리면? 말 이 벼룩 에 물리면 ‘ 떠듦 ’이지요. 떠들 소 소 음 (騷 音 : 시끄럽게 떠드는 소리 ) , 소동(騷動), 소란(騷亂)"
蚤,벼룩 조,又,又(또(손) 우),ok,벼룩 조(蚤),http://tonghanja.com/%eb%b2%bc%eb%a3%a9-%ec%a1%b0%e8%9a%a4/,蚤 .특급Ⅱ 又: 또(손) 우 : 모양 虫: 벌레 충 손(又)으로 나누는( ) 벌레(虫)는? 손 으로 나누어 죽이는 벌레 는 ‘ 벼룩 ’이지요. 벼룩 조
昨,어제 작,乍日,日(날 일) 乍(잠깐 사),ok,어제 작(昨),http://tonghanja.com/%ec%96%b4%ec%a0%9c-%ec%9e%91%e6%98%a8/,"昨 .6급Ⅱ 日: 날 일 乍: 잠깐 사 날(日)인데 잠깐(乍) 사이에 지나가는 것은? 날 인데 잠깐 사이에 지나가는 것은 ‘ 어제 ’이지요. 어제 작 작 일 (昨 日 : 어제) , 작년(昨年), 작금(昨今)"
作,지을 작,乍人,亻(사람 인) 乍(잠깐 사),ok,지을 작(作),http://tonghanja.com/%ec%a7%80%ec%9d%84-%ec%9e%91%e4%bd%9c/,"作 .6급Ⅱ 亻: 사람 인 乍: 잠깐 사 사람(亻)이 잠깐(乍) 사이에 하는 것은? 사람 이 잠깐 사이에 하는 것은 홈을 칼로 파서 글 등을 ‘ 지음 ’이지요. 지을 작 작 성 (作 成 : 지어서 이룸 ) , 작품(作品), 제작(製作)"
詐,속일 사,乍言,言(말씀(말) 언) 乍(잠깐 사),ok,속일 사(詐),http://tonghanja.com/%ec%86%8d%ec%9d%bc-%ec%82%ac%e8%a9%90-2/,"詐 .3급 言: 말씀(말) 언 乍: 잠깐 사 말(言)을 잠깐(乍) 사이에 짓는 것은? 말 을 잠깐 사이에 지어내는 것은 ‘ 속임 ’이지요. 속일 사 사 기 (詐 欺 : 속임) , 사칭(詐稱)"
乍,잠깐 사,,양(刀(칼 도)의 이형),image,잠깐 사(乍),http://tonghanja.com/%ec%9e%a0%ea%b9%90-%ec%82%ac%e4%b9%8d/,乍 .특급Ⅱ : 모양 : 刀(칼 도)의 이형 홈( )을 칼( )로 파는 순간은? 홈 을 칼 로 파는 순간은 ‘ 잠깐 ’이지요. 잠깐 사
龜,거북 귀/ 터질 균,,,none,거북 귀/ 터질 균(龜),http://tonghanja.com/%ea%b1%b0%eb%b6%81-%ea%b7%80-%ed%84%b0%ec%a7%88-%ea%b7%a0%e9%be%9c/,"龜 .3급 머리( )와 눈( )과 몸통( )과 다리( )와 등딱지( )와 꼬리( )는? 머리 와 눈 과 몸통 과 다리 와 등딱지 와 꼬리 로 된 것은 ‘ 거북 ’이지요. 거북 귀 귀갑(龜甲), 귀감(龜鑑) , 균열(龜裂) * ‘龜’는 거북의 등딱지가 갈라져 벌어진 모양에서 ‘터질 균’이라고도 합니다."
襲,엄습할 습,衣龍,龍(용 룡) 衣(옷 의),ok,엄습할 습(襲),http://tonghanja.com/%ec%97%84%ec%8a%b5%ed%95%a0-%ec%8a%b5%e8%a5%b2/,"襲 .3급Ⅱ 龍: 용 룡 衣: 옷 의 용(龍)이 옷(衣)을 젖게 하는 것은? 용 이 비를 내려 옷 을 젖게 하는 것은 ‘ 엄습함 ’이지요. 엄습할 습 엄 습 ( 掩 襲: 불시에 습격함 ) , 기습(奇襲), 습격(襲擊)"
龍,용 룡,,,none,용 룡(龍),http://tonghanja.com/%ec%9a%a9-%eb%a3%a1%e9%be%8d/,"龍 .4급 머리(立)와 뿔( )과 배(月)와 몸통 및 꼬리(己)와 다리( )는? 머리 와 뿔 과 배 와 몸통 및 꼬리 와 많은 다리 로 된 것은 ‘ 용 ’이지요. 용 룡 용 (龍: 구름을 몰고 다니며 비를 내린다는 동물 ) , 청룡(靑龍), 황룡(黃龍)"
濕,젖을 습,曰水絲,氵(물 수) 曰(모양) 絲(실 사),ok,젖을 습(濕),http://tonghanja.com/%ec%a0%96%ec%9d%84-%ec%8a%b5%e6%bf%95/,"濕 .3급Ⅱ 氵: 물 수 曰: 모양 絲: 실 사 물(氵)에서 풀어낸 누에고치(曰)의 실(絲)은? 물 에서 풀어낸 누에고치 의 실 은 ‘ 젖음 ’이지요. 젖을 습 습 함 (濕 함 : 젖음) , 습기(濕氣), 다습(多濕) * 누에고치에서 실을 풀어내려면 고치를 물에 삶아 접착 성분을 약화시켜야 한답니다."
顯,나타날 현,曰絲頁,曰(모양) 絲(실 사) 頁(머리 혈),ok,나타날 현(顯),http://tonghanja.com/%eb%82%98%ed%83%80%eb%82%a0-%ed%98%84%e9%a1%af/,"顯 .4급 曰: 모양 絲: 실 사 頁: 머리 혈 누에고치(曰)의 실(絲) 머리(頁)를 풀면? 누에고치 의 실 머리 (실마리)를 찾아서 풀면 번데기가 ‘ 나타남 ’이지요. 나타날 현 발 현 ( 發 顯: 속에 있거나 숨은 것이 밖으로 나타남 ) , 현저(顯著), 현미경(顯微鏡) * 실마리: 감겨 있거나 헝클어진 실의 첫머리 ."
㬎,나타날 현,曰絲,曰(모양) 絲(실 사),ok,나타날 현(㬎),http://tonghanja.com/%eb%82%98%ed%83%80%eb%82%a0-%ed%98%84%e3%ac%8e/,㬎 .무급 曰: 모양 絲: 실 사 누에고치(曰)의 실(絲)을 풀면? 누에고치 의 실 을 풀면 번데기가 ‘ 나타남 ’이지요. 나타날 현
聲,소리 성,士殳耳,士(모) 양(모양) 殳(칠 수) 耳(귀 이),ok,소리 성(聲),http://tonghanja.com/%ec%86%8c%eb%a6%ac-%ec%84%b1%e8%81%b2/,"聲 .4급Ⅱ 士: 모양 : 모양 殳:칠 수 耳: 귀 이 틀(士)에 매달린 눈썹( )모양의 돌을 치면(殳) 귀(耳)에 들리는 것은? 틀 에 매달린 눈썹 모양의 돌인 석경을 치면 귀 에 들리는 것은 ‘ 소리 ’이지요. 소리 성 음성(音聲), 발성(發聲), 성악(聲樂) * 석경(石 磬 ): 틀에 눈썹 모양의 돌을 매달아, 뿔 망치로 쳐서 소리를 내는 악기."
声,소리 성,,,none,소리 성(声),http://tonghanja.com/%ec%86%8c%eb%a6%ac-%ec%84%b1%e5%a3%b0/,"声 .무급 틀(士)에 매달린 눈썹( ) 모양의 돌에서 나는 것은? 틀 에 매달린 눈썹 모양의 돌인 석경에서 나는 것은 ‘ 소리 ’이지요. 소리 성 * 석경(石 磬 ): 틀에 ‘厂‘ 자 모양의 돌을 매달아, 뿔 망치로 쳐서 소리를 내는 악기."
眉,눈썹 미,目,급(모양) 目(눈 목),ok,눈썹 미(眉),http://tonghanja.com/%eb%88%88%ec%8d%b9-%eb%af%b8%e7%9c%89/,"眉 .3급 : 모양 目: 눈 목 언덕( ) 모양의 많은 털( )인데 눈(目) 위에 있는 것은? 언덕 모양으로 난 많은 털 인데 눈 위에 있는 것은 ‘ 눈썹 ’이지요. 눈썹 미 백미(白眉), 초미(焦眉), 미간(眉間)"
壓,누를 압,厭土,厭(싫어할 염) 土(흙(땅) 토),ok,누를 압(壓),http://tonghanja.com/%eb%88%84%eb%a5%bc-%ec%95%95%e5%a3%93/,"壓 .4급Ⅱ 厭: 싫어할 염 土: 흙(땅) 토 싫어하는(厭) 상대를 땅(土)으로 밀어붙이는 것은? 싫어하는 상대를 땅 으로 밀어붙이는 것은 ‘ 누름 ’이지요. 누를 압 압 박 (壓 迫 : 내리 눌러 핍박함 ) , 압력(壓力), 강압(強壓)"
厭,싫어할 염,厂猒,厂(기슭(굴바위) 엄) 猒(물릴 염),ok,싫어할 염(厭),http://tonghanja.com/%ec%8b%ab%ec%96%b4%ed%95%a0-%ec%97%bc%e5%8e%ad/,"厭 .2급 厂: 기슭(굴바위) 엄 猒: 물릴 염 굴바위(厂)에서 물리도록(猒) 있으면? 어두운 굴바위 에서 물리도록 있으면 굴바위를 ‘ 싫어함 ’이지요. 싫어할 염 염 증 (厭 症 : 무엇을 싫어할 때 나타나는 증세 ) , 염세주의(厭世主義)"
猒,물릴 염,日肰,日(날 일) 肰(개고기 연),ok,물릴 염(猒),http://tonghanja.com/%eb%ac%bc%eb%a6%b4-%ec%97%bc%e7%8c%92/,猒 .무급 日: 날 일 肰: 개고기 연 날(日)마다 개고기(肰)를 먹으면? 날 마다 개고기 를 먹으면 개고기가 ‘ 물림 ’이지요. 물릴 염
燃,탈 연,火然,火(불 화) 然(그럴 연),ok,탈 연(燃),http://tonghanja.com/%ed%83%88-%ec%97%b0%e7%87%83/,"燃 .4급 火: 불 화 然: 그럴 연 불(火)에 그렇게(然) 하는 것은? 불 에 그렇게 하는 것은 개고기가 ‘ 탐 ’이지요. 탈 연 연 소 (燃 燒 : 불에 탐) , 연료(燃料), 연비(燃費)"
然,그럴 연,火肰,肰(개고기 연) 灬(불 화),ok,그럴 연(然),http://tonghanja.com/%ea%b7%b8%eb%9f%b4-%ec%97%b0%e7%84%b6/,"然 .7급 肰: 개고기 연 灬: 불 화 개고기(肰)를 불(灬)에 태우는 것은? 개고기 를 불 에 태워 껍질의 털을 제거하는 것은 마땅히 ‘그러함( 그럼 )’이지요. 그럴 연 당 연 ( 當 然: 마땅히 그러함) , 필연(必然), 본연(本然)"
蘭,난초 란,艸闌,艹(풀 초) 闌(가로막을 란),ok,난초 란(蘭),http://tonghanja.com/%eb%82%9c%ec%b4%88-%eb%9e%80%e8%98%ad/,"蘭 .3급Ⅱ 艹: 풀 초 闌: 가로막을 란 풀(艹)인데 가로막는(闌) 것은? 풀 인데 잎이 가로막는 것은 ‘ 난초 ’이지요. 난초 란 난 초 (蘭 草 : 긴 칼 모양의 잎이 나는 관상용 풀 ) , 춘란(春蘭), 한란(寒蘭)"
欄,난간 란,木闌,木(나무 목) 闌(가로막을 란),ok,난간 란(欄),http://tonghanja.com/%eb%82%9c%ea%b0%84-%eb%9e%80%e6%ac%84/,"欄 .3급Ⅱ 木: 나무 목 闌: 가로막을 란 나무(木)인데 가로막는(闌) 것은? 나무 인데 가장자리를 가로막는 것은 ‘ 난간 ’이지요. 난간 란 난 간 (欄 干 : 층계나 다리 등의 가장자리를 가로막는 구조물 ) , 공란(空欄), 기입란(記入欄)"
闌,가로막을 란,柬門,門(문 문) 柬(가릴 간),ok,가로막을 란(闌),http://tonghanja.com/%ea%b0%80%eb%a1%9c%eb%a7%89%ec%9d%84-%eb%9e%80%e9%97%8c/,闌 .특급 門: 문 문 柬: 가릴 간 문(門)에서 가리려고(柬) 하는 것은? 문 에서 수상한 사람 따위를 가려 내려고 하는 것은 문을 ‘ 가로막음 ’이지요. 가로막을 란
鍊,단련할 련,柬金,金(쇠 금) 柬(가릴 간),ok,단련할 련(鍊),http://tonghanja.com/%eb%8b%a8%eb%a0%a8%ed%95%a0-%eb%a0%a8%e9%8d%8a/,"鍊 .3급Ⅱ 金: 쇠 금 柬: 가릴 간 쇠(金)에서 불순물을 가리는(柬) 것은? 쇠 에서 불순물을 가려 내는 것은 쇠를 ‘ 단련함 ’이지요. 단련할 련 단 련 ( 鍛 鍊: 쇠를 불에 달구어 두드림 *鍛·2급·단련할 단 ) , 제련(製鍊), 연금(鍊金)"
練,익힐 련,柬糸,糸(실 사) 柬(가릴 간),ok,익힐 련(練),http://tonghanja.com/%ec%9d%b5%ed%9e%90-%eb%a0%a8%e7%b7%b4/,"練 .5급Ⅱ 糸: 실 사 柬: 가릴 간 실(糸)처럼 가리는(柬) 것은? 실 처럼 계속, 잘못된 부분을 가려 내는 것은 무엇을 ‘ 익힘 ’이지요. 익힐 련 연 습 (練 習 : 되풀이하여 익힘) , 훈련(訓練), 수련(修練)"
柬,가릴 간,木网,罒(그물 망) 木(나무 목),ok,가릴 간(柬),http://tonghanja.com/%ea%b0%80%eb%a6%b4-%ea%b0%84%e6%9f%ac/,柬 .특급Ⅱ 罒: 그물 망 木: 나무 목 그물( ) 달린 나무(木)로 하는 것은? 그물 달린 나무 인 뜰채로 하는 것은 ‘ 가림 ’이지요. 가릴 간 * 가리다: 여럿 가운데서 어떤 것을 골라내다.
急,급할 급,心,인(또(손) 우) 心(마음 심),ok,급할 급(急),http://tonghanja.com/%ea%b8%89%ed%95%a0-%ea%b8%89%e6%80%a5/,"急 .6급Ⅱ : 사람 인 : 또(손) 우 心: 마음 심 사람( )을 손( )으로 잡을 때의 마음(心)은? 달아나는 사람 을 쫓아가서 손 으로 잡을 때의 마음 은 ‘ 급함 ’이지요. 급할 급 급 함 (急 함 : 우물쭈물할 겨를이 없음 ) , 긴급(緊急), 시급(時急)"
吸,마실 흡,及,及(미칠(이를) 급),ok,마실 흡(吸),http://tonghanja.com/%eb%a7%88%ec%8b%a4-%ed%9d%a1%e5%90%b8/,"吸 .4급Ⅱ ㅁ: 입 구 及: 미칠(이를) 급 입(ㅁ)으로 이르게(及) 하는 것은? 입 으로 기체나 액체를 몸 안으로 이르게 하는 것은 ‘ 마심 ’이지요. 마실 흡 흡 입 (吸 入 : 들이 마심) , 흡수(吸收), 호흡(呼吸)"
級,등급 급,及糸,糸(실 사) 及(미칠(이를) 급),ok,등급 급(級),http://tonghanja.com/%eb%93%b1%ea%b8%89-%ea%b8%89%e7%b4%9a/,"級 .6급 糸: 실 사 及: 미칠(이를) 급 실(糸)이 이르면(及) 확인하는 것은? 실 이 나에게 이르면 확인하는 것은 실의 ‘ 등급 ’이지요. 등급 급 등 급 ( 等 級: 점수나 품질 따위를 무리지어 구별한 것 ) , 계급(階級), 급수(級數)"
及,미칠 급,又,又(또(손) 우),ok,미칠 급(及),http://tonghanja.com/%eb%af%b8%ec%b9%a0-%ea%b8%89%e5%8f%8a/,"及 .3급Ⅱ : 사람 인 又: 또(손) 우 사람( )을 손(又)으로 잡는 것은? 달아나는 사람 을 손 으로 잡는 것은 달아나는 사람에게 손이 ‘ 미침 ’이지요. 미칠 급 보급(普及), 파급(波及), 언급(言及) * 미치다: 어떤 곳에 이르다."
師,스승 사,帀,帀(두를 잡),ok,스승 사(師),http://tonghanja.com/%ec%8a%a4%ec%8a%b9-%ec%82%ac%e5%b8%ab/,"師 .4급Ⅱ 𠂤: 阝(언덕 부)의 이형 帀: 두를 잡 언덕(𠂤)에서 두르는(帀) 이는? ‘ 언덕 ’ 즉 ‘진지’에서 군사들이 빙 두르는 이는, 군사들에게 무술 시범을 보이는 이인 ‘ 스승 ’이지요. 스승 사 사 범 (師 範 : 시범을 보이는 스승) , 사부(師父), 교사(敎師)"
帀,두를 잡,巾,巾(수건(천) 건),ok,두를 잡(帀),http://tonghanja.com/%eb%91%90%eb%a5%bc-%ec%9e%a1%e5%b8%80/,"帀 .무급 ￣: 모양 巾: 수건(천) 건 위(￣)에 천(巾)이 있는 것은? 아래로 떨어지지 않고, 위 에 천 이 있는 것은 천을 ‘ 두름 ’이지요. 두를 잡"
帥,장수 수,巾,巾(수건(천) 건),ok,장수 수(帥),http://tonghanja.com/%ec%9e%a5%ec%88%98-%ec%88%98%e5%b8%a5/,"帥 .3급Ⅱ 𠂤: 阝(언덕 부)의 이형 巾: 수건(천) 건 언덕(𠂤)의 천(巾)에서 지휘하는 이는? ‘ 언덕 ’ 즉 ‘진지’의 ‘ 천 ’ 즉 ‘대장기’에서 군사를 지휘하는 이는 ‘ 장수 ’이지요. 장수 수 장 수 ( 將 帥: 군사를 거느리는 우두머리 ) , 총수(總帥), 원수(元帥)"
追,쫓을 추,辵,辶(갈 착),ok,쫓을 추(追),http://tonghanja.com/%ec%ab%93%ec%9d%84-%ec%b6%94%e8%bf%bd/,"追 .3급Ⅱ 𠂤: 阝(언덕 부)의 이형 辶: 갈 착 언덕(𠂤)에서 가는(辶) 것은? 언덕 에서 가는 것은 야생 동물 따위를 ‘ 쫓음 ’이지요. 쫓을 추 추 격 (追 擊 : 뒤를 쫓아 가며 공격함 ) , 추적(追跡), 추가(追加) * ‘追’는 언덕에서 가는 것은 야생 동물 따위의 뒤를 따르는 것이라 하여 ‘따를 추’라고도 합니다. * 추가(追加): 뒤따라 더함."
屛,병풍 병,尸幷,尸(주검(집) 시) 幷(아우를 병),ok,병풍 병(屛),http://tonghanja.com/%eb%b3%91%ed%92%8d-%eb%b3%91%e5%b1%9b/,屛 .3급 尸: 주검(집) 시 幷: 아우를 병 집(尸) 안에 놓는 아우른(幷) 것은? 집 안에 펼쳐 놓는 아우른 것은 ‘ 병풍 ’이지요. 병풍 병 병 풍 (屛 風 : 주로 집 안에서 바람을 막거나 무엇을 가리려고 펼쳐 놓는 물건 )
幷,아우를 병,干,干(방패 간),ok,아우를 병(幷),http://tonghanja.com/%ec%95%84%ec%9a%b0%eb%a5%bc-%eb%b3%91%e5%b9%b7/,幷 .특급Ⅱ : 亻(사람 인)의 생략형 干: 방패 간 사람들( )이 방패들(幵)을 붙이는 것은? 사람들 이 방패들 을 옆으로 붙이는 것은 방패들을 ‘ 아우름 ’이지요. 아우를 병 * 아우르다: 여럿을 모아 하나가 되게 하다.
硏,갈 연,幵石,石(돌 석) 幵(평평할 견),ok,갈 연(硏),http://tonghanja.com/%ea%b0%88-%ec%97%b0%e7%a1%8f/,"硏 .4급Ⅱ 石: 돌 석 幵: 평평할 견 돌(石)을 평평하게(幵) 만드는 것은? 돌 을 평평하게 만드는 것은 돌을 ‘ 갊 ’이지요. 갈 연 연 마 (硏 磨 : 갊) , 연구(硏究), 연수(硏修)"
幵,평평할 견,干,干(방패 간) 干(방패 간),ok,평평할 견(幵),http://tonghanja.com/%ed%8f%89%ed%8f%89%ed%95%a0-%ea%b2%ac%e5%b9%b5/,幵 .무급 干: 방패 간 干: 방패 간 방패들(幵)을 붙이면? 방패들 을 옆으로 붙이면 모양이 ‘ 평평함 ’이지요. 평평할 견
遵,좇을 준,尊辵,尊(높을 존) 辶(갈 착),ok,좇을 준(遵),http://tonghanja.com/%ec%a2%87%ec%9d%84-%ec%a4%80%e9%81%b5/,"遵 .3급 尊: 높을 존 辶: 갈 착 높은(尊) 이를 따라가는(辶) 것은? 높은 이를 따라 가는 것은 높은 이를 낮은 이가 ‘ 좇음 ’이지요. 좇을 준 준수(遵守), 준법(遵法), 준거(遵據)"
尊,높을 존,寸酋,酋(우두머리(묵은 술) 추) 寸(마디(손) 촌),ok,높을 존(尊),http://tonghanja.com/%eb%86%92%ec%9d%84-%ec%a1%b4%e5%b0%8a/,"尊 .4급Ⅱ 酋: 우두머리(묵은 술) 추 寸: 마디(손) 촌 묵은 술(酋)을 손(寸)으로 바치는 대상은? 묵은 술 을 손 으로 바치는 대상은 계급 등이 ‘ 높음 ’이지요. 높을 존 존 귀 (尊 貴 : 높고 귀함 ) , 존경(尊敬), 존중(尊重)"
猶,오히려 유,犬酋,犭(개 견) 酋(우두머리 추),ok,오히려 유(猶),http://tonghanja.com/%ec%98%a4%ed%9e%88%eb%a0%a4-%ec%9c%a0%e7%8c%b6/,猶 .3급Ⅱ 犭: 개 견 酋: 우두머리 추 개(犭)의 우두머리(酋)는? 개 과 동물의 우두머리 는 리더십이 인간과 같거나 인간보다 ‘ 오히려 ’ 높지요. 오히려 유 과유불급(過猶不及) * ‘猶’는 ‘같다’는 뜻으로도 쓰입니다.
酋,우두머리 추,八酉,八(모양) 酉(닭(술) 유),ok,우두머리 추(酋),http://tonghanja.com/%ec%9a%b0%eb%91%90%eb%a8%b8%eb%a6%ac-%ec%b6%94%e9%85%8b/,"酋 .1급 八: 모양 酉: 닭(술) 유 향(八)이 나는 술(酉)을 바치는 대상은? ‘ 酋 ’는 향 이 나는 술 인 ‘ 묵은 술 ’을 나타낸 글자였으나, 후에 묵은 술을 바치는 대상인 ‘ 우두머리 ’를 뜻하게 되었답니다. 우두머리 추"
結,맺을 결,士糸,糸(실(줄) 사) 士(선비 사  ㅁ: 입(말) 구),ok,맺을 결(結),http://tonghanja.com/%eb%a7%ba%ec%9d%84-%ea%b2%b0%e7%b5%90/,"結 .5급Ⅱ 糸: 실(줄) 사 士: 선비 사 ㅁ: 입(말) 구 줄(糸)로 선비(士)가 말(ㅁ)을 나타내는 것은? 글자가 없던 시대에, 줄 로 선비 가 말 을 나타내는 것은 매듭을 ‘ 맺음 ’이지요. 맺을 결 결 승 (結 繩 : 줄로 매듭을 맺음 *繩·1급Ⅱ·줄 승 ) , 결속(結束), 연결(連結) * 결승문자(結繩文字): 글자가 없던 시대에, 줄로 매듭을 맺어서 뜻을 나타내던 문자. 고대 중국을 비롯하여 잉카 제국, 티베트 등지에서 사용되었음."
吉,길할 길,士,士(선비 사  ㅁ: 입(말) 구),ok,길할 길(吉),http://tonghanja.com/%ea%b8%b8%ed%95%a0-%ea%b8%b8%e5%90%89/,"吉 .5급 士: 선비 사 ㅁ: 입(말) 구 선비(士)의 말(ㅁ)을 들으면? 선비는 공부를 많이 해서 아는 게 많으므로, 선비 의 말 을 들으면 ‘ 길함 ’이지요. 길할 길 길 함 (吉 함 : 운이 좋거나 일이 상서로움 ) , 길조(吉兆), 대길(大吉)"
夢,꿈 몽,,,none,꿈 몽(夢),http://tonghanja.com/%ea%bf%88-%eb%aa%bd%e5%a4%a2/,"夢 .3급Ⅱ 艹: 모양 罒: 目(눈 목)의 이형 冖: 덮을 멱 夕: 저녁 석 눈꺼풀(艹)로 눈(罒)을 덮고(冖) 저녁(夕)에 꾸는 것은? 눈꺼풀 로 눈 을 덮고 저녁 에 꾸는 것은 ‘ 꿈 ’이지요. 꿈 몽 길몽(吉夢), 흉몽(凶夢), 악몽(惡夢)"
續,이을 속,糸賣,糸(실 사) 賣(팔 매),ok,이을 속(續),http://tonghanja.com/%ec%9d%b4%ec%9d%84-%ec%86%8d%e7%ba%8c/,"續 .4급Ⅱ 糸: 실 사 賣: 팔 매 실(糸)을 팔기(賣) 위해 하는 것은? 실 을 팔기 위해 하는 것은 길게 ‘ 이음 ’이지요. 이을 속 계 속 ( 繼 續: 이음) , 연속(連續), 지속(持續)"
讀,읽을 독,言賣,言(말씀(말) 언) 賣(팔 매),ok,읽을 독(讀),http://tonghanja.com/%ec%9d%bd%ec%9d%84-%eb%8f%85%e8%ae%80/,"讀 .6급Ⅱ 言: 말씀(말) 언 賣: 팔 매 말(言)을 팔(賣) 때처럼 하는 것은? 말 을 물건 팔 때처럼 크게 소리내어 하는 것은 ‘ 읽음 ’이지요. 읽을 독 낭 독 ( 朗 讀: 글을 소리내어 읽음) , 음독(音讀), 독서(讀書)"
賣,팔 매,士買,士(모양) 買(살 매),ok,팔 매(賣),http://tonghanja.com/%ed%8c%94-%eb%a7%a4%e8%b3%a3/,"賣 .5급 士: 모양 買: 살 매 앉아 있는 사람(士)이 사라고(買) 하는 것은? 앉아 있는 사람 인 장사꾼이 무엇을 사라고 하는 것은 ‘ 팖 ’이지요. 팔 매 판 매 ( 販 賣: 팖) , 매출(賣出), 매도(賣渡)"
買,살 매,网貝,罒(目(눈 목)의 이형) 貝(조개(재물) 패),ok,살 매(買),http://tonghanja.com/%ec%82%b4-%eb%a7%a4%e8%b2%b7/,"買 .5급 罒: 目(눈 목)의 이형 貝: 조개(재물) 패 눈(罒)으로 재물(貝)을 보고 하는 것은? 눈 으로 재물 을 보고 나서 하는 것은 ‘ 삼 ’이지요. 살 매 구 매 ( 購 買: 삼 *購·2급·살 구 ) , 매입(買入), 매수(買收)"
探,찾을 탐,手罙,扌(손 수) 罙(깊을 심),ok,찾을 탐(探),http://tonghanja.com/%ec%b0%be%ec%9d%84-%ed%83%90%e6%8e%a2/,"探 .4급 扌: 손 수 罙: 깊을 심 손(扌)을 깊게(罙) 넣는 것은? 손 을 깊게 넣는 것은 무엇을 ‘ 찾음 ’이지요. 찾을 탐 탐 색 (探 索 : 드러나지 않은 것을 찾음) , 탐지(探知), 탐사(探査)"
深,깊을 심,水罙,氵(물 수) 罙(깊을 심),ok,깊을 심(深),http://tonghanja.com/%ea%b9%8a%ec%9d%84-%ec%8b%ac%e6%b7%b1/,"深 .4급Ⅱ 氵: 물 수 罙: 깊을 심 물(氵)이 깊은(罙) 것은? 물 이 깊은 것은 ‘ 깊음 ’이지요. 깊을 심 심 화 (深 化 : 정도나 경지가 깊어 짐 ) , 심층(深 層 ), 심해(深海)"
斷,끊을 단,㡭斤,㡭(이을 계) 斤(근(도끼) 근),ok,끊을 단(斷),http://tonghanja.com/%eb%81%8a%ec%9d%84-%eb%8b%a8%e6%96%b7/,"斷 .4급Ⅱ 㡭: 이을 계 斤: 근(도끼) 근 이은(㡭) 줄을 도끼(斤)로 찍는 것은? 이은 줄을 도끼 로 찍는 것은 ‘ 끊음 ’이지요. 끊을 단 절 단 ( 切 斷: 끊음) , 분단(分斷), 중단(中斷)"
繼,이을 계,㡭糸,糸(실 사) 㡭(이을 계),ok,이을 계(繼),http://tonghanja.com/%ec%9d%b4%ec%9d%84-%ea%b3%84%e7%b9%bc/,"繼 .4급 糸: 실 사 㡭: 이을 계 실(糸)을 잇는(㡭) 것은? 실 을 잇는 것은 ‘ 이음 ’이지요. 이을 계 계 속 (繼 續 : 끊이지 않고 이어 나감 ) , 계승(繼承), 중계(中繼)"
㡭,이을 계,,,none,이을 계(㡭),http://tonghanja.com/%ec%9d%b4%ec%9d%84-%ea%b3%84%e3%a1%ad/,㡭 .무급 앉아서( ) 실들( )을 꼬는 것은? 앉아서 실들 을 꼬는 것은 실을 ‘ 이음 ’이지요. 이을 계
恩,은혜 은,因心,因(모양) 心(마음 심),ok,은혜 은(恩),http://tonghanja.com/%ec%9d%80%ed%98%9c-%ec%9d%80%e6%81%a9/,"恩 .4급Ⅱ 因: 모양 心: 마음 심 곤경(囗)에 처한 사람(大)에게 베푸는 마음(心)은? 곤경 에 처한 사람 에게 고맙게 베풀어 주는 마음 은 ‘ 은혜 ’이지요. 은혜 은 은 혜 (恩 惠 : 고맙게 베풀어 주는 신세나 혜택 ) , 은인(恩人), 보은(報恩)"
姻,혼인 인,因女,女(여자 녀) 因(모양),ok,혼인 인(姻),http://tonghanja.com/%ed%98%bc%ec%9d%b8-%ec%9d%b8%e5%a7%bb/,"姻 .3급 女: 여자 녀 因: 모양 여자(女)가 잠자리(囗)에 누운 사람(大)과 동침하는 것은? 여자 가 잠자리 에 대자로 누운 사람 인 남편과 동침하는 것은 ‘ 혼인 ’이지요. 혼인 인 혼 인 ( 婚 姻: 남녀가 부부가 되는 일 ) , 인척(姻戚), 친인척(親姻戚)"
因,인할 인,,,none,인할 인(因),http://tonghanja.com/%ec%9d%b8%ed%95%a0-%ec%9d%b8%e5%9b%a0/,"因 .5급 배경(囗)과 인물(大)은? 배경과 인물로 인하여 사건이 생기니, 배경 과 인물 은 ‘ 인함 ’이지요. 인할 인 인 함 (因 함 : 어떤 것의 원인이 됨 ) , 원인(原因), 기인(起因)"
課,매길 과,果言,言(말씀(말) 언) 果(열매 과),ok,매길 과(課),http://tonghanja.com/%eb%a7%a4%ea%b8%b8-%ea%b3%bc%e8%aa%b2/,"課 .5급Ⅱ 言: 말씀(말) 언 果: 열매 과 열매(果)에 관해 말(言)하는 것은? 열매 의 품질이나 수량에 관해 말 하는 것은 세금 등을 ‘ 매김 ’이지요. 매길 과 부 과 ( 賦 課: 세금 등을 매기어 부담하게 함 ) , 과세(課稅), 과업(課業)"
果,열매 과,木田,田(모양) 木(나무 목),ok,열매 과(果),http://tonghanja.com/%ec%97%b4%eb%a7%a4-%ea%b3%bc%e6%9e%9c/,"果 .6급Ⅱ 田: 모양 木: 나무 목 열매들(田)인데 나무(木)에서 열리는 것은? 열매들 인데 나무 에서 열리는 것은 ‘ 열매 ’이지요. 열매 과 실 과 ( 實 果: 열매 ) , 과실(果實), 결과(結果)"
眠,잘 면,民目,目(눈 목) 民(백성 민),ok,잘 면(眠),http://tonghanja.com/%ec%9e%98-%eb%a9%b4%e7%9c%a0/,"眠 .3급Ⅱ 目: 눈 목 民: 백성 민 눈(目)을 백성(民)처럼 안 보이게 하는 것은? 눈 을 백성 처럼 안 보이게 하는 것은 눈을 감고 ‘ 잠 ’이지요. 잘 면 수 면 ( 睡 眠: 잠) , 숙면(熟眠), 영면(永眠)"
民,백성 민,,,none,백성 민(民),http://tonghanja.com/%eb%b0%b1%ec%84%b1-%eb%af%bc%e6%b0%91/,"民 .8급 눈( )을 바늘( )로 찌르는 이는? ‘ 民 ’은 눈 을 바늘 (針)로 찔러 안 보이게 하는 이인 ‘ 노예 ’를 나타낸 글자였으나, 후에 피지배계층인 ‘ 백성 (百姓)’을 뜻하게 되었답니다. 백성 민 국 민 ( 國 民: 나라의 백성) , 시민(市民), 민족(民族) * 고대 중국에서는 전쟁 포로를 노예로 삼을 때 반란을 방지하기 위해 한쪽 눈을 찔러 실명시키는 관습이 있었답니다."
抵,막을 저,手氐,扌(손 수) 氐(근본(밑) 저),ok,막을 저(抵),http://tonghanja.com/%eb%a7%89%ec%9d%84-%ec%a0%80%e6%8a%b5/,"抵 .3급Ⅱ 扌: 손 수 氐: 근본(밑) 저 손(扌)의 밑(氐) 부분으로 하는 것은? 손 의 밑 부분인 손바닥으로 하는 것은 대상을 ‘ 막음 ’이지요. 막을 저 저 항 (抵 抗 : 막음) , 저당(抵當), 저촉(抵觸)"
低,낮을 저,人氐,亻(사람 인) 氐(근본(밑) 저),ok,낮을 저(低),http://tonghanja.com/%eb%82%ae%ec%9d%84-%ec%a0%80%e4%bd%8e/,"低 .4급Ⅱ 亻: 사람 인 氐: 근본(밑) 저 사람(亻)이 밑(氐)에 있는 것은? 사람 이 밑 에 있는 것은 계급 등이 ‘ 낮음 ’이지요. 낮을 저 저 급 (低 級 : 급이 낮음) , 저질(低質), 저렴(低廉)"
底,밑 저,广氐,广(집 엄) 氐(근본(밑) 저),ok,밑 저(底),http://tonghanja.com/%eb%b0%91-%ec%a0%80%e5%ba%95/,"底 .4급 广: 집 엄 氐: 근본(밑) 저 집(广)의 밑(氐)은? 집 의 밑 은 ‘ 밑 ’이지요. 밑 저 기 저 ( 基 底: 기초가 되는 밑 부분 ) , 근저(根底), 저변(底邊)"
氐,근본 저,氏,氏(성씨(뿌리)) 씨(부분을 나타내는 선),ok,근본 저(氐),http://tonghanja.com/%ea%b7%bc%eb%b3%b8-%ec%a0%80%e6%b0%90/,"氐 .특급 氏: 성씨(뿌리) 씨 : 부분을 나타내는 선 뿌리(氏) 부분( )은? ‘ 氐 ’는 초목의 뿌리 부분 인 ‘ 밑 ’을 나타낸 글자였으나, 후에 ‘ 근본 (根本)’을 뜻하게 되었답니다. 근본 저"
婚,혼인할 혼,女昏,女(여자 녀) 昏(어두울 혼),ok,혼인할 혼(婚),http://tonghanja.com/%ed%98%bc%ec%9d%b8%ed%95%a0-%ed%98%bc%e5%a9%9a/,"婚 .4급 女: 여자 녀 昏: 어두울 혼 여자(女)와 어두울(昏) 때 동침하는 것은? 여자 와 어두울 때 동침하는 것은 남녀가 ‘ 혼인함 ’이지요. 혼인할 혼 혼 인 (婚 姻 : 남녀가 부부가 되는 일 ) , 혼례(婚禮), 결혼(結婚)"
昏,어두울 혼,日氏,氏(성씨(뿌리) 씨) 日(날(해) 일),ok,어두울 혼(昏),http://tonghanja.com/%ec%96%b4%eb%91%90%ec%9a%b8-%ed%98%bc%e6%98%8f/,"昏 .3급 氏: 성씨(뿌리) 씨 日: 날(해) 일 뿌리(氏) 밑으로 해(日)가 들어가면? 뿌리 밑으로 해 가 들어가면 날이 ‘ 어두움 ’이지요. 어두울 혼 황 혼 ( 黃 昏: 해 질 무렵의 누렇고 어두운 때 또는 그 빛 ) , 혼수(昏睡), 혼미(昏迷)"
紙,종이 지,氏糸,糸(실 사) 氏(성씨(뿌리) 씨),ok,종이 지(紙),http://tonghanja.com/%ec%a2%85%ec%9d%b4-%ec%a7%80%e7%b4%99/,"紙 .7급 糸: 실 사 氏: 성씨(뿌리) 씨 실(糸)을 뿌리(氏)처럼 얽어 만드는 것은? ‘ 실 ’ 즉 ‘섬유’를 뿌리 처럼 얽어서 만드는 것은 ‘ 종이 ’이지요. 종이 지 백 지 ( 白 紙: 흰 종이) , 용지(用紙), 휴지(休紙)"
氏,성씨 씨,,,none,성씨 씨(氏),http://tonghanja.com/%ec%84%b1%ec%94%a8-%ec%94%a8%e6%b0%8f/,"氏 .4급 뿌리(氏) 같은 것은? 초목의 뿌리 같은 것은 사람의 뿌리인 ‘ 성씨 ’이지요. 성씨 씨 성 씨 ( 姓 氏: 성(姓)을 높여 이르는 말 ) , 씨족(氏族) * ‘氏’는 김씨(金氏), 이씨(李氏), 박씨(朴氏) 할 때의 ‘씨’입니다."
屬,붙일 속,蜀,급(똥물 서) 蜀(애벌레 촉),ok,붙일 속(屬),http://tonghanja.com/%eb%b6%99%ec%9d%bc-%ec%86%8d%e5%b1%ac/,"屬 .4급 : 똥물 서 蜀: 애벌레 촉 똥물( )에 애벌레(蜀)가 하는 것은? 똥물 에 구더기 따위의 애벌레 가 하는 것은 몸을 ‘ 붙임 ’이지요. 붙일 속 속 함 (屬 함 : 어떤 곳에 몸을 붙임 ) , 소속(所屬), 종속(從屬) * 몸을 붙이다: 어떤 곳에 몸을 의지하여 생활하다."
遲,더딜 지,牛辵,급(똥물 서) 牛(소 우) 辶(갈 착),ok,더딜 지(遲),http://tonghanja.com/%eb%8d%94%eb%94%9c-%ec%a7%80%e9%81%b2/,"遲 .3급 : 똥물 서 牛: 소 우 辶: 갈 착 똥물( )을 소(牛)가 싸면서 가는(辶) 것은? 똥물 을 소 가 한 번 싸고 몇 걸음 가고 , 또 한 번 싸고 몇 걸음 가고…… 하는 것은 ‘ 더딤 ’이지요. 더딜 지 지 연 (遲 延 : 더디게 끎 ) , 지체(遲滯), 지각(遲刻)"
尾,꼬리 미,尸毛,尸(주검(몸) 시) 毛(털 모),ok,꼬리 미(尾),http://tonghanja.com/%ea%bc%ac%eb%a6%ac-%eb%af%b8%e5%b0%be/,"尾 .3급Ⅱ 尸: 주검(몸) 시 毛: 털 모 몸(尸)의 엉덩이에 달린 털(毛)은? 몸 의 엉덩이에 달린 털 은 ‘ 꼬리 ’이지요. 꼬리 미 말 미 ( 末 尾: 어떤 사물의 맨 끝 꼬리 부분 ) , 후미(後尾), 미행(尾行)"
展,펼 전,,,none,펼 전(展),http://tonghanja.com/%ed%8e%bc-%ec%a0%84%e5%b1%95/,"展 .5급Ⅱ 尸: 몸 시 : (양손)의 이형 : 衣(옷 의)의 이형 몸(尸)을 굽히고 양손( )으로 접힌 옷( )에 하는 것은? 몸 을 굽히고 양손 으로 위쪽과 왼쪽이 접힌 옷 에 하는 것은 옷을 ‘ 폄 ’이지요. 펼 전 전 개 (展 開 : 펴서 엶 ) , 전시(展示), 발전(發展)"
刷,인쇄할 쇄,刀尸巾,尸(주검(몸) 시) 巾(수건(천) 건) 刂(칼 도),ok,인쇄할 쇄(刷),http://tonghanja.com/%ec%9d%b8%ec%87%84%ed%95%a0-%ec%87%84%e5%88%b7/,"刷 .3급Ⅱ 尸: 주검(몸) 시 巾: 수건(천) 건 刂: 칼 도 몸(尸)을 굽히고 천(巾)에 칼(刂)로 새긴 문양을 박는 것은? 몸 을 굽히고 천 에 칼 로 새긴 문양을 박는 것은 ‘ 인쇄함 ’이지요. 인쇄할 쇄 인 쇄 ( 印 刷: 천이나 종이 등에 문양을 박아 냄 ) , 별쇄(別刷), 쇄신(刷新)"
濁,흐릴 탁,水蜀,氵(물 수) 蜀(애벌레 촉),ok,흐릴 탁(濁),http://tonghanja.com/%ed%9d%90%eb%a6%b4-%ed%83%81%e6%bf%81/,"濁 .3급 氵: 물 수 蜀: 애벌레 촉 물(氵)인데 애벌레(蜀)가 들어 있는 것은? 물 인데 모기나 파리 따위의 애벌레 가 들어 있는 것은 ‘ 흐림 ’이지요. 흐릴 탁 탁 함 (濁 함 : 액체나 공기 등이 깨끗하지 않고 흐림) , 탁류(濁流), 혼탁(混濁)"
獨,홀로 독,犬蜀,犭(개 견) 蜀(애벌레 촉),ok,홀로 독(獨),http://tonghanja.com/%ed%99%80%eb%a1%9c-%eb%8f%85%e7%8d%a8/,"獨 .5급Ⅱ 犭: 개 견 蜀: 애벌레 촉 개(犭)가 애벌레(蜀)처럼 된 것은? 개 가, 어릴 때부터 홀로 사는 애벌레 처럼 된 것은 ‘ 홀로 ’이지요. 홀로 독 독 거 (獨 居 : 홀로 삶 ) , 독립(獨立), 고독(孤獨)"
觸,닿을 촉,蜀角,角(뿔 각) 蜀(애벌레 촉),ok,닿을 촉(觸),http://tonghanja.com/%eb%8b%bf%ec%9d%84-%ec%b4%89%e8%a7%b8/,"觸 .3급Ⅱ 角: 뿔 각 蜀: 애벌레 촉 애벌레(蜀)의 뿔(角)이 하는 것은? 애벌레 의 뿔 인 더듬이가 하는 것은 사물에 ‘ 닿음 ’이지요. 닿을 촉 접 촉 ( 接 觸: 서로 이어져 닿음) , 감촉(感觸), 촉수(觸手)"
燭,촛불 촉,火蜀,火(불 화) 蜀(애벌레 촉),ok,촛불 촉(燭),http://tonghanja.com/%ec%b4%9b%eb%b6%88-%ec%b4%89%e7%87%ad/,"燭 .3급 火: 불 화 蜀: 애벌레 촉 불(火)인데 애벌레(蜀) 같은 것은? 불 인데 애벌레 같이 꿈틀대는 것은 ‘ 촛불 ’이지요. 촛불 촉 촉 화 (燭 火 : 촛불) , 화촉(華燭), 통촉(洞燭)"
蜀,애벌레 촉,勹网虫,罒(모양) 勹(쌀 포) 虫(벌레 충),ok,애벌레 촉(蜀),http://tonghanja.com/%ec%95%a0%eb%b2%8c%eb%a0%88-%ec%b4%89%e8%9c%80/,蜀 .1급Ⅱ 罒: 모양 勹: 쌀 포 虫: 벌레 충 많은 마디(罒)에 싸인(勹) 벌레(虫)는? 많은 마디 에 싸인 벌레 는 ‘ 애벌레 ’이지요. 애벌레 촉 * ‘蜀’은 ‘나라 이름 촉’이라고도 합니다.
解,풀 해,刀牛角,角(뿔 각) 刀(칼 도) 牛(소 우),ok,풀 해(解),http://tonghanja.com/%ed%92%80-%ed%95%b4%e8%a7%a3/,"解 .4급Ⅱ 角: 뿔 각 刀: 칼 도 牛: 소 우 소(牛)의 뿔(角)을 칼(刀)로 자르는 것은? 소 의 뿔 을 칼 로 자르는 것은 뿔을 ‘ 풂 ’이지요. 풀 해 해 제 (解 除 : 풀어 없앰 ) , 해체(解體) , 분해(分解) * 풀다: 묶이거나 얽히거나 합쳐진 것을 그렇지 않은 상태로 되게 하다."
角,뿔 각,,양(肉(고기 육)의 이형),image,뿔 각(角),http://tonghanja.com/%eb%bf%94-%ea%b0%81%e8%a7%92/,"角 .6급Ⅱ : 모양 : 肉(고기 육)의 이형 뿔( )인데 살( ) 위로 솟은 것은? 뿔 인데 살 위로 솟은 것은 ‘ 뿔 ’이지요. 뿔 각 두 각 ( 頭 角: 머리에 있는 뿔) , 각도(角度), 삼각형(三角形)"
印,도장 인,,,none,도장 인(印),http://tonghanja.com/%eb%8f%84%ec%9e%a5-%ec%9d%b8%e5%8d%b0/,"印 .4급Ⅱ 손( )으로 쥐는 나무토막(卩)은? 손 으로 쥐는 길쭉한 나무토막 은 ‘ 도장 (圖章)’이지요. 도장 인 인 장 (印 章 : 도장) , 인감(印鑑), 인쇄(印刷)"
鑄,쇠 불릴 주,壽金,金(쇠 금) 壽(목숨 수),ok,쇠 불릴 주(鑄),http://tonghanja.com/%ec%87%a0-%eb%b6%88%eb%a6%b4-%ec%a3%bc%e9%91%84/,"鑄 .3급Ⅱ 金: 쇠 금 壽: 목숨 수 쇠(金)에 목숨(壽)을 불어넣는 일은? 쇠 에 새로운 목숨 을 불어넣는 일은 ‘ 쇠 불림 ’이지요. 쇠 불릴 주 주 조 (鑄 造 : 쇠 를 불려 물건을 만듦 ) , 주물(鑄物), 주괴(鑄塊) * 쇠 불리다: 형태나 성질을 바꾸려고 쇠를 불에 달구어 무르게 하다."
壽,목숨 수,,,none,목숨 수(壽),http://tonghanja.com/%eb%aa%a9%ec%88%a8-%ec%88%98%e5%a3%bd/,"壽 .3급Ⅱ 士: 모양 : 모양 工: 左의 이형 ㅁ: 右의 이형 寸: 마디 촌 사람(士)이 시간선( )상에서 존재하는 좌(工)우(口) 마디(寸)는? 사람 이 시간선 상에서 존재하는 좌우 마디 는 날 때부터 죽을 때까지의 ‘ 목숨 ’이지요. 목숨 수 수 명 (壽 命 : 목숨 을 유지하고 있는 기간 ) , 천수(天壽), 장수(長壽)"
尋,찾을 심,,,none,찾을 심(尋),http://tonghanja.com/%ec%b0%be%ec%9d%84-%ec%8b%ac%e5%b0%8b/,尋 .3급 : 모양 工: 左의 이형 ㅁ: 右의 이형 寸: 모양 손을 상( )하(寸)좌(工)우(口)로 움직이는 것은? 손 을 상하좌우 로 움직이는 것은 무엇을 ‘ 찾음 ’이지요. 찾을 심 추 심 ( 推 尋: 손을 내밀어 찾아 냄 )
隨,따를 수,辵隋,隋(수나라(떨어질) 수) 辶(갈 착),ok,따를 수(隨),http://tonghanja.com/%eb%94%b0%eb%a5%bc-%ec%88%98%e9%9a%a8/,"隨 .3급Ⅱ 隋: 수나라(떨어질) 수 辶: 갈 착 떨어져(隋) 가는(辶) 것은? 앞사람과 떨어져 가는 것은 앞사람을 ‘ 따름 ’이지요. 따를 수 수 행 (隨 行 : 따라 감 ) , 수반(隨伴), 부수적(附隨的)"
墮,떨어질 타,土隋,隋(수나라(떨어질) 수) 土(흙(땅) 토),ok,떨어질 타(墮),http://tonghanja.com/%eb%96%a8%ec%96%b4%ec%a7%88-%ed%83%80%e5%a2%ae/,墮 .3급 隋: 수나라(떨어질) 수 土: 흙(땅) 토 땅(土)으로 떨어지는(隋) 것은? 땅 으로 떨어지는 것은 ‘ 떨어짐 ’이지요. 떨어질 타 타 락 (墮 落 : 구렁텅이 따위로 떨어짐 )
隋,수나라 수,左月阝,阝(언덕 부) 左(왼 좌) 月(고기(몸) 육),ok,수나라 수(隋),http://tonghanja.com/%ec%88%98%eb%82%98%eb%9d%bc-%ec%88%98%e9%9a%8b/,"隋 .1급Ⅱ 阝: 언덕 부 左: 왼 좌 月: 고기(몸) 육 언덕(阝)에서 왼(左)쪽으로 몸(月)이 하는 것은? ‘ 隋 ’는 언덕 에서 왼 쪽으로 몸 이 하는 것인 ‘ 떨어짐 ’을 나타낸 글자였으나, 후에 수나라의 이름자로 쓰여 ‘ 수나라 ’를 뜻하게 되었답니다. 수나라 수"
佐,도울 좌,人左,亻(사람 인) 左(왼 좌),ok,도울 좌(佐),http://tonghanja.com/%eb%8f%84%ec%9a%b8-%ec%a2%8c%e4%bd%90/,"佐 .3급 亻: 사람 인 左: 왼 좌 사람(亻)이 왼(左)손처럼 하는 것은? 사람 이 왼 손처럼 하는 것은 상대를 ‘ 도움 ’이지요. 도울 좌 보 좌 ( 補 佐: 상관의 일을 도움) , 보좌관(補佐官) * 왼손은 오른손이 하는 일을 돕지요."
左,왼 좌,工,工(장인 공),ok,왼 좌(左),http://tonghanja.com/%ec%99%bc-%ec%a2%8c%e5%b7%a6/,"左 .7급Ⅱ : 또(손) 우 工: 장인 공 공구(工)를 잡을 때 쓰는 손( )은? 자 따위의 공구 를 잡을 때 쓰는 손 은 ‘ 왼 ’손이지요. 왼 좌 좌 측 (左 側 : 왼 쪽 ) , 좌파(左派), 좌회전( 左 回 轉 )"
諾,허락할 낙,若言,言(말씀(말) 언) 若(같을 약),ok,허락할 낙(諾),http://tonghanja.com/%ed%97%88%eb%9d%bd%ed%95%a0-%eb%82%99%e8%ab%be/,"諾 .3급Ⅱ 言: 말씀(말) 언 若: 같을 약 말(言)인데 같으면(若) 하는 것은? 말 인데 상대의 청이 내 뜻과 같으면 하는 것은 ‘ 허락함 ’이지요. 허락할 낙 허 락 ( 許 諾: 청을 들어주어 하게 함 ) , 수락(受諾), 승낙(承諾)"
若,같을 약,右艸,艹(풀 초) 右(오른 우),ok,같을 약(若),http://tonghanja.com/%ea%b0%99%ec%9d%84-%ec%95%bd%e8%8b%a5/,"若 .3급Ⅱ 艹: 풀 초 右: 오른 우 풀(艹)인데 오른(右)손으로 뽑는 것은? 풀 인데 오른 손으로 골라 뽑는 것은 종류가 ‘ 같음 ’이지요. 같을 약 만 약 ( 萬 若: 만일 그와 같으면 ), 약간(若干), 명약관화(明若觀火)"
右,오른 우,,,image,오른 우(右),http://tonghanja.com/%ec%98%a4%eb%a5%b8-%ec%9a%b0%e5%8f%b3/,"右 .7급Ⅱ : 또(손) 우 ㅁ: 입 구 입(ㅁ)으로 먹을 때 쓰는 손( )은? 입 으로 음식을 먹을 때 쓰는 손 은 ‘ 오른 ’손이지요. 오른 우 우 측 (右 側 : 오른 쪽 ) , 우파(右派), 우회전(右回轉)"
丈,어른 장,,,none,어른 장(丈),http://tonghanja.com/%ec%96%b4%eb%a5%b8-%ec%9e%a5%e4%b8%88/,"丈 .3급Ⅱ 손( )으로 지팡이( )를 짚는 이는? 손 으로 지팡이 를 짚는 이는 ‘ 어른 ’이지요. 어른 장 노인 장 ( 老人 丈: 늙은 사람인 어른) , 장인(丈人), 장모(丈母)"
題,제목 제,是頁,是(옳을 시) 頁(머리 혈),ok,제목 제(題),http://tonghanja.com/%ec%a0%9c%eb%aa%a9-%ec%a0%9c%e9%a1%8c/,"題 .6급Ⅱ 是: 옳을 시 頁: 머리 혈 옳게(是) 머리(頁)에 다는 것은? 옳게 정하여 머리 부분에 다는 것은 ‘ 제목 ’이지요. 제목 제 제 목 (題 目 : 저작물의 이름 ) , 화제(話題), 문제(問題)"
提,끌 제,手是,扌(손 수) 是(옳을 시),ok,끌 제(提),http://tonghanja.com/%eb%81%8c-%ec%a0%9c%e6%8f%90/,"提 .4급Ⅱ 扌: 손 수 是: 옳을 시 손(扌)으로 옳은(是) 방향으로 이동시키는 것은? 손 으로 대상을 옳은 방향으로 이동시키는 것은 ‘ 끎 ’이지요. 끌 제 제공(提供), 제시(提示), 제출(提出)"
堤,둑 제,土是,土(흙 토) 是(옳을 시),ok,둑 제(堤),http://tonghanja.com/%eb%91%91-%ec%a0%9c%e5%a0%a4/,"堤 .3급 土: 흙 토 是: 옳을 시 흙(土)인데 옳게(是) 흐르게 하는 것은? 흙 인데 강물이나 냇물 등을 옳게 흐르게 하는 것은 ‘ 둑 ’이지요. 둑 제 제 방 (堤 防 : 물이 넘쳐 들어오지 못하게 물가에 쌓은 둑) , 방조제(防潮堤), 방파제(防波堤)"
是,옳을 시,日,日(날(해)) 일(正(바를 정)의 이형),ok,옳을 시(是),http://tonghanja.com/%ec%98%b3%ec%9d%84-%ec%8b%9c%e6%98%af/,"是 .4급Ⅱ 日: 날(해) 일 : 正(바를 정)의 이형 해(日)처럼 바른( ) 것은? 해 처럼 명백하게 바른 것은 ‘ 옳음 ’이지요. 옳을 시 시 인 (是 認 : 옳다 고 인정함 ) , 시비(是非), 역시(亦是)"
焉,어찌 언,,,none,어찌 언(焉),http://tonghanja.com/%ec%96%b4%ec%b0%8c-%ec%96%b8%e7%84%89/,"焉 .3급 부리( )와 머리통( )과 머리깃( )과 날개 및 몸통 및 꼬리( )로 된 것은? ‘ 焉 ’은 부리 와 머리통 과 머리깃 과 날개 및 몸통 및 꼬리 로 된 어떤 ‘ 새 ’를 본뜬 글자였으나, 후에 이 새는 어찌 머리에 깃이 있는가 하여 ‘ 어찌 ’란 뜻으로 쓰이게 되었답니다. 어찌 언 언감생심(焉敢生心)"
症,증세 증,正疒,疒(병들어 기댈(병) 녁) 正(바를 정),ok,증세 증(症),http://tonghanja.com/%ec%a6%9d%ec%84%b8-%ec%a6%9d%e7%97%87/,"症 .3급Ⅱ 疒: 병들어 기댈(병) 녁 正: 바를 정 병(疒)을 바르게(正) 진단하게 하는 것은? 병 을 바르게 진단하게 하는 것은 병의 ‘ 증세 ’이지요. 증세 증 증 세 (症 勢 : 병에 걸렸을 때 나타나는 여러 가지 상태나 형세 ) , 증상(症狀), 통증(痛症)"
整,가지런할 정,攵束正,束(묶을 속) 攵(칠 복) 正(바를 정),ok,가지런할 정(整),http://tonghanja.com/%ea%b0%80%ec%a7%80%eb%9f%b0%ed%95%a0-%ec%a0%95%e6%95%b4/,"整 .4급 束: 묶을 속 攵: 칠 복 正: 바를 정 묶고(束) 쳐서(攵) 바르게(正) 하면? 땔감 따위의 나무를 줄로 묶고 끝을 쳐서 바르게 하면 ‘ 가지런함 ’이지요. 가지런할 정 정 리 (整 理 : 흐트러진 것을 가지런하게 다스림 ) , 정돈(整頓), 정렬(整列)"
定,정할 정,宀,宀(집) 면(正(바를 정)의 이형),ok,정할 정(定),http://tonghanja.com/%ec%a0%95%ed%95%a0-%ec%a0%95%e5%ae%9a/,"定 .6급 宀: 집 면 : 正(바를 정)의 이형 집(宀)을 바르게( ) 하는 것은? 집 을 바르게 하는 것은 물건의 자리를 ‘ 정함 ’이지요. 정할 정 정 함 (定 함 : 선택하거나 판단하여 뜻을 굳힘 ) , 선정(選定), 결정(決定)"
政,정사 정,攵正,正(바를 정) 攵(칠(때릴) 복),ok,정사 정(政),http://tonghanja.com/%ec%a0%95%ec%82%ac-%ec%a0%95%e6%94%bf/,"政 .4급Ⅱ 正: 바를 정 攵: 칠(때릴) 복 바름(正)을 구현하려고 때리는(攵) 것은? 바름 을 구현하려고 범죄자 따위를 때리는 것은 ‘ 정사 ’이지요. 정사 정 정 사 (政 事 : 정치 또는 행정상의 일 ) , 정치(政治), 행정(行政)"
征,칠 정,彳正,彳(조금 걸을(갈) 척) 正(바를 정),ok,칠 정(征),http://tonghanja.com/%ec%b9%a0-%ec%a0%95%e5%be%81/,"征 .3급Ⅱ 彳: 조금 걸을(갈) 척 正: 바를 정 가서(彳) 바름(正)을 구현하는 것은? 가서 바름 을 구현하는 것은 적을 ‘ 침 ’이지요. 칠 정 정 벌 (征 伐 : 적의 무리를 침) , 정복(征服), 원정(遠征)"
正,바를 정,止,止(그칠(발) 지),ok,바를 정(正),http://tonghanja.com/%eb%b0%94%eb%a5%bc-%ec%a0%95%e6%ad%a3/,"正 .7급Ⅱ ￣: 모양 止: 그칠(발) 지 국경(￣)을 발(止)로 건너 구현하는 것은? 국경 을 발 로 건너 적에게 구현하는 것은 ‘ 바름 ’이지요. 바를 정 정 의 (正 義 : 바르고 옳은 도리 ) , 정도(正道), 정당(正當)"
賴,의지할 뢰,刀束貝,束(묶을 속) 刀(칼 도) 貝(조개(돈) 패),ok,의지할 뢰(賴),http://tonghanja.com/%ec%9d%98%ec%a7%80%ed%95%a0-%eb%a2%b0%e8%b3%b4/,"賴 .3급Ⅱ 束: 묶을 속 刀: 칼 도 貝: 조개(돈) 패 묶어놓은(束) 칼(刀)이나 돈(貝)에 하는 것은? 몸에 묶어놓은 칼 이나 돈 에 하는 것은 ‘ 의뢰함 ’이지요. 의뢰할 뢰 의 뢰 ( 依 賴: 의지함 ) , 신뢰(信賴), 무뢰한(無賴漢)"
側,곁 측,人刀貝,亻(사람 인) 貝(조개(돈) 패) 刂(칼 도),ok,곁 측(側),http://tonghanja.com/%ea%b3%81-%ec%b8%a1%e5%81%b4/,"側 .3급Ⅱ 亻: 사람 인 貝: 조개(돈) 패 刂: 칼 도 사람(亻)이 돈(貝)이나 칼(刂)을 차는 곳은? 사람 이 돈 이나 칼 을 차는 곳은 편의성과 활동성이 뛰어난 ‘ 곁 ’이지요. 곁 측 측 면 (側 面 : 곁 에 있는 면/ 옆면 ) , 좌측(左側), 우측(右側) * 곁: 어떤 대상의 옆."
測,헤아릴 측,則水,氵(물 수) 則(법칙 칙),ok,헤아릴 측(測),http://tonghanja.com/%ed%97%a4%ec%95%84%eb%a6%b4-%ec%b8%a1%e6%b8%ac/,"測 .4급Ⅱ 氵: 물 수 則: 법칙 칙 물(氵)을 법칙(則)대로 재는 것은? 물 의 양을 정해진 법칙 대로 재는 것은 ‘ 헤아림 ’이지요. 헤아릴 측 측 정 (測 定 : 헤아려 정함 ) , 측량(測量), 계측(計測)"
則,법칙 칙,刀貝,貝(조개(재물) 패) 刂(칼 도),ok,법칙 칙(則),http://tonghanja.com/%eb%b2%95%ec%b9%99-%ec%b9%99%e5%89%87/,"則 .5급 貝: 조개(재물) 패 刂: 칼 도 재물(貝)을 칼(刂)로 나눌 때 따르는 것은? 재물 을 칼 로 나눌 때 따르는 것은 ‘ 법칙 ’이지요. 법칙 칙 법 칙 ( 法 則: 반드시 지켜야 하는 규범 ) , 규칙(規則), 원칙(原則)"
速,빠를 속,束辵,束(묶을 속) 辶(갈 착),ok,빠를 속(速),http://tonghanja.com/%eb%b9%a0%eb%a5%bc-%ec%86%8d%e9%80%9f/,"速 .6급 束: 묶을 속 辶: 갈 착 묶어서(束) 가면(辶)? 나무를 한 덩어리로 묶어서 가면 ‘ 빠름 ’이지요. 빠를 속 속 행 (速 行 : 빠르게 감 ) , 고속(高速), 쾌속(快速)"
束,묶을 속,木,木(나무 목  ㅁ: 모양),ok,묶을 속(束),http://tonghanja.com/%eb%ac%b6%ec%9d%84-%ec%86%8d%e6%9d%9f/,"束 .5급Ⅱ 木: 나무 목 ㅁ: 모양 나무(木)를 줄로 감는(ㅁ) 것은? 땔감 따위의 나무 를 줄로 감는 것은 ‘ 묶음 ’이지요. 묶을 속 결 속 ( 結 束: 한 덩어리가 되게 묶음) , 구속(拘束), 단속(團束)"
透,꿰뚫을 투,秀辵,秀(빼어날 수) 辶(갈 착),ok,꿰뚫을 투(透),http://tonghanja.com/%ea%bf%b0%eb%9a%ab%ec%9d%84-%ed%88%ac%e9%80%8f/,"透 .3급Ⅱ 秀: 빼어날 수 辶: 갈 착 빼어나게(秀) 가는(辶) 것은? 빼어나게 가는 것은 무리를 ‘ 꿰뚫음 ’이지요. 꿰뚫을 투 투 과 (透 過 : 꿰뚫고 지나감 ) , 투시(透視), 침투(浸透)"
誘,꾈 유,秀言,言(말씀(말) 언) 秀(빼어날 수),ok,꾈 유(誘),http://tonghanja.com/%ea%be%88-%ec%9c%a0%e8%aa%98/,"誘 .3급Ⅱ 言: 말씀(말) 언 秀: 빼어날 수 말(言)을 빼어나게(秀) 하는 것은? 말 을 빼어나게 하는 것은 남을 ‘ 꾐 ’이지요. 꾈 유 유 혹 (誘 惑 : 꾀어서 정신을 혼미하게 함 ) , 유도(誘導), 유인(誘引)"
秀,빼어날 수,乃禾,禾(벼 화) 乃(이에(불룩할) 내),ok,빼어날 수(秀),http://tonghanja.com/%eb%b9%bc%ec%96%b4%eb%82%a0-%ec%88%98%e7%a7%80/,"秀 .4급 禾: 벼 화 乃: 이에(불룩할) 내 벼(禾)가 불룩한(乃) 모습은? 먹을 게 없던 시절, 벼 이삭이 불룩한 모습은 다른 초목들의 모습보다 ‘ 빼어남 ’이지요. 빼어날 수 우 수 ( 優 秀: 뛰어나고 빼어남) , 준수(俊秀), 수려(秀麗)"
携,이끌 휴,手隽,扌(손 수) 隽(살찐 고기 전),ok,이끌 휴(携),http://tonghanja.com/%ec%9d%b4%eb%81%8c-%ed%9c%b4%e6%90%ba/,"携 .3급 扌: 손 수 隽: 살찐 고기 전 손(扌)으로 살찐 고기(隽)에 하는 것은? ‘ 携 ’는 손 으로 살찐 고기 에 하는 것인 ‘ 붙듦 ’을 나타낸 글자였으나, 후에 대상을 붙들어서 하는 것인 ‘ 이끎 ’을 뜻하게 되었답니다. 이끌 휴 제 휴 ( 提 携: 서로 붙들어 이끎) , 휴대(携帶)"
隽,살찐 고기 전,乃隹,隹(새 추) 乃(이에(불룩할) 내),ok,살찐 고기 전(隽),http://tonghanja.com/%ec%82%b4%ec%b0%90-%ea%b3%a0%ea%b8%b0-%ec%a0%84%e9%9a%bd/,隽 .무급 隹: 새 추 乃: 이에(불룩할) 내 새(隹)인데 불룩한(乃) 것은? 새 인데 배가 불룩한 것은 ‘ 살찐 고기 ’이지요. 살찐 고기 전
乃,이에 내,,,none,이에 내(乃),http://tonghanja.com/%ec%9d%b4%ec%97%90-%eb%82%b4%e4%b9%83/,"乃 .3급 사람( )의 배가 나온( ) 것은? ‘ 乃 ’는 사람 의 배가 나온 것인 ‘ 불룩함 ’을 나타낸 글자였으나, 후에 불룩한 배처럼 문장에 추가하는 말인 ‘ 이에 ’를 뜻하게 되었답니다. 이에 내 내지(乃至), 인내천(人乃天) * 이에: 이러하기에. 그래서."
淡,맑을 담,水炎,氵(물 수) 炎(불꽃 염),ok,맑을 담(淡),http://tonghanja.com/%eb%a7%91%ec%9d%84-%eb%8b%b4%e6%b7%a1/,"淡 .3급Ⅱ 氵: 물 수 炎: 불꽃 염 물(氵)인데 불꽃(炎)으로 끓이면 생기는 것은? 물 인데 불꽃 으로 끓이면 생기는 증류수는 ‘ 맑음 ’이지요. 맑을 담 담 수 (淡 水 : 소금기가 없는 맑은 물 ) , 담담(淡淡), 담백(淡白)"
談,말씀 담,炎言,言(말씀(말) 언) 炎(불꽃 염),ok,말씀 담(談),http://tonghanja.com/%eb%a7%90%ec%94%80-%eb%8b%b4%e8%ab%87/,"談 .5급 言: 말씀(말) 언 炎: 불꽃 염 말(言)인데 불꽃(炎) 옆에서 하는 것은? 말 인데 불꽃 옆에 모여서 하는 것은 ‘ 말씀 (말)’이지요. 말씀 담 담 화 (談 話 : 서로 주고받으며 하는 말) , 대담(對談), 회담(會談)"
炎,불꽃 염,火,火(불 화) 火(불 화),ok,불꽃 염(炎),http://tonghanja.com/%eb%b6%88%ea%bd%83-%ec%97%bc%e7%82%8e/,"炎 .3급Ⅱ 火: 불 화 火: 불 화 불(火)인데 불(火) 위에서 생기는 것은? 불 인데 불 위에서 생기는 것은 ‘ 불꽃 ’이지요. 불꽃 염 폭염(暴炎), 염증(炎症), 피부염(皮膚炎) * ‘炎’은 ‘덥다’, ‘열나다’는 뜻으로도 쓰입니다."
炭,숯 탄,厂山火,山(뫼(산) 산) 厂(모양) 火(불 화),ok,숯 탄(炭),http://tonghanja.com/%ec%88%af-%ed%83%84%e7%82%ad/,"炭 .5급 山: 뫼(산) 산 厂: 모양 火: 불 화 산(山) 아래의 가마(厂)에서 불(火)로 만드는 것은? 산 아래의 가마 에서 불 로 태워 만드는 것은 ‘ 숯 ’이지요. ☞ 여기서의 ‘厂’는 위(￣)와 한쪽 옆( )이 막힌 ‘가마’를 나타난 것입니다. 숯 탄 목 탄 ( 木 炭: 나무 숯) , 석탄(石炭), 탄소(炭素) * 옛날에는 나무를 운반하기 어려워 산 아래에 숯 가마를 지었답니다."
灰,재 회,火,급(또(손) 우) 火(불 화),ok,재 회(灰),http://tonghanja.com/%ec%9e%ac-%ed%9a%8c%e7%81%b0/,"灰 .4급 : 또(손) 우 火: 불 화 손( )으로 치우는 불(火)탄 것은? 손 으로 치우는 불 탄 물체는 ‘ 재 ’이지요. 재 회 회색(灰色), 석회(石灰)"
命,목숨 명,令,令(하여금(명령) 령  ㅁ: 입 구),ok,목숨 명(命),http://tonghanja.com/%eb%aa%a9%ec%88%a8-%eb%aa%85%e5%91%bd/,"命 .7급 令: 하여금(명령) 령 ㅁ: 입 구 입(ㅁ)에서 나온 명령(令)에 거는 것은? 윗사람의 입 에서 나온 명령 에 거는 것은 아랫사람의 ‘ 목숨 ’이지요. 목숨 명 생 명 ( 生 命: 삶을 위해 필요한 목숨) , 인명(人命), 운명(運命)"
冷,찰 랭,令冫,冫(얼음 빙) 令(하여금(명령) 령),ok,찰 랭(冷),http://tonghanja.com/%ec%b0%b0-%eb%9e%ad%e5%86%b7/,"冷 .5급 冫: 얼음 빙 令: 하여금(명령) 령 얼음(冫)같이 명령(令)은? 얼음 같이 윗사람의 명령 은 아랫사람에게 ‘ 참 ’이지요. 찰 랭 냉랭 (冷冷: 몹시 참) , 냉정(冷情), 냉엄(冷嚴)"
嶺,고개 령,山領,山(뫼(산) 산) 領(거느릴 령),ok,고개 령(嶺),http://tonghanja.com/%ea%b3%a0%ea%b0%9c-%eb%a0%b9%e5%b6%ba/,"嶺 .3급Ⅱ 山: 뫼(산) 산 領: 거느릴 령 산(山)을 거느린(領) 것은? 산 을 아래에 거느린 것은 ‘ 고개 ’이지요. 고개 령 준 령 ( 峻 嶺: 높은 고개 *峻·1급Ⅱ·높을 준 ) , 대관령(大關嶺), 한계령(寒溪嶺) * 고개: 산이나 언덕을 넘어 다니도록 길이 나 있는 비탈진 곳."
領,거느릴 령,令頁,令(하여금(명령) 령) 頁(머리 혈),ok,거느릴 령(領),http://tonghanja.com/%ea%b1%b0%eb%8a%90%eb%a6%b4-%eb%a0%b9%e9%a0%98/,"領 .5급 令: 하여금(명령) 령 頁: 머리 혈 명령(令)하는 머리(頁)가 하는 것은? ‘ 명령 하는 머리 ’인 ‘우두머리’가 하는 것은 아랫사람을 ‘ 거느림 ’이지요. 거느릴 령 수 령 ( 首 領: 한 당파나 무리 따위를 거느리는 우두머리 ) , 두령(頭領), 대통령(大統領)"
零,떨어질 령,令雨,雨(비 우) 令(하여금(명령) 령),ok,떨어질 령(零),http://tonghanja.com/%eb%96%a8%ec%96%b4%ec%a7%88-%eb%a0%b9%e9%9b%b6/,"零 .3급 雨: 비 우 令: 하여금(명령) 령 비(雨)가 명령(令)처럼 하는 것은? 비 가 명령 처럼 하는 것은 위에서 아래로 ‘ 떨어짐 ’이지요. 떨어질 령 영세(零細), 영상(零上), 영하(零下) * ‘零’은 바닥까지 떨어진 수(數)인 ‘영(0)’을 뜻하기도 합니다."
令,하여금 령,人,人(사람 인  ㅡ: 모) 양(卩(무릎 굽힐 절)의 이형),ok,하여금 령(令),http://tonghanja.com/%ed%95%98%ec%97%ac%ea%b8%88-%eb%a0%b9%e4%bb%a4/,"令 .5급 人: 사람 인 ㅡ: 모양 : 卩(무릎 굽힐 절)의 이형 위(ㅡ)에 있는 사람(人)이 아래의 무릎 굽힌( ) 사람에게 하는 것은? ‘ 令 ’은 위 에 있는 사람 이 아래의 무릎 굽힌 사람에게 하는 것인 ‘ 명령 ’을 나타낸 글자였으나, 후에 명령 은 윗사람이 아랫사람으로 하여금 무엇을 하게 하는 것이라 하여 ‘ 하여금 ’을 뜻하게 되었답니다. 하여금 령 명 령 ( 命 令: 윗사람이 아랫사람으로 하여금 무엇을 하게 함 ) , 호령(號令), 법령(法令)"
項,항목 항,工頁,工(장인 공) 頁(머리 혈),ok,항목 항(項),http://tonghanja.com/%ed%95%ad%eb%aa%a9-%ed%95%ad%e9%a0%85/,"項 .3급Ⅱ 工: 장인 공 頁: 머리 혈 공(工) 자같이 머리(頁)에서 생긴 것은? ‘ 項 ’은 공 (工) 자같이 머리 에서 생긴 부위인 ‘ 목 ’을 나타낸 글자였으나, 후에 머리 아래의 목 같은 것인 ‘ 항목 ’을 뜻하게 되었답니다. 항목 항 항 목 (項 目 : 법률이나 규정 따위의 낱낱의 조나 항 ) , 조항(條項), 사항(事項)"
紅,붉을 홍,工糸,糸(실 사) 工(장인 공),ok,붉을 홍(紅),http://tonghanja.com/%eb%b6%89%ec%9d%84-%ed%99%8d%e7%b4%85/,"紅 .4급 糸: 실 사 工: 장인 공 실(糸)을 가공(工)할 때 많이 쓰는 색은? 실 을 가공 할 때 많이 쓰는 색은 ‘ 붉음 ’이지요. 붉을 홍 홍 색 (紅 色 : 붉은 색 ) , 주홍(朱紅), 분홍(粉紅) * 고대 중국에서는 붉은색이 악귀를 쫓고 복을 가져다준다 하여 실을 가공(加工)할 때 붉은색을 많이 썼답니다."
鴻,기러기 홍,江鳥,江(강 강) 鳥(새 조),ok,기러기 홍(鴻),http://tonghanja.com/%ea%b8%b0%eb%9f%ac%ea%b8%b0-%ed%99%8d%e9%b4%bb/,"鴻 .3급 江: 강 강 鳥: 새 조 강(江)에서 사는 새(鳥)는? 강 에서 사는 새 는 ‘ 기러기 ’이지요. 기러기 홍 홍 안 (鴻 雁 : 큰 기러기 와 작은 기러기 ) , 홍안지례(鴻雁之禮)"
江,강 강,工水,氵(물 수) 工(장인 공),ok,강 강(江),http://tonghanja.com/%ea%b0%95-%ea%b0%95%e6%b1%9f/,"江 .7급Ⅱ 氵: 물 수 工: 장인 공 물(氵)인데 공(工) 자 같은 것은? 물 인데 공 (工) 자같이 넓고( ) 길게(ㅣ) 흐르는 것은 ‘ 강 ’이지요. 강 강 강 (江: 넓고 길게 흐르는 물줄기 ) , 장강(長江), 양자강(揚子江)"
憲,법 헌,心网,급(해할 해) 罒(눈 목) 心(마음 심),ok,법 헌(憲),http://tonghanja.com/%eb%b2%95-%ed%97%8c%e6%86%b2/,"憲 .4급 : 해할 해 罒: 눈 목 心: 마음 심 해하면( ) 어찌 되는지 눈(罒)으로 보고 마음(心)으로 기억하는 것은? 남을 해하면 어찌 되는지 눈 으로 보고 마음 으로 기억하는 것은 ‘ 법 (法)’이지요. 법 헌 헌 법 (憲 法 : 한 국가의 최고의 법) , 합헌(合憲), 위헌(違憲)"
割,벨 할,刀害,害(해할 해) 刂(칼 도),ok,벨 할(割),http://tonghanja.com/%eb%b2%a8-%ed%95%a0%e5%89%b2/,"割 .3급Ⅱ 害: 해할 해 刂: 칼 도 해하려고(害) 칼(刂)로 하는 것은? 해하려고 칼 로 하는 것은 대상을 ‘ 벰 ’이지요. 벨 할 분 할 ( 分 割: 나누어 쪼갬 ) , 할당(割當), 할부(割賦) * ‘割’은 ‘나누다’, ‘쪼개다’는 뜻으로도 쓰입니다."
害,해할 해,,,image,해할 해(害),http://tonghanja.com/%ed%95%b4%ed%95%a0-%ed%95%b4%e5%ae%b3/,"害 .5급Ⅱ : 해할 해 ㅁ: 입(말) 구 해하는( ) 말(ㅁ)을 하는 것은? 해하는 말 을 하는 것은 남을 ‘ 해함 ’이지요. 해할 해 해 함 (害 함 : 이롭지 않게 하거나 손상을 입힘 ) , 가해(加害), 방해(妨害)"
蹟,자취 적,責,責(꾸짖을(책임) 책),ok,자취 적(蹟),http://tonghanja.com/%ec%9e%90%ec%b7%a8-%ec%a0%81%e8%b9%9f/,"蹟 .3급Ⅱ : 발 족 責: 꾸짖을(책임) 책 발( )에 책임(責)이 있는 것은? 발이 자취를 남기므로, 발 에 책임 이 있는 것은 ‘ 자취 ’이지요. 자취 적 행 적 ( 行 蹟: 다닌 발 자취) , 유적(遺蹟), 고적(古蹟)"
積,쌓을 적,禾責,禾(벼 화) 責(꾸짖을(책임) 책),ok,쌓을 적(積),http://tonghanja.com/%ec%8c%93%ec%9d%84-%ec%a0%81%e7%a9%8d/,"積 .4급 禾: 벼 화 責: 꾸짖을(책임) 책 벼(禾)를 맡아 책임(責)지고 하는 것은? 배정된 구역의 벼 를 맡아 책임 지고 하는 것은 벼를 베어 ‘ 쌓음 ’이지요. 쌓을 적 축 적 ( 蓄 積: 쌓음) , 누적(累積), 적립(積立)"
績,길쌈 적,糸責,糸(실 사) 責(꾸짖을(책임) 책),ok,길쌈 적(績),http://tonghanja.com/%ea%b8%b8%ec%8c%88-%ec%a0%81%e7%b8%be/,"績 .4급 糸: 실 사 責: 꾸짖을(책임) 책 실(糸)을 맡아 책임(責)지고 하는 것은? 배정된 실 을 맡아 책임 지고 하는 것은 ‘ 길쌈 ’이지요. 길쌈 적 방 적 ( 紡 績: 길쌈 *紡·2급·길쌈 방 ) , 실적(實績), 업적(業績) * 길쌈: 실을 내어 옷감을 짜는 모든 일을 통틀어 이르는 말."
債,빚 채,人責,亻(사람 인) 責(꾸짖을(책임) 책),ok,빚 채(債),http://tonghanja.com/%eb%b9%9a-%ec%b1%84%e5%82%b5/,"債 .3급Ⅱ 亻: 사람 인 責: 꾸짖을(책임) 책 사람(亻)이 책임(責)지고 갚아야 하는 것은? 사람 이 책임 지고 갚아야 하는 것은 ‘ 빚 ’이지요. 빚 채 채 무 (債 務 : 빚 갚을 의무 ) , 부채(負債), 사채(私債)"
責,꾸짖을 책,主貝,主(주인 주) 貝(조개(돈) 패),ok,꾸짖을 책(責),http://tonghanja.com/%ea%be%b8%ec%a7%96%ec%9d%84-%ec%b1%85%e8%b2%ac/,"責 .5급Ⅱ 主: 주인 주 貝: 조개(돈) 패 주인(主)이 돈(貝) 갚으라고 하는 것은? 주인 이 돈 갚으라고 하는 것은 채무자를 ‘ 꾸짖음 ’이지요. 꾸짖을 책 책 망 (責 望 : 잘못에 대해 꾸짖고 원망함 ) , 책임(責任), 책무(責務) * ‘責’은 주인(主)에게 돈(貝)을 갚아야 할 임무인 ‘책임’을 뜻하기도 합니다."
毒,독 독,母,母(毋(말 무)의 이형),ok,독 독(毒),http://tonghanja.com/%eb%8f%85-%eb%8f%85%e6%af%92/,"毒 .4급Ⅱ : 모양 母: 毋(말 무)의 이형 무성한 풀( )인데 먹지 말아야(母) 하는 것은? 무성한 풀 인데 먹지 말아야 하는 것은 ‘ 독 ’이지요. ☞ 毋: 어미(母)는 꿰뚫지(ㅣ) 말라는 데서, ‘말 무’. 독 독 독 (毒: 건강에 해가 되는 성분 ) , 독초(毒草), 맹독(猛毒)"
往,갈 왕,主彳,彳(조금 걸을(걸을) 척) 主(주인(등불) 주),ok,갈 왕(往),http://tonghanja.com/%ea%b0%88-%ec%99%95%e5%be%80/,"往 .4급Ⅱ 彳: 조금 걸을(걸을) 척 主: 주인(등불) 주 등불(主) 들고 걷는(彳) 것은? 등불 들고 걷는 것은 어디를 ‘ 감 ’이지요. 갈 왕 왕 래 (往 來 : 가고 오고 함 ) , 왕복(往復), 왕진(往診)"
柱,기둥 주,主木,木(나무 목) 主(주인(등불) 주),ok,기둥 주(柱),http://tonghanja.com/%ea%b8%b0%eb%91%a5-%ec%a3%bc%e6%9f%b1/,"柱 .3급Ⅱ 木: 나무 목 主: 주인(등불) 주 나무(木)인데 등불(主)을 받치는 것은? 나무 인데 등불 을 받치는 것은 ‘ 기둥 ’이지요. 기둥 주 지 주 ( 支 柱: 지탱하는 기둥) , 원주(圓柱), 전신주(電信柱)"
注,부을 주,主水,氵(물(액체) 수) 主(주인(등불) 주),ok,부을 주(注),http://tonghanja.com/%eb%b6%80%ec%9d%84-%ec%a3%bc%e6%b3%a8/,"注 .6급Ⅱ 氵: 물(액체) 수 主: 주인(등불) 주 액체(氵)를 등불(主)에 넣는 것은? 액체 인 기름을 등불 에 넣는 것은 ‘ 부음 ’이지요. 부을 주 주 입 (注 入 : 부어 넣음 ) , 주유(注油), 주의(注意)"
住,살 주,主人,亻(사람 인) 主(주인(등불) 주),ok,살 주(住),http://tonghanja.com/%ec%82%b4-%ec%a3%bc%e4%bd%8f/,"住 .7급 亻: 사람 인 主: 주인(등불) 주 사람(亻)이 등불(主) 켜놓고 하는 것은? 사람 이 굴집 등에서 등불 켜놓고 하는 것은 ‘ 삶 ’이지요. 살 주 거 주 ( 居 住: 일정한 곳에서 삶) , 입주(入住), 주택(住宅)"
主,주인 주,,,none,주인 주(主),http://tonghanja.com/%ec%a3%bc%ec%9d%b8-%ec%a3%bc%e4%b8%bb/,"主 .7급 등불(主) 같은 이는? 등불 같이 어떤 곳의 중심이 되는 이는 ‘ 주인 ’이지요. 주인 주 주 인 (主 人 : 주가 되는 사람 ) , 주체(主體), 주역(主役)"
塔,탑 탑,合土艸,土(흙 토) 艹(풀 초) 合(합할 합),ok,탑 탑(塔),http://tonghanja.com/%ed%83%91-%ed%83%91%e5%a1%94/,"塔 .3급Ⅱ 土: 흙 토 艹: 풀 초 合: 합할 합 흙(土)을 풀(艹) 모양처럼 합한(合) 것은? 흙 을 풀 모양처럼 높이 합한 것은 ‘ 탑 ’이지요. 탑 탑 탑 (塔: 여러 층으로 높고 뾰족하게 세운 건축물 ) , 첨탑(尖塔), 석탑(石塔)"
答,대답 답,合竹,竹(대(죽간) 죽) 合(합할 합),ok,대답 답(答),http://tonghanja.com/%eb%8c%80%eb%8b%b5-%eb%8b%b5%e7%ad%94/,"答 .7급Ⅱ 竹: 대(죽간) 죽 合: 합할 합 죽간(竹)에 합하게(合) 적는 것은? 어떤 물음에 대하여, 죽간 에 적 합하게 적는 것은 ‘ 대답 ’이지요. 대답 답 대 답 ( 對 答: 물음에 대하여 답함 ) , 해답(解答), 답변(答辯)"
拾,주울 습,合手,扌(손 수) 合(합할 합),ok,주울 습(拾),http://tonghanja.com/%ec%a3%bc%ec%9a%b8-%ec%8a%b5%e6%8b%be/,"拾 .3급Ⅱ 扌: 손 수 合: 합할 합 손(扌)을 합하여(合) 하는 것은? 손 을 무엇에 합하여 하는 것은 무엇을 ‘ 주움 ’이지요. 주울 습 습 득 (拾 得 : 주워서 얻음 ) , 수습(收拾) * ‘拾’은 손을 합하면 손가락이 열 개라는 데서, ‘열 십’이라고도 합니다."
給,줄 급,合糸,糸(실 사) 合(합할 합),ok,줄 급(給),http://tonghanja.com/%ec%a4%84-%ea%b8%89%e7%b5%a6/,"給 .5급 糸: 실 사 合: 합할 합 실(糸)을 합할(合) 때 하는 것은? 실 을 합할 때 하는 것은 실을 실패에 ‘ 줌 ’이지요. 줄 급 공 급 ( 供 給: 제공하여 줌) , 보급(補給), 배급(配給)"
合,합할 합,,,none,합할 합(合),http://tonghanja.com/%ed%95%a9%ed%95%a0-%ed%95%a9%e5%90%88/,"合 .6급 뚜껑( )과 그릇(ㅁ)이 하는 것은? 뚜껑 과 그릇 이 하는 것은 ‘ 합함 ’이지요. 합할 합 합 함 (合 함 : 여럿이 한데 모임 ) , 합체(合體), 결합(結合)"
散,흩을 산,攵月艸,艹(풀 초  ㅡ: 모양) 月(고기 육) 攵(칠 복),ok,흩을 산(散),http://tonghanja.com/%ed%9d%a9%ec%9d%84-%ec%82%b0%e6%95%a3/,"散 .4급 艹: 풀 초 ㅡ: 모양 月: 고기 육 攵: 칠 복 풀(艹)을 도마(ㅡ)에 놓고 다지듯 고기(月)를 치는(攵) 것은? 풀 을 도마 에 놓고 다지듯 고기 를 치는 것은 ‘ 흩음 ’이지요. 흩을 산 분 산 ( 分 散: 갈라져 흩어짐) , 해산(解散), 산산조각(散散조각) * 흩다: 흩어지게 하다."
籍,문서 적,昔竹耒,竹(대 죽) 耒(쟁기 뢰) 昔(옛 석),ok,문서 적(籍),http://tonghanja.com/%eb%ac%b8%ec%84%9c-%ec%a0%81%e7%b1%8d/,"籍 .4급 竹: 대 죽 耒: 쟁기 뢰 昔: 옛 석 대(竹)쪽에 쟁기(耒)질하듯 옛(昔)날 일을 파놓은 것은? ‘ 대 쪽’ 즉 ‘죽간’에 쟁기 질하듯 옛 날 일을 파놓은 것은 ‘ 문서 (文書)’이지요. 문서 적 서 적 ( 書 籍: 문서) , 호적(戶籍), 국적(國籍) * 죽간에는 글씨를 붓으로 쓰거나 칼로 팠는데, 중요한 문서의 경우 글씨가 지워지거나 변형되는 것을 방지하기 위해 칼로 팠답니다."
錯,어긋날 착,昔金,金(쇠 금) 昔(옛 석),ok,어긋날 착(錯),http://tonghanja.com/%ec%96%b4%ea%b8%8b%eb%82%a0-%ec%b0%a9%e9%8c%af/,"錯 .3급Ⅱ 金: 쇠 금 昔: 옛 석 쇠(金)가 옛(昔)날 것이면? 쇠 가 옛 날에 만들어진 것이면 녹이 섞여 ‘ 어긋남 ’이지요. 어긋날 착 착오(錯誤), 착각(錯覺), 착잡(錯雜)"
借,빌릴 차,人昔,亻(사람 인) 昔(옛 석),ok,빌릴 차(借),http://tonghanja.com/%eb%b9%8c%eb%a6%b4-%ec%b0%a8%e5%80%9f/,"借 .3급Ⅱ 亻: 사람 인 昔: 옛 석 옛(昔)날부터 알던 사람(亻)에게 하는 것은? 옛 날부터 알던 사람 에게 하는 것은 무엇을 ‘ 빌림 ’이지요. 빌릴 차 차 용 (借 用 : 빌려 씀 ) , 임차(賃借), 대차(貸借)"
惜,아낄 석,心昔,忄(마음 심) 昔(옛 석),ok,아낄 석(惜),http://tonghanja.com/%ec%95%84%eb%82%84-%ec%84%9d%e6%83%9c/,"惜 .3급Ⅱ 忄: 마음 심 昔: 옛 석 마음(忄)인데 옛(昔)날을 떠올릴 때 드는 것은? 마음 인데 지나간 옛 날을 떠올릴 때 드는 것은 ‘아까움( 아낌 )’이지요. 아낄 석 애 석 ( 哀 惜: 슬프고 아까움 ) , 석별(惜別), 석패(惜敗)"
昔,옛 석,日艸,艹(풀 초  ㅡ: 모양) 日(날(해) 일),ok,옛 석(昔),http://tonghanja.com/%ec%98%9b-%ec%84%9d%e6%98%94/,"昔 .3급 艹: 풀 초 ㅡ: 모양 日: 날(해) 일 풀(艹) 밑(ㅡ)으로 사라진 해(日)는? 해가 곧 날(日)이니, 풀 밑 으로 사라진 해 는 ‘ 옛 ’날이지요. 옛 석 금석지감(今昔之感)"
似,닮을 사,人以,亻(사람 인) 以(써 이),ok,닮을 사(似),http://tonghanja.com/%eb%8b%ae%ec%9d%84-%ec%82%ac%e4%bc%bc/,"似 .3급 亻: 사람 인 以: 써 이 사람(亻)이 쓰는(以) 모습은? 사람 들이 괭이 따위의 도구를 쓰는 모습은 서로 ‘ 닮음 ’이지요. 닮을 사 유 사 ( 類 似: 서로 비슷하거나 닮음) , 근사(近似), 흡사(恰似)"
以,써 이,,,none,써 이(以),http://tonghanja.com/%ec%8d%a8-%ec%9d%b4%e4%bb%a5/,"以 .5급Ⅱ 괭이( )로 흙( )을 사람( )이 파는 것은? 괭이 로 흙 을 사람 이 파는 것은 괭이를 수단이나 도구로 ‘씀(~로 써 )’이지요. 써 이 사군이충(事君以忠), 사친이효(事親以孝), 교우이신(交友以信) * 로써: 어떤 일의 수단이나 도구를 나타내는 격 조사."
耕,밭 갈 경,井耒,耒(쟁기 뢰) 井(우물 정),ok,밭 갈 경(耕),http://tonghanja.com/%eb%b0%ad-%ea%b0%88-%ea%b2%bd%e8%80%95/,"耕 .3급Ⅱ 耒: 쟁기 뢰 井: 우물 정 쟁기(耒)질을 정(井) 자 모양의 밭에서 하는 것은? 쟁기 질을 우물 정 자 모양의 밭에서 하는 것은 ‘ 밭 갊 ’이지요. 밭 갈 경 경 작 (耕 作 : 밭 갈아 농사지음 ) , 농경(農耕), 우경(牛耕)"
耒,쟁기 뢰,,,none,쟁기 뢰(耒),http://tonghanja.com/%ec%9f%81%ea%b8%b0-%eb%a2%b0%e8%80%92/,"耒 .특급 손잡이( )와 발판( )과 봉( )과 쌍날( )로 된 것은? ‘ 耒 ’는 손잡이 와 발판 과 봉 과 쌍날 로 된 것인 ‘ 따비 ’를 본뜬 글자였으나, 후에 ‘ 쟁기 ’를 뜻하게 되었답니다. 쟁기 뢰 * 따비: 밭 가는 데 쓰는 농기구로, 쟁기가 발명되기 이전에 주로 쓰였음."
優,뛰어날 우,人憂,亻(사람 인) 憂(근심 우),ok,뛰어날 우(優),http://tonghanja.com/%eb%9b%b0%ec%96%b4%eb%82%a0-%ec%9a%b0%e5%84%aa/,"優 .4급 亻: 사람 인 憂: 근심 우 사람(亻)이 근심(憂)을 통해 이루는 것은? 사람 이 근심 을 통해 이루는 것은 ‘ 뛰어남 ’이지요. 뛰어날 우 우 수 (優 秀 : 뛰어나고 빼어남 ) , 우위(優位), 우월(優越)"
憂,근심 우,,형(표현할 ?),image,근심 우(憂),http://tonghanja.com/%ea%b7%bc%ec%8b%ac-%ec%9a%b0%e6%86%82/,"憂 .3급Ⅱ : 頁(머리 혈)의 이형 : 표현할 ? 짓눌린 머리( )로 표현하는( ) 것은? 짓눌린 머리 로 마음을 표현하는 것은 ‘ 근심 ’이지요. 근심 우 우 려 (憂 慮 : 근심 하거나 걱정함 ) , 우환(憂患), 우수(憂愁)"
慶,경사 경,,형(표현할 ?),image,경사 경(慶),http://tonghanja.com/%ea%b2%bd%ec%82%ac-%ea%b2%bd%e6%85%b6/,"慶 .4급Ⅱ : 鹿(사슴 록)의 이형 : 표현할 ? 사슴( ) 가죽으로 표현하는( ) 것은? 사슴 가죽을 보내서 마음을 표현하는 것은 ‘ 경사 ’이지요. 경사 경 경 사 (慶 事 : 축하할 만한 기쁜 일 ) , 경축(慶祝), 경하(慶賀) * 고대 중국에서는 남의 경사에 사슴 가죽을 보내는 풍습이 있었답니다."
愛,사랑 애,爫,爫(손톱(손)) 조(표현할 ?),ok,사랑 애(愛),http://tonghanja.com/%ec%82%ac%eb%9e%91-%ec%95%a0%e6%84%9b/,"愛 .6급 爫: 손톱(손) 조 : 표현할 ? 손(爫)으로 표현하는( ) 것은? 손 으로 어루만져 마음을 표현하는 것은 ‘ 사랑 ’이지요. 사랑 애 애 정 (愛 情 : 사랑 하는 마음 ) , 애인(愛人), 연애(戀愛)"
煙,연기 연,垔火,火(불 화) 垔(막을 인),ok,연기 연(煙),http://tonghanja.com/%ec%97%b0%ea%b8%b0-%ec%97%b0%e7%85%99/,"煙 .4급Ⅱ 火: 불 화 垔: 막을 인 불(火)을 막으면(垔) 생기는 것은? 불 을 막으면 생기는 것은 ‘ 연기 ’이지요. 연기 연 연 기 (煙 氣 : 물질이 탈 때 생기는 흐릿하거나 검은 기체 ) , 흡연(吸煙), 금연(禁煙) * 불완전 연소: 산소가 부족한 상태에서 물질이 타는 현상으로 다량의 연기를 수반함."
垔,막을 인,土西,西(서녘(둥지) 서) 土(흙 토),ok,막을 인(垔),http://tonghanja.com/%eb%a7%89%ec%9d%84-%ec%9d%b8%e5%9e%94/,垔 .무급 西: 서녘(둥지) 서 土: 흙 토 둥지(西)를 흙(土)으로 쌓는 것은? 둥지 를 흙 으로 쌓는 것은 주위를 ‘ 막음 ’이지요. 막을 인
西,서녘 서,,,none,서녘 서(西),http://tonghanja.com/%ec%84%9c%eb%85%98-%ec%84%9c%e8%a5%bf/,"西 .8급 둥지(西)가 있는 곳은? ‘ 西 ’는 새(兀)의 보금자리(囗)인 ‘ 둥지 ’를 본뜬 글자였으나, 후에 저문 해의 둥지가 있는 곳인 ‘ 서녘 ’을 뜻하게 되었답니다. 서녘 서 서 녘 (西 녘 : 서쪽 ) , 서방(西方), 서부(西部)"
陳,베풀 진,東阝,阝(언덕 부) 東(동녘 동),ok,베풀 진(陳),http://tonghanja.com/%eb%b2%a0%ed%92%80-%ec%a7%84%e9%99%b3/,"陳 .3급Ⅱ 阝: 언덕 부 東: 동녘 동 언덕(阝)에서 동녘(東)을 향해 하는 것은? ‘ 언덕 ’ 즉 ‘마을’에서 해 뜨는 동녘 을 향해 하는 것은 빨래 따위의 말릴 물건들을 ‘ 베풂 (벌임) ’이지요. 베풀 진 진 열 (陳 列 : 벌임 ) , 진술(陳述), 진부(陳腐)"
凍,얼 동,冫東,冫(얼음 빙) 東(동녘 동),ok,얼 동(凍),http://tonghanja.com/%ec%96%bc-%eb%8f%99%e5%87%8d/,"凍 .3급Ⅱ 冫: 얼음 빙 東: 동녘 동 얼음(冫)이 동녘(東)부터 하는 것은? 얼음 이 동녘 부터 하는 것은 ‘ 얾 ’이지요. 얼 동 동 결 (凍 結 : 얼어 붙음 ) , 냉동(冷凍), 해동(解凍) * 얼음은 주로 밤에 어는데, 해가 서녘으로 지므로 얼음은 그 반대쪽인 동녘부터 얼지요."
東,동녘 동,日木,木(나무 목) 日(날(해) 일),ok,동녘 동(東),http://tonghanja.com/%eb%8f%99%eb%85%98-%eb%8f%99%e6%9d%b1/,"東 .8급 木: 나무 목 日: 날(해) 일 나무(木) 밑에서 해(日)가 뜨는 곳은? 나무 밑에서부터 해 가 떠오르는 곳은 ‘ 동녘 ’이지요. 동녘 동 동 녘 (東 녘 : 동쪽 ) , 동방(東方), 동부(東部)"
策,꾀 책,朿竹,竹(대(죽간) 죽) 朿(가시 자),ok,꾀 책(策),http://tonghanja.com/%ea%be%80-%ec%b1%85%e7%ad%96/,"策 .3급Ⅱ 竹: 대(죽간) 죽 朿: 가시 자 죽간(竹)에 적힌 가시(朿) 같은 글귀는? 죽간 에 적힌 가시 같은 글귀는 상대의 허점을 찌르는 ‘ 꾀 ’이지요. 꾀 책 계 책 ( 計 策: 꾀) , 방책(方策), 책략(策略)"
刺,찌를 자/ 찌를 척,刀朿,朿(가시 자) 刂(칼 도),ok,찌를 자/ 찌를 척(刺),http://tonghanja.com/%ec%b0%8c%eb%a5%bc-%ec%9e%90-%ec%b0%8c%eb%a5%bc-%ec%b2%99%e5%88%ba/,"刺 .3급Ⅱ 朿: 가시 자 刂: 칼 도 가시(朿)가 칼(刂)처럼 하는 것은? 가시 가 칼 처럼 하는 것은 ‘ 찌름 ’이지요. 찌를 자 / 척 자 극 (刺 戟 : 찌름 *戟·1급·창/찌를 극 ) , 자객(刺客), 척살(刺殺)"
朿,가시 자,木,木(나무) 목(모양),ok,가시 자(朿),http://tonghanja.com/%ea%b0%80%ec%8b%9c-%ec%9e%90%e6%9c%bf/,朿 .무급 木: 나무 목 : 모양 나무(木)에 돋은 뾰족한( ) 것은? 나무 에 돋은 뾰족한 것은 ‘ 가시 ’이지요. 가시 자
態,모습 태,心能,能(능할(곰) 능) 心(마음 심),ok,모습 태(態),http://tonghanja.com/%eb%aa%a8%ec%8a%b5-%ed%83%9c%e6%85%8b/,"態 .4급Ⅱ 能: 능할(곰) 능 心: 마음 심 곰(能)에게 마음(心)대로 설정하는 것은? 곰 에게 조련사 마음 대로 설정하는 것은 곰의 ‘ 모습 ’이지요. 모습 태 형 태 ( 形 態: 모습) , 태도(態度), 태세(態勢)"
罷,마칠 파,网能,罒(그물 망) 能(능할(곰) 능),ok,마칠 파(罷),http://tonghanja.com/%eb%a7%88%ec%b9%a0-%ed%8c%8c%e7%bd%b7/,"罷 .3급 罒: 그물 망 能: 능할(곰) 능 그물(罒)에 걸린 곰(能)이 하는 것은? 그물 에 걸린 곰 이 하는 것은 삶을 ‘ 마침 ’이지요. 마칠 파 파 함 (罷 함 : 마침) , 파업(罷業), 파면(罷免)"
能,능할 능,,,none,능할 능(能),http://tonghanja.com/%eb%8a%a5%ed%95%a0-%eb%8a%a5%e8%83%bd/,"能 .5급Ⅱ 머리(厶)와 몸통(月)과 다리( )로 된 곰은? ‘ 能 ’은 머리 와 몸통 과 다리 로 된 ‘ 곰 ’을 본뜬 글자였으나, 후에 곰은 재주에 능하다 하여 ‘ 능함 ’을 뜻하게 되었답니다. 능할 능 능 함 (能 함 : 재주나 기술 따위를 잘함 ) , 능숙(能熟), 능통(能通)"
丑,소 축,,,none,소 축(丑),http://tonghanja.com/%ec%86%8c-%ec%b6%95%e4%b8%91/,丑 .3급 뿔 ( )과 귀( )와 머리통(ㅡ)은 ? 뿔 과 귀 와 머리통 으로 된 것은 ‘ 소 ’의 머리이지요. 소 축 * ‘丑’은 ‘牛(소 우)’를 옆으로 돌린 모양입니다.
群,무리 군,君羊,君(임금 군) 羊(양 양),ok,무리 군(群),http://tonghanja.com/%eb%ac%b4%eb%a6%ac-%ea%b5%b0%e7%be%a4/,"群 .4급 君: 임금 군 羊: 양 양 임금(君)을 양(羊)떼처럼 따르는 것은? 임금 을 양 떼처럼 줄줄이 따르는 것은 ‘ 무리 ’이지요. 무리 군 군 중 (群 衆 : 사람의 무리) , 군상(群像), 군집(群集)"
郡,고을 군,君阝,君(임금 군) 阝(고을 읍),ok,고을 군(郡),http://tonghanja.com/%ea%b3%a0%ec%9d%84-%ea%b5%b0%e9%83%a1/,"郡 .6급 君: 임금 군 阝: 고을 읍 임금(君)이 다스리는 고을(阝)의 단위는? 임금 이 통합하여 다스리는 고을 의 단위는 ‘군( 고을 )’ 이지요. 고을 군 군 (郡: 고을 / 읍(邑)·면(面)의 위인 행정 구역 ) , 군청(郡廳), 군민(郡民)"
君,임금 군,尹,尹(다스릴 윤  ㅁ: 입(말) 구),ok,임금 군(君),http://tonghanja.com/%ec%9e%84%ea%b8%88-%ea%b5%b0%e5%90%9b/,"君 .4급 尹: 다스릴 윤 ㅁ: 입(말) 구 다스리는(尹) 말(ㅁ)을 하는 이는? 다스리는 말 을 백성에게 하는 이는 ‘ 임금 ’이지요. 임금 군 군 왕 (君 王 : 임금) , 군주(君主), 성군(聖君)"
尹,다스릴 윤,,,none,다스릴 윤(尹),http://tonghanja.com/%eb%8b%a4%ec%8a%a4%eb%a6%b4-%ec%9c%a4%e5%b0%b9/,尹 .1급Ⅱ 손( )에 지휘봉( )을 들고 하는 것은? 손 에 지휘봉 을 들고 하는 것은 백성을 ‘ 다스림 ’이지요. 다스릴 윤
衝,부딪칠 충,行重,行(다닐(거리) 행) 重(무거울 중),ok,부딪칠 충(衝),http://tonghanja.com/%eb%b6%80%eb%94%aa%ec%b9%a0-%ec%b6%a9%e8%a1%9d/,"衝 .3급Ⅱ 行: 다닐(거리) 행 重: 무거울 중 거리(行)에서 무거운(重) 물체가 하는 것은? 거리 에서 무거운 물체가 하는 것은 다른 것과 ‘ 부딪침 ’이지요. 부딪칠 충 충 돌 (衝 突 : 서로 부딪침) , 충격(衝擊), 상충(相衝) * ‘衝’은 거리에서 무거운 물체가 다른 것을 찌른다 하여, ‘찌를 충’이라고도 합니다."
動,움직일 동,力重,重(무거울 중) 力(힘 력),ok,움직일 동(動),http://tonghanja.com/%ec%9b%80%ec%a7%81%ec%9d%bc-%eb%8f%99%e5%8b%95/,"動 .7급Ⅱ 重: 무거울 중 力: 힘 력 무거운(重) 물체에 힘(力)을 가하는 것은? 무거운 물체에 힘 을 가하는 것은 물체를 ‘ 움직임 ’이지요. 움직일 동 이 동 ( 移 動: 움직여 옮김 ) , 운동(運動), 동작(動作)"
鍾,쇠북 종,重金,金(쇠 금) 重(무거울 중),ok,쇠북 종(鍾),http://tonghanja.com/%ec%87%a0%eb%b6%81-%ec%a2%85%e9%8d%be/,"鍾 .4급 金: 쇠 금 重: 무거울 중 쇠(金)로 만든 무거운(重) 것은? 쇠 로 만든 무거운 것은 ‘ 쇠북 ’이지요. 쇠북 종 종 (鍾: 쇠북 / 그릇 모양의 금속 악기 ) , 범종(梵鐘), 종각(鐘閣) * 쇠북: ‘종’의 옛말."
種,씨 종,禾重,禾(벼(곡물) 화) 重(무거울 중),ok,씨 종(種),http://tonghanja.com/%ec%94%a8-%ec%a2%85%e7%a8%ae/,"種 .5급Ⅱ 禾: 벼(곡물) 화 重: 무거울 중 곡물(禾) 중 무거운(重) 것은? 벼나 보리 등의 곡물 중 무거운 것은 가려서 ‘ 씨 ’로 쓰지요. 씨 종 종 자 (種 子 : 씨) , 종류(種類), 품종(品種)"
重,무거울 중,人車,亻(사람 인) 車(모) 양(모양),ok,무거울 중(重),http://tonghanja.com/%eb%ac%b4%ea%b1%b0%ec%9a%b8-%ec%a4%91%e9%87%8d/,"重 .7급 亻: 사람 인 車: 모양 : 모양 사람(亻)이 짐(車)을 바닥( )에서 들면? 사람 이 짐 을 바닥 에서 들면 짐이 ‘ 무거움 ’이지요. 무거울 중 중 함 (重 함 : 무거움) , 하중(荷重), 체중(體重)"
千,일천 천,人,亻(사람 인  ㅡ: 모양),ok,일천 천(千),http://tonghanja.com/%ec%9d%bc%ec%b2%9c-%ec%b2%9c%e5%8d%83/,"千 .7급 亻: 사람 인 ㅡ: 모양 사람(亻)이 대열(ㅡ)을 이루는 수는? 사람 이 군대에서 대열 을 이루는 수는 ‘ 일천 ’이지요. 일천 천 일 천 ( 一 千: 1,000 ) , 천리행군(千里行軍), 천근만근(千斤萬斤)"
久,오랠 구,,,none,오랠 구(久),http://tonghanja.com/%ec%98%a4%eb%9e%a0-%ea%b5%ac%e4%b9%85/,"久 .3급Ⅱ 사람( )이 뜸( )을 뜨는 시간은? 사람 이 등에 뜸 을 뜨는 시간은 ‘ 오램 ’이지요. 오랠 구 유 구 ( 悠 久: 아득하게 오램) , 영구(永久), 항구(恒久)"
克,이길 극,儿古,古(옛(오랠) 고) 儿(사람 인),ok,이길 극(克),http://tonghanja.com/%ec%9d%b4%ea%b8%b8-%ea%b7%b9%e5%85%8b/,"克 .3급Ⅱ 古: 옛(오랠) 고 儿: 사람 인 오래(古) 견디는 사람(儿)이 하는 것은? 오래 견디는 사람 이 하는 것은 ‘ 이김 ’이지요. 이길 극 극 복 (克 復 : 악조건이나 고생 등을 이겨 냄 ) , 극기(克己)"
個,낱 개,人固,亻(사람 인) 固(굳을 고),ok,낱 개(個),http://tonghanja.com/%eb%82%b1-%ea%b0%9c%e5%80%8b/,"個 .4급Ⅱ 亻: 사람 인 固: 굳을 고 사람(亻)이 굳은(固) 것을 세는 단위는? 사람 이 한 덩어리로 굳은 것을 세는 단위는 ‘ 낱 ’이지요. 낱 개 개 (個: 낱 으로 된 물건을 세는 단위 ) , 개체(個體), 개수(個數)"
固,굳을 고,古囗,囗(모양) 古(옛(오랠) 고),ok,굳을 고(固),http://tonghanja.com/%ea%b5%b3%ec%9d%84-%ea%b3%a0%e5%9b%ba/,"固 .5급 囗: 모양 古: 옛(오랠) 고 틀(囗) 안에 오래(古) 두면? 진흙 등을 틀 안에 오래 두면 ‘ 굳음 ’이지요. 굳을 고 응 고 ( 凝 固: 엉기어 굳음) , 고정(固定), 고체(固體)"
居,살 거,古尸,尸(주검(집) 시) 古(옛(오랠) 고),ok,살 거(居),http://tonghanja.com/%ec%82%b4-%ea%b1%b0%e5%b1%85/,"居 .4급 尸: 주검(집) 시 古: 옛(오랠) 고 집(尸)에서 오래(古) 있는 것은? 집 에서 오래 있는 것은 집에서 ‘ 삶 ’이지요. 살 거 거 주 (居 住 : 삶) , 거처(居處), 주거(住居)"
湖,호수 호,古月水,氵(물 수) 古(옛(오랠) 고) 月(달 월),ok,호수 호(湖),http://tonghanja.com/%ed%98%b8%ec%88%98-%ed%98%b8%e6%b9%96/,"湖 .5급 氵: 물 수 古: 옛(오랠) 고 月: 달 월 물(氵)인데 오랜(古) 세월(月) 고인 것은? 물 인데 오랜 세월 고인 것은 넓고 깊게 고인 물인 ‘ 호수 ’이지요. 호수 호 호 수 (湖 水 : 못이나 늪보다 훨씬 넓고 깊게 고인 물 ) , 강호(江湖), 동정호(洞庭湖)"
胡,되 호,古月,古(옛(오랠) 고) 月(달 월),ok,되 호(胡),http://tonghanja.com/%eb%90%98-%ed%98%b8%e8%83%a1/,"胡 .3급Ⅱ 古: 옛(오랠) 고 月: 달 월 오랜(古) 세월(月) 그대로인 이는? 문명의 발전 없이 오랜 세월 그대로인 이는 ‘ 되 ’이지요. 되 호 호 인 (胡 人 : 되 인 사람 ) , 호란(胡亂), 호떡(胡떡) * 되: 예전에 , 두만강 근방에 살던 미개 민족을 이르던 말."
故,연고 고,古攵,古(옛(오랠) 고) 攵(칠(때릴) 복),ok,연고 고(故),http://tonghanja.com/%ec%97%b0%ea%b3%a0-%ea%b3%a0%e6%95%85/,"故 .4급Ⅱ 古: 옛(오랠) 고 攵: 칠(때릴) 복 오래(古) 때려서(攵) 밝히는 것은? 죄인을 오래 때려서 밝히는 것은 ‘ 연고 ’이지요. 연고 고 연 고 ( 緣 故: 일의 까닭/ 맺어진 관계/ 인연 ) , 고향(故鄕), 고인(故人) * ‘故’는 오래 때리면 죽는다는 데서 ‘죽을 고’라고도 합니다."
苦,쓸 고,古艸,艹(풀 초) 古(옛(오랠) 고),ok,쓸 고(苦),http://tonghanja.com/%ec%93%b8-%ea%b3%a0%e8%8b%a6/,"苦 .6급 艹: 풀 초 古: 옛(오랠) 고 풀(艹)이 오래(古) 살면? 풀 이 오래 살면 맛이 ‘ 씀 ’이지요. 쓸 고 고 미 (苦 味 : 쓴 맛 ) , 고통(苦痛), 고난(苦難)"
枯,마를 고,古木,木(나무 목) 古(옛(오랠) 고),ok,마를 고(枯),http://tonghanja.com/%eb%a7%88%eb%a5%bc-%ea%b3%a0%e6%9e%af/,"枯 .3급 木: 나무 목 古: 옛(오랠) 고 나무(木)가 오래(古) 살면? 나무 가 오래 살면 ‘ 마름 ’이지요. 마를 고 고 사 (枯 死 : 말라 죽음 ) , 고목(枯木), 고엽(枯葉)"
姑,시어머니 고,古女,女(여자 녀) 古(옛(오랠) 고),ok,시어머니 고(姑),http://tonghanja.com/%ec%8b%9c%ec%96%b4%eb%a8%b8%eb%8b%88-%ea%b3%a0%e5%a7%91/,"姑 .3급Ⅱ 女: 여자 녀 古: 옛(오랠) 고 여자(女)가 오래(古) 살면? 여자 가 오래 살면 ‘ 시어머니 ’가 되지요. 시어머니 고 고부(姑婦), 고종(姑從), 고모(姑母)"
古,옛 고,十,十(열(여러) 십  ㅁ: 입 구),ok,옛 고(古),http://tonghanja.com/%ec%98%9b-%ea%b3%a0%e5%8f%a4/,"古 .6급 十: 열(여러) 십 ㅁ: 입 구 여러(十) 입(ㅁ)을 통해 전해진 것은? 문자가 없던 시절에 여러 사람의 입 을 통해 전해진 것은 ‘ 옛 ’ 일이지요. 옛 고 고 사 (古 事 : 옛 일/ 오래된 일 ) , 고대(古代) , 고전(古典) * ‘古’는 ‘오랠 고’라고도 합니다."
航,배 항,亢舟,舟(배 주) 亢(높을 항),ok,배 항(航),http://tonghanja.com/%eb%b0%b0-%ed%95%ad%e8%88%aa/,"航 .4급Ⅱ 舟: 배 주 亢: 높을 항 배(舟)인데 높은(亢) 돛을 단 것은? 배 인데 높은 돛을 단 것은 ‘ 배 ’이지요. 배 항 운항(運航), 항해(航海), 항공(航空) * ‘航’은 배가 높은 돛을 달고 하는 것인 ‘운항함’을 뜻하기도 합니다."
抗,겨룰 항,亢手,扌(손 수) 亢(높을 항),ok,겨룰 항(抗),http://tonghanja.com/%ea%b2%a8%eb%a3%b0-%ed%95%ad%e6%8a%97/,"抗 .4급 扌: 손 수 亢: 높을 항 손(扌)으로 높은(亢) 곳을 때리는 것은? 손 으로 상대의 ‘ 높은 곳’ 즉 ‘머리 부위’를 때리는 것은 ‘ 겨룸 ’이지요. 겨룰 항 항 쟁 (抗 爭 : 겨루고 다툼 ) , 대항(對抗), 반항(反抗)"
亢,높을 항,,,none,높을 항(亢),http://tonghanja.com/%eb%86%92%ec%9d%84-%ed%95%ad%e4%ba%a2/,亢 .1급Ⅱ 상투( )와 머리(ㅡ)와 목(几)은? ‘ 상투 와 머리 와 목 ’ 즉 ‘머리 부위’는 ‘ 높음 ’이지요. 높을 항
兵,병사 병,斤,斤(근(도끼)) 근(廾(양손 공)의 이형),ok,병사 병(兵),http://tonghanja.com/%eb%b3%91%ec%82%ac-%eb%b3%91%e5%85%b5/,"兵 .5급Ⅱ 斤: 근(도끼) 근 : 廾(양손 공)의 이형 도끼(斤)를 양손( )으로 받든 이는? 도끼 를 양손 으로 받든 이는 ‘ 병사 ’이지요. 병사 병 병 사 (兵 士 : 부사관 아래의 군사 ) , 병정(兵丁), 졸병(卒兵)"
岳,큰 산 악,丘山,丘(언덕 구) 山(뫼 산),ok,큰 산 악(岳),http://tonghanja.com/%ed%81%b0-%ec%82%b0-%ec%95%85%e5%b2%b3/,"岳 .3급 丘: 언덕 구 山: 뫼 산 언덕(丘) 같은 봉우리가 있는 산(山)은? 언덕 같이 비탈진 봉우리가 있는 산 은 ‘ 큰 산 ’이지요. 큰 산 악 산 악 ( 山 岳: 산과 큰 산 / 높고 험준하게 솟은 산들 ) , 관악산(冠岳山), 북악산(北岳山)"
丘,언덕 구,斤,斤(근(도끼) 근  __: 모양),ok,언덕 구(丘),http://tonghanja.com/%ec%96%b8%eb%8d%95-%ea%b5%ac%e4%b8%98/,"丘 .3급Ⅱ 斤: 근(도끼) 근 __: 모양 도끼(斤)날 같은 땅(__)은? 도끼 날같이 비탈진 땅 은 ‘ 언덕 ’이지요. 언덕 구 구 릉 (丘 陵 : 언덕) , 사구(沙丘), 해구(海丘)"
訴,호소할 소,斥言,言(말씀(말) 언) 斥(물리칠 척),ok,호소할 소(訴),http://tonghanja.com/%ed%98%b8%ec%86%8c%ed%95%a0-%ec%86%8c%e8%a8%b4/,"訴 .3급Ⅱ 言: 말씀(말) 언 斥: 물리칠 척 말(言)인데 물리쳐(斥) 달라는 것은? 말 인데 나쁜 이를 물리쳐 달라는 것은 ‘ 호소함 ’이지요. 호소할 소 호 소 ( 呼 訴: 억울하거나 원통한 사정을 남에게 간곡히 알림 ) , 고소(告訴), 소송(訴訟)"
斥,물리칠 척,丶斤,斤(근(도끼) 근) 丶(모양),ok,물리칠 척(斥),http://tonghanja.com/%eb%ac%bc%eb%a6%ac%ec%b9%a0-%ec%b2%99%e6%96%a5/,"斥 .3급 斤: 근(도끼) 근 丶: 모양 도끼(斤)에 핏방울(丶)이 흐르는 것은? 도끼 에 핏방울 이 흐르는 것은 적을 ‘ 물리침 ’이지요. 물리칠 척 척 사 (斥 邪 : 간사한 것을 물리침) , 척력(斥力), 배척(排斥)"
質,바탕 질,斦貝,斦(모탕 은) 貝(조개(재물) 패),ok,바탕 질(質),http://tonghanja.com/%eb%b0%94%ed%83%95-%ec%a7%88%e8%b3%aa/,"質 .5급Ⅱ 斦: 모탕 은 貝: 조개(재물) 패 모탕(斦)처럼 재물(貝)을 밑받침하는 것은? 모탕 처럼 재물 을 밑받침하는 것은 재물의 ‘ 바탕 ’이지요. 바탕 질 질 (質: 사물을 이루는 근본 바탕) , 본질(本質), 품질(品質)"
斦,모탕 은,斤,斤(근(도끼) 근) 斤(근(도끼) 근),ok,모탕 은(斦),http://tonghanja.com/%eb%aa%a8%ed%83%95-%ec%9d%80%e6%96%a6/,斦 .무급 斤: 근(도끼) 근 斤: 근(도끼) 근 도끼들(斤斤)에 찍히는 것은? 도끼들 에 많이 찍히는 것은 ‘ 모탕 ’이지요. 모탕 은 * 모탕: 나무 팰 때 밑에 받치는 나무토막.
屢,여러 루,婁尸,尸(주검(집) 시) 婁(겹칠 루),ok,여러 루(屢),http://tonghanja.com/%ec%97%ac%eb%9f%ac-%eb%a3%a8%e5%b1%a2/,"屢 .3급 尸: 주검(집) 시 婁: 겹칠 루 집(尸)을 겹쳐서(婁) 지은 것은? 집 을 겹쳐서 지은 것은 층이 ‘ 여럿 ’이지요. 여러 루 누 차 (屢 次 : 여러 차례 ) , 누회(屢回), 누누이(屢屢이)"
樓,다락 루,婁木,木(나무 목) 婁(겹칠 루),ok,다락 루(樓),http://tonghanja.com/%eb%8b%a4%eb%9d%bd-%eb%a3%a8%e6%a8%93/,"樓 .3급Ⅱ 木: 나무 목 婁: 겹칠 루 나무(木)를 겹쳐서(婁) 지은 것은? 나무 를 바닥 위에 겹쳐서 지은 것은 ‘ 다락 ’이지요. 다락 루 누 각 (樓 閣 : 사방이 탁 트이게 높이 지은 다락 집 ) , 망루(望樓), 경회루(慶會樓)"
數,셈 수,婁攵,婁(겹칠 루) 攵(칠 복),ok,셈 수(數),http://tonghanja.com/%ec%85%88-%ec%88%98%e6%95%b8/,"數 .7급 婁: 겹칠 루 攵: 칠 복 쳐서(攵) 겹치는(婁)것은? 돈꿰미의 돈을 하나씩 여자가 쳐서 겹치는 것은 돈을 ‘ 셈 ’이지요. 셈 수 산수(算數), 수학(數學), 수치(數値)"
婁,겹칠 루,女,양(모양) 女(여자 녀),ok,겹칠 루(婁),http://tonghanja.com/%ea%b2%b9%ec%b9%a0-%eb%a3%a8%e5%a9%81/,婁 .특급Ⅱ : 모양 : 모양 女: 여자 녀 돈꿰미( )의 돈( )을 여자(女)가 옮기는 것은? 돈꿰미 의 돈 을 하나씩 여자 가 옮기는 것은 돈을 ‘ 겹침 ’이지요. 겹칠 루
妻,아내 처,女,양(또(손) 우) 女(여자 녀),ok,아내 처(妻),http://tonghanja.com/%ec%95%84%eb%82%b4-%ec%b2%98%e5%a6%bb/,"妻 .3급Ⅱ : 모양 : 또(손) 우 女: 여자 녀 빗자루( )를 손( )에 든 여자(女)는? 빗자루 를 손 에 든 여자 는 ‘ 아내 ’이지요. 아내 처 처 (妻: 아내) , 양처(良妻), 악처(惡妻)"
委,맡길 위,女禾,禾(벼(곡물) 화) 女(여자 녀),ok,맡길 위(委),http://tonghanja.com/%eb%a7%a1%ea%b8%b8-%ec%9c%84%e5%a7%94/,"委 .4급 禾: 벼(곡물) 화 女: 여자 녀 곡물(禾)을 여자(女)에게 주는 것은? 곡물 을 살림에 쓰도록 여자 에게 주는 것은 곡물을 ‘ 맡김 ’이지요. 맡길 위 위 탁 (委 託 : 맡겨 부탁함 *託·2급·부탁할 탁 ) , 위임(委任), 위원(委員)"
歸,돌아갈 귀,帚止,止(그칠(발) 지) 帚(비 추),ok,돌아갈 귀(歸),http://tonghanja.com/%eb%8f%8c%ec%95%84%ea%b0%88-%ea%b7%80%e6%ad%b8/,"歸 .4급 𠂤: 阝(언덕 부)의 이형 止: 그칠(발) 지 帚: 비 추 비(帚)로 청소하고 언덕(𠂤)으로 발(止)을 옮기는 것은? 비 로 일터를 청소하고 집이 있는 언덕 으로 발 을 옮기는 것은 ‘ 돌아감 ’이지요. 돌아갈 귀 귀 가 (歸 家 : 집으로 돌아감) , 귀환(歸還), 복귀(復歸)"
婦,아내 부,女帚,女(여자 녀) 帚(비 추),ok,아내 부(婦),http://tonghanja.com/%ec%95%84%eb%82%b4-%eb%b6%80%e5%a9%a6/,"婦 .4급Ⅱ 女: 여자 녀 帚: 비 추 여자(女)인데 비(帚)를 드는 이는? 여자 인데 비 를 들어 청소하는 이는 ‘ 아내 ’이지요. 아내 부 부 인 (婦 人 : 아내 가 된 사람 ) , 주부(主婦), 신부(新婦) * ‘婦’는 ‘며느리 부’라고도 합니다."
掃,쓸 소,帚手,扌(손 수) 帚(비 추),ok,쓸 소(掃),http://tonghanja.com/%ec%93%b8-%ec%86%8c%e6%8e%83/,"掃 .4급Ⅱ 扌: 손 수 帚: 비 추 손(扌)으로 비(帚)를 들고 하는 것은? 손 으로 비 를 들고 하는 것은 ‘ 쓺 ’이지요. 쓸 소 청 소 ( 淸 掃: 깨끗하게 쓺) , 소제(掃除), 소탕(掃蕩)"
帚,비 추,,,none,비 추(帚),http://tonghanja.com/%eb%b9%84-%ec%b6%94%e5%b8%9a/,帚 .무급 손( )으로 드는 비( )는? 손 으로 드는 비 는 ‘ 비 ’이지요. 비 추
貯,쌓을 저,宁貝,貝(조개(돈) 패) 宁(쌓을 저),ok,쌓을 저(貯),http://tonghanja.com/%ec%8c%93%ec%9d%84-%ec%a0%80%e8%b2%af/,"貯 .5급 貝: 조개(돈) 패 宁: 쌓을 저 돈(貝)을 쌓는(宁) 것은? 돈 을 쌓는 것은 ‘ 쌓음 ’이지요. 쌓을 저 저 축 (貯 蓄 : 쌓음) , 저금(貯金), 저장(貯藏)"
宁,쌓을 저,,,none,쌓을 저(宁),http://tonghanja.com/%ec%8c%93%ec%9d%84-%ec%a0%80%e5%ae%81/,宁 .무급 집(宀)을 들보(ㅡ)와 기둥(亅)을 기반으로 지어 올리는 것은? 집 을 들보 와 기둥 을 기반으로 지어 올리는 것은 ‘ 쌓음 ’이지요. 쌓을 저
停,머무를 정,亭人,亻(사람 인) 亭(정자 정),ok,머무를 정(停),http://tonghanja.com/%eb%a8%b8%eb%ac%b4%eb%a5%bc-%ec%a0%95%e5%81%9c/,"停 .5급 亻: 사람 인 亭: 정자 정 사람(亻)이 정자(亭)에서 하는 것은? 사람 이 정자 에서 하는 것은 ‘ 머무름 ’이지요. 머무를 정 정 류 (停 留 : 머무름) , 정지(停止), 정차(停車)"
亭,정자 정,,,none,정자 정(亭),http://tonghanja.com/%ec%a0%95%ec%9e%90-%ec%a0%95%e4%ba%ad/,"亭 .3급Ⅱ 지붕(亠)과 방(ㅁ)과 난간(冖)과 마루(一)와 기둥(亅)은? 지붕 과 방 과 난간 과 마루 와 기둥 으로 된 것은 ‘ 정자 ’이지요. 정자 정 정 자 (亭 子 : 자연 속에서 휴식을 취하거나 경치를 감상하기 위해 지은 건축물 ) , 정각(亭閣), 노인정(老人亭)"
秩,차례 질,失禾,禾(벼 화) 失(잃을 실),ok,차례 질(秩),http://tonghanja.com/%ec%b0%a8%eb%a1%80-%ec%a7%88%e7%a7%a9/,秩 .3급Ⅱ 禾: 벼 화 失: 잃을 실 볍(禾)씨를 잃을(失) 때 지키는 것은? 볍 씨를 ‘ 잃을 때’ 즉 ‘손으로 뿌릴 때’ 지키는 것은 ‘ 차례 (次例)’이지요. 차례 질 질 서 (秩 序 : 혼란 없이 순조롭게 이루어지게 하는 사물의 차례 )
失,잃을 실,,,none,잃을 실(失),http://tonghanja.com/%ec%9e%83%ec%9d%84-%ec%8b%a4%e5%a4%b1/,"失 .6급 손( )에서 떨어지는( ) 것은? 손 에서 무엇이 떨어지는 것은 무엇을 ‘ 잃음 ’이지요. 잃을 실 상 실 ( 喪 失: 잃음) , 손실(損失), 실수(失手)"
看,볼 간,手目,手(손 수) 目(눈 목),ok,볼 간(看),http://tonghanja.com/%eb%b3%bc-%ea%b0%84%e7%9c%8b/,"看 .4급 手: 손 수 目: 눈 목 손(手)을 눈(目) 위에 대고 하는 것은? 손 을 눈 위에 대고 하는 것은 대상을 자세히 ‘ 봄 ’이지요. 볼 간 간파(看破), 간호(看護), 간판(看板)"
滯,막힐 체,帶水,氵(물 수) 帶(띠 대),ok,막힐 체(滯),http://tonghanja.com/%eb%a7%89%ed%9e%90-%ec%b2%b4%e6%bb%af/,"滯 .3급Ⅱ 氵: 물 수 帶: 띠 대 물(氵)에 띠(帶)가 생기는 것은? 물 에 부유물이 모여 띠 가 생기는 것은 물이 ‘ 막힘 ’이지요. 막힐 체 정 체 ( 停 滯: 멈추거나 막힘) , 지체(遲滯), 체류(滯留)"
帶,띠 대,冖巾,冖(덮을 멱) 巾(수건(천) 건),ok,띠 대(帶),http://tonghanja.com/%eb%9d%a0-%eb%8c%80%e5%b8%b6/,"帶 .4급Ⅱ : 모양 冖: 덮을 멱 巾: 수건(천) 건 버클( )에 덮인(冖) 천(巾)은? 버클 에 덮인 천 은 ‘ 띠 ’이지요. 띠 대 요 대 ( 腰 帶: 허리 띠) , 혁대(革帶), 지대(地帶)"
肺,허파 폐,市月,月(고기(몸) 육) 市(저자 시),ok,허파 폐(肺),http://tonghanja.com/%ed%97%88%ed%8c%8c-%ed%8f%90%e8%82%ba/,"肺 .3급Ⅱ 月: 고기(몸) 육 市: 저자 시 몸(月)에서 저자(市) 같은 곳은? 몸 에서 돈과 물건을 바꾸는 저자 같이 들숨과 날숨을 바꾸는 곳은 ‘ 허파 ’이지요. 허파 폐 폐 (肺: 허파) , 폐렴(肺炎), 폐활량(肺活量)"
姉,윗누이 자,女市,女(여자 녀) 市(저자 시),ok,윗누이 자(姉),http://tonghanja.com/%ec%9c%97%eb%88%84%ec%9d%b4-%ec%9e%90%e5%a7%89/,"姉 .4급 女: 여자 녀 市: 저자 시 여자(女)인데 저자(市)를 좋아하는 이는? 여자 인데 저자 에서 장보기를 좋아하는 이는 ‘ 윗누이 ’이지요. 윗누이 자 자매(姉妹), 자형(姉兄)"
市,저자 시,,,none,저자 시(市),http://tonghanja.com/%ec%a0%80%ec%9e%90-%ec%8b%9c%e5%b8%82/,"市 .7급Ⅱ 현수막(市)이 있는 곳은? 상호나 품목 등이 적힌 현수막 이 있는 곳은 ‘ 저자 ’이지요. 저자 시 시 장 (市 場 : 저자 가 있는 장소 ) , 시가(市街), 도시(都市) * ‘市’는 저자가 있는 곳인 ‘도시(都市)’를 뜻하기도 합니다."
廉,청렴할 렴,兼广,广(집 엄) 兼(겸할 겸),ok,청렴할 렴(廉),http://tonghanja.com/%ec%b2%ad%eb%a0%b4%ed%95%a0-%eb%a0%b4%e5%bb%89/,"廉 .3급 广: 집 엄 兼: 겸할 겸 집(广)에 겸해야(兼) 하는 것은? 집 안 살림에 겸해야 하는 것은 ‘ 청렴함 ’이지요. 청렴할 렴 청 렴 ( 淸 廉: 성품과 행실이 높고 맑으며, 탐욕이 없음 ) , 저렴(低廉), 염가(廉價)"
嫌,싫어할 혐,兼女,女(여자 녀) 兼(겸할 겸),ok,싫어할 혐(嫌),http://tonghanja.com/%ec%8b%ab%ec%96%b4%ed%95%a0-%ed%98%90%e5%ab%8c/,"嫌 .3급 女: 여자 녀 兼: 겸할 겸 여자(女)를 겸하면(兼)? 여자 를 남자가 겸하면 여자들이 ‘ 싫어함 ’이지요. 싫어할 혐 혐 오 (嫌 惡 : 싫어하고 미워함 ) , 극혐(極嫌)"
謙,겸손할 겸,兼言,言(말씀(말) 언) 兼(겸할 겸),ok,겸손할 겸(謙),http://tonghanja.com/%ea%b2%b8%ec%86%90%ed%95%a0-%ea%b2%b8%e8%ac%99/,"謙 .3급Ⅱ 言: 말씀(말) 언 兼: 겸할 겸 말(言)에 겸해야(兼) 하는 것은? 말 에 겸해야 하는 것은 ‘ 겸손함 ’이지요. 겸손할 겸 겸 손 (謙 遜 : 남을 높이고 자기를 낮추는 태도 *遜·1급·겸손할 손 ) , 겸허(謙虛), 겸양(謙讓)"
兼,겸할 겸,,,none,겸할 겸(兼),http://tonghanja.com/%ea%b2%b8%ed%95%a0-%ea%b2%b8%e5%85%bc/,"兼 .3급Ⅱ 두 포기의 벼( )를 한 손( )으로 잡는 것은? 두 포기의 벼 를 한 손 으로 잡는 것은 ‘ 겸함 ’이지요. 겸할 겸 겸 함 (兼 함 : 둘 이상을 아울러 가짐 ) , 겸비(兼備), 겸업(兼業)"
曆,책력 력,厤日,厤(지날 력) 日(날 일),ok,책력 력(曆),http://tonghanja.com/%ec%b1%85%eb%a0%a5-%eb%a0%a5%e6%9b%86/,"曆 .3급Ⅱ 厤: 지날 력 日: 날 일 지난(厤) 날(日)을 바탕으로 만드는 것은? 지난 날 의 관측을 바탕으로 만드는 것은 ‘ 책력 ’이지요. 책력 력 책 력 ( 冊 曆: 천체를 관측하여 해와 달의 운행과 절기 따위를 적은 책 ) , 달력(달曆), 음력(陰曆)"
歷,지날 력,厤止,厤(지날 력) 止(그칠(발) 지),ok,지날 력(歷),http://tonghanja.com/%ec%a7%80%eb%82%a0-%eb%a0%a5%e6%ad%b7/,"歷 .5급Ⅱ 厤: 지날 력 止: 그칠(발) 지 발(止)로 지나는(厤) 것은? 발 로 어디를 지나는 것은 ‘ 지남 ’이지요. 지날 력 역사(歷史), 이력(履歷), 경력(經歷)"
厤,지날 력,厂禾,厂(모양) 禾(벼 화) 禾(벼 화),ok,지날 력(厤),http://tonghanja.com/%ec%a7%80%eb%82%a0-%eb%a0%a5%e5%8e%a4/,厤 .무급 厂: 모양 禾: 벼 화 禾: 벼 화 두렁(厂)에서 벼들(秝)을 살필 때 하는 것은? 두렁 에서 벼들 을 살필 때 하는 것은 벼들을 ‘ 지남 ‘이지요. 지날 력 * 두렁: 논이나 밭의 가장자리에 작게 쌓은 둑이나 언덕.
刻,새길 각,亥刀,亥(돼지(뼈) 해) 刂(칼 도),ok,새길 각(刻),http://tonghanja.com/%ec%83%88%ea%b8%b8-%ea%b0%81%e5%88%bb/,"刻 .4급 亥: 돼지(뼈) 해 刂: 칼 도 뼈(亥)에 칼(刂)로 하는 것은? 뼈 에 칼 로 하는 것은 문자나 그림을 ‘ 새김 ’이지요. 새길 각 각 골 (刻 骨 : 뼈에 새김) , 조각(彫刻), 음각(陰刻) * 갑골문자(甲骨文字): 거북의 배딱지나 짐승의 뼈에 새긴 문자."
核,씨 핵,亥木,木(나무 목) 亥(돼지(뼈) 해),ok,씨 핵(核),http://tonghanja.com/%ec%94%a8-%ed%95%b5%e6%a0%b8/,"核 .4급 木: 나무 목 亥: 돼지(뼈) 해 나무(木) 재질의 뼈(亥)는? 나무 재질의 뼈 는 과육 안에 들어 있는 ‘ 씨 ’이지요. 씨 핵 핵 (核: 씨 / 어떤 사물이나 현상의 중심 ) , 핵심(核心), 핵폭탄(核爆彈)"
該,갖출 해,亥言,言(말씀(말) 언) 亥(돼지(뼈) 해),ok,갖출 해(該),http://tonghanja.com/%ea%b0%96%ec%b6%9c-%ed%95%b4%e8%a9%b2/,"該 .3급 言: 말씀(말) 언 亥: 돼지(뼈) 해 말(言)에 뼈(亥)를 만드는 것은? 말 에 뼈 대를 만드는 것은 기승전결 등의 구조를 ‘ 갖춤 ’이지요. 갖출 해 해박(該博), 해당(該當), 당해(當該) * ‘該’는 말에 뼈대를 만들면 말의 내용이 마땅하니, ‘마땅 해’라고도 합니다."
亥,돼지 해,,,none,돼지 해(亥),http://tonghanja.com/%eb%8f%bc%ec%a7%80-%ed%95%b4%e4%ba%a5/,"亥 .3급 머리( )와 갈비( )와 앞다리( )와 뒷다리( )와 꼬리( )는? ‘ 亥 ’는 머리 와 갈비 와 앞다리 와 뒷다리 와 꼬리 로 된 것인 짐승의 ‘ 뼈 ’를 본뜬 글자였으나, 후에 십이지(十二支)에서는 ‘ 돼지 ’를 뜻하게 되었답니다. 돼지 해"
傷,다칠 상,人昜,亻(사람) 인(矢(화살 시)의 생략형) 昜(볕 양),ok,다칠 상(傷),http://tonghanja.com/%eb%8b%a4%ec%b9%a0-%ec%83%81%e5%82%b7/,"傷 .4급 亻: 사람 인 : 矢(화살 시)의 생략형 昜: 볕 양 사람(亻)이 화살촉( )에 찔려 볕(昜)처럼 열이 나는 것은? 사람 이 화살촉 에 찔려 햇 볕 처럼 열이 나는 것은 몸을 ‘ 다침 ’이지요. 다칠 상 상 함 (傷 함: 다침 ) , 상처(傷處), 부상(負傷)"
湯,끓일 탕,昜水,氵(물 수) 昜(볕 양),ok,끓일 탕(湯),http://tonghanja.com/%eb%81%93%ec%9d%bc-%ed%83%95%e6%b9%af/,"湯 .3급Ⅱ 氵: 물 수 昜: 볕 양 물(氵)에서 볕(昜)처럼 열이 나는 것은? 물 에서 햇 볕 처럼 열이 나는 것은 물을 ‘ 끓임 ’이지요. 끓일 탕 온탕(溫湯), 목욕탕(沐浴湯), 쌍화탕(雙和湯)"
暢,화창할 창,昜申,申(납(번개) 신) 昜(볕 양),ok,화창할 창(暢),http://tonghanja.com/%ed%99%94%ec%b0%bd%ed%95%a0-%ec%b0%bd%e6%9a%a2/,"暢 .3급 申: 납(번개) 신 昜: 볕 양 번개(申)처럼 볕(昜)이 내리쬐는 것은? 번개 처럼 햇 볕 이 환하게 내리쬐는 것은 날이 ‘ 화창함 ’이지요. 화창할 창 화 창 ( 和 暢: 날씨가 온화하고 맑음 ) , 유창(流暢), 창달(暢達)"
腸,창자 장,昜月,月(고기(몸) 육) 昜(볕 양),ok,창자 장(腸),http://tonghanja.com/%ec%b0%bd%ec%9e%90-%ec%9e%a5%e8%85%b8/,"腸 .4급 月: 고기(몸) 육 昜: 볕 양 몸(月)에서 볕(昜)처럼 생긴 부위는? 몸 에서 햇 볕 처럼 생긴 부위는 ‘ 창자 ’이지요. 창자 장 장 (腸: 창자) , 대장(大腸), 소장(小腸)"
場,마당 장,土昜,土(흙(땅) 토) 昜(볕 양),ok,마당 장(場),http://tonghanja.com/%eb%a7%88%eb%8b%b9-%ec%9e%a5%e5%a0%b4/,"場 .7급Ⅱ 土: 흙(땅) 토 昜: 볕 양 땅(土)인데 볕(昜)이 내리쬐는 곳은? 땅 인데 건물 따위가 없어 햇 볕 이 내리쬐는 곳은 ‘ 마당 ’이지요. 마당 장 광 장 (廣 場: 너른 마당 ), 시장(市場), 장소(場所)"
揚,날릴 양,手昜,扌(손 수) 昜(볕 양),ok,날릴 양(揚),http://tonghanja.com/%eb%82%a0%eb%a6%b4-%ec%96%91%e6%8f%9a/,"揚 .3급Ⅱ 扌: 손 수 昜: 볕 양 손(扌)을 볕(昜)처럼 올리는 것은? 손 을 하늘의 햇 볕 처럼 위로 올리는 것은 손을 ‘ 날림 ’ 이지요. 날릴 양 고 양 ( 高 揚: 높이 올림 ) , 부양(浮揚), 찬양(讚揚) * ‘揚’은 ‘올리다’는 뜻으로도 쓰입니다."
楊,버들 양,昜木,木(나무 목) 昜(볕 양),ok,버들 양(楊),http://tonghanja.com/%eb%b2%84%eb%93%a4-%ec%96%91%e6%a5%8a/,楊 .3급 木: 나무 목 昜: 볕 양 나무(木)인데 볕(昜)처럼 생긴 것은? 나무 인데 내리쬐는 햇 볕 처럼 생긴 것은 ‘ 버들 (버드나무)’이지요. 버들 양 수 양 ( 垂 楊: 버들 과의 활엽 소교목으로 가지가 가늘고 길게 늘어짐 )
陽,볕 양,昜阝,阝(언덕 부) 昜(볕 양),ok,볕 양(陽),http://tonghanja.com/%eb%b3%95-%ec%96%91%e9%99%bd/,"陽 .6급 阝: 언덕 부 昜: 볕 양 언덕(阝)에 내리쬐는 볕(昜)은? 언덕 에 내리쬐는 햇 볕 은 ‘ 볕 ’이지요. 볕 양 양 기 (陽 氣 : 햇 볕 의 따뜻한 기운 ) , 양지(陽地), 태양(太陽)"
昜,볕 양,一勿日,日(날(해) 일) 一(모양) 勿(모양),ok,볕 양(昜),http://tonghanja.com/%eb%b3%95-%ec%96%91%e6%98%9c/,昜 .특급 日: 날(해) 일 一: 모양 勿: 모양 해(日)가 지평선(一) 위에서 비추는 볕(勿)은? 해 가 지평선 위에서 비추는 볕 은 ‘ 볕 ’이지요. 볕 양
賜,줄 사,貝易,貝(조개(재물) 패) 易(바꿀 역),ok,줄 사(賜),http://tonghanja.com/%ec%a4%84-%ec%82%ac%e8%b3%9c/,"賜 .3급 貝: 조개(재물) 패 易: 바꿀 역 재물(貝)을 바꿀(易) 때 하는 것은? 재물 을 다른 것과 바꿀 때 하는 것은 재물을 ‘ 줌 ’이지요. 줄 사 선사(膳賜), 하사(下賜)"
易,쉬울 이/ 바꿀 역,勿日,日(날(해) 일) 勿(모양),ok,쉬울 이/ 바꿀 역(易),http://tonghanja.com/%ec%89%ac%ec%9a%b8-%ec%9d%b4-%eb%b0%94%ea%bf%80-%ec%97%ad%e6%98%93/,"易 .4급 日: 날(해) 일 勿: 모양 햇(日)볕(勿)이 하는 것은? 햇볕 이 하는 것은 빛 줄기를 ‘ 쉽게 ’ ‘ 바꿈 ’이지요. 쉬울 이 /바꿀 역 용 이 ( 容 易: 쉬움) , 교역(交易), 무역(貿易)"
坤,땅 곤,土申,土(흙 토) 申(납(번개) 신),ok,땅 곤(坤),http://tonghanja.com/%eb%95%85-%ea%b3%a4%e5%9d%a4/,"坤 .3급 土: 흙 토 申: 납(번개) 신 땅(土)인데 번개(申)가 떨어지는 곳은? 땅 인데 번개 가 떨어지는 곳은 ‘ 땅 ’이지요. 땅 곤 건곤(乾坤), 건곤감리(乾坤坎離), 건곤일척(乾坤一擲)"
神,귀신 신,申示,示(보일(신) 시) 申(납(번개) 신),ok,귀신 신(神),http://tonghanja.com/%ea%b7%80%ec%8b%a0-%ec%8b%a0%e7%a5%9e/,"神 .6급Ⅱ 示: 보일(신) 시 申: 납(번개) 신 신(示)인데 번개(申)같이 떨어지는 이는? 신 인데 하늘로부터 번개 같이 떨어지는 이는 ‘ 귀신 ’이지요. 귀신 신 귀 신 ( 鬼 神: 죽은 이의 넋/ 사람에게 화복(禍福)을 준다는 신령 ) , 신령(神靈), 신(神)"
伸,펼 신,人申,亻(사람 인) 申(납(번개) 신),ok,펼 신(伸),http://tonghanja.com/%ed%8e%bc-%ec%8b%a0%e4%bc%b8/,"伸 .3급 亻: 사람 인 申: 납(번개) 신 사람(亻)이 번개(申)처럼 하는 것은? 사람 이 번개 처럼 하는 것은 몸을 ‘ 폄 ’이지요. 펼 신 신 장 (伸 張 : 무엇을 펴서 넓힘 ) , 신축(伸縮), 추신(追伸)"
申,납 신,,,none,납 신(申),http://tonghanja.com/%eb%82%a9-%ec%8b%a0%e7%94%b3/,"申 .4급Ⅱ 팔( )과 몸(十)과 꼬리( )는? ‘ 申 ’은 ‘ 번개 ’를 본뜬 글자였으나, 후에 십이지(十二支)에서는 자형이 팔 과 몸 과 꼬리 로 된 납 (원숭이)의 옆모습 같다 하여 ‘ 납 ’을 뜻하게 되었답니다. 납 신 신고(申告), 신청(申請), 신신당부(申申當付) * ‘申’은 ‘고하다’는 뜻으로도 쓰입니다. 옛날 사람들은 번개를 하늘이 내리는 벌이라 여겼기에, 번개가 칠 때면 번개에 맞지 않으려고 하늘에 자기의 잘못을 고하며 용서를 구했기 때문입니다."
逝,갈 서,折辵,折(꺾을(죽을) 절) 辶(갈 착),ok,갈 서(逝),http://tonghanja.com/%ea%b0%88-%ec%84%9c%e9%80%9d/,逝 .3급 折: 꺾을(죽을) 절 辶: 갈 착 죽어서(折) 가는(辶) 것은? 죽어서 가는 것은 이 세상에서 저 세상으로 ‘ 감 ’이지요. 갈 서 서 거 (逝 去 : 죽어서 감 ) * ‘逝’는 ‘죽다’는 뜻으로도 쓰입니다.
誓,맹세할 서,折言,折(꺾을(부러질) 절) 言(말씀(말) 언),ok,맹세할 서(誓),http://tonghanja.com/%eb%a7%b9%ec%84%b8%ed%95%a0-%ec%84%9c%e8%aa%93/,"誓 .3급 折: 꺾을(부러질) 절 言: 말씀(말) 언 부러지게(折) 말(言)하는 것은? 똑 부러지게 상대에게 말 하는 것은 ‘ 맹세함 ’이지요. 맹세할 서 맹 세 ( 盟 誓: 굳게 다짐하거나 약속함 ) , 선서(宣誓), 서약(誓約) * ‘盟誓’는 ‘맹세’로도 읽고, ‘맹서’로도 읽습니다."
哲,밝을 철,折,折(꺾을(부러질) 절  ㅁ: 입(말) 구),ok,밝을 철(哲),http://tonghanja.com/%eb%b0%9d%ec%9d%84-%ec%b2%a0%e5%93%b2/,"哲 .3급Ⅱ 折: 꺾을(부러질) 절 ㅁ: 입(말) 구 부러지게(折) 말(ㅁ)하는 것은? 똑 부러지게 말 하는 것은 사리에 ‘ 밝음 ’이지요. 밝을 철 명 철 ( 明 哲: 밝음) , 철학(哲學) * 똑 부러지다: 말이나 행동을 확실하고 단호하게 하다."
折,꺾을 절,手斤,扌(손 수) 斤(근(도끼) 근),ok,꺾을 절(折),http://tonghanja.com/%ea%ba%be%ec%9d%84-%ec%a0%88%e6%8a%98/,"折 .4급 扌: 손 수 斤: 근(도끼) 근 손(扌)에 도끼(斤)를 들고 하는 것은? 손 에 도끼 를 들고 하는 것은 나무를 ‘ 꺾음 ’이지요. 꺾을 절 굴 절 ( 屈 折 : 휘어서 꺾임 ) , 골절(骨折), 요절(夭折) * ‘折’은 ‘부러지다’, ‘죽다’는 뜻으로도 쓰입니다."
革,가죽 혁,,,none,가죽 혁(革),http://tonghanja.com/%ea%b0%80%ec%a3%bd-%ed%98%81%e9%9d%a9/,"革 .4급 입( )과 머리( )와 앞다리( )와 몸통( )과 가죽( )과 뒷다리( )와 꼬리( )는? 입 과 머리 와 앞다리 와 몸통 과 가죽 과 뒷다리 와 꼬리 는 펼쳐놓은 짐승 ‘ 가죽 ’이지요. 가죽 혁 피 혁 ( 皮 革: 가죽) , 혁대(革帶), 혁신(革新)"
頗,자못 파,皮頁,皮(가죽 피) 頁(머리 혈),ok,자못 파(頗),http://tonghanja.com/%ec%9e%90%eb%aa%bb-%ed%8c%8c%e9%a0%97/,"頗 .3급 皮: 가죽 피 頁: 머리 혈 가죽(皮)이 머리(頁)에서 드러난 모양은? 얼굴 가죽 이 머리 에서 드러난 모양은 ‘ 자못 ’이지요. 자못 파 파 다 (頗 多 : 자못 많음 ) , 편파(偏頗) * 자못: 생각보다 매우. 퍽. 꽤."
破,깨뜨릴 파,皮石,石(돌 석) 皮(가죽 피),ok,깨뜨릴 파(破),http://tonghanja.com/%ea%b9%a8%eb%9c%a8%eb%a6%b4-%ed%8c%8c%e7%a0%b4/,"破 .4급Ⅱ 石: 돌 석 皮: 가죽 피 돌(石)의 가죽(皮)을 벗기는 것은? 돌 의 가죽 을 벗기는 것은 돌을 ‘ 깨뜨림 ’이지요. 깨뜨릴 파 파 괴 (破 壞 : 깨뜨려 헒 ) , 타파(打破), 격파(擊破)"
波,물결 파,水皮,氵(물 수) 皮(가죽 피),ok,물결 파(波),http://tonghanja.com/%eb%ac%bc%ea%b2%b0-%ed%8c%8c%e6%b3%a2/,"波 .4급Ⅱ 氵: 물 수 皮: 가죽 피 물(氵)의 가죽(皮)에 생기는 것은? 물 의 ‘ 가죽 ’ 즉 ‘표면’에 생기는 것은 ‘ 물결 ’이지요. 물결 파 파 도 (波 濤 : 물결 *濤·1급·물결 도 ) , 파랑(波浪) , 파문(波紋)"
疲,피곤할 피,疒皮,疒(병들어 기댈(병) 녁) 皮(가죽 피),ok,피곤할 피(疲),http://tonghanja.com/%ed%94%bc%ea%b3%a4%ed%95%a0-%ed%94%bc%e7%96%b2/,"疲 .4급 疒: 병들어 기댈(병) 녁 皮: 가죽 피 병(疒)이 가죽(皮)에 나는 것은? 병 이 가죽 에 나는 것은 몸이 ‘ 피곤함 ’이지요. 피곤할 피 피 곤 (疲 困 : 몸이 지쳐 곤함 ) , 피로(疲勞), 피폐(疲弊) * 피곤할 때 피부에 병이 나는 이유: 1. 면역력이 떨어져 피부 질환을 유발하는 세균이나 바이러스에 감염될 위험이 높음. 2. 피부가 건조하고 민감해져서 피부염이 발생하기 쉬움."
被,입을 피,皮衣,衤(옷 의) 皮(가죽 피),ok,입을 피(被),http://tonghanja.com/%ec%9e%85%ec%9d%84-%ed%94%bc%e8%a2%ab/,"被 .3급Ⅱ 衤: 옷 의 皮: 가죽 피 옷(衤)을 가죽(皮) 위에 걸치는 것은? 옷 을 살 가죽 위에 걸치는 것은 옷을 ‘ 입음 ’이지요. 입을 피 피복(被服), 피동(被動), 피해(被害) * 입다: 1. 옷을 몸에 꿰거나 두르다. 2. 받거나 당하다."
彼,저 피,彳皮,彳(조금 걸을 척) 皮(가죽 피),ok,저 피(彼),http://tonghanja.com/%ec%a0%80-%ed%94%bc%e5%bd%bc/,"彼 .3급Ⅱ 彳: 조금 걸을 척 皮: 가죽 피 조금 걸어야(彳) 하며 가죽(皮)처럼 떨어진 곳은? 조금 걸어야 하는 곳이며, 몸에서 분리된 가죽 처럼 이곳에서 떨어진 곳은 ‘ 저 ’곳이지요. 저 피 피 처 (彼 處 : ‘ 저 곳 ’ 을 문어적으로 이르는 말 ) , 피차(彼此), 피아(彼我)"
皮,가죽 피,,,none,가죽 피(皮),http://tonghanja.com/%ea%b0%80%ec%a3%bd-%ed%94%bc%e7%9a%ae/,"皮 .3급Ⅱ 몸( )의 껍질( )인데 손칼( )로 벗기는 것은? 몸 의 껍질 인데 손칼 로 벗기는 것은 ‘ 가죽 ’이지요. 가죽 피 피 혁 (皮 革 : 가죽) , 외피(外皮), 모피(毛皮)"
媒,중매 매,女某,女(여자 녀) 某(아무 모),ok,중매 매(媒),http://tonghanja.com/%ec%a4%91%eb%a7%a4-%eb%a7%a4%e5%aa%92/,"媒 .3급Ⅱ 女: 여자 녀 某: 아무 모 여자(女)를 아무(某)개와 만나게 하는 것은? 여자 를 아무 개와 만나게 하는 것은 ‘ 중매 ’이지요. 중매 매 중 매 ( 仲 媒: 혼인할 만한 남녀를 소개시키는 일 ) , 매개(媒介), 매체(媒體)"
謀,꾀 모,某言,言(말씀(말) 언) 某(아무 모),ok,꾀 모(謀),http://tonghanja.com/%ea%be%80-%eb%aa%a8%e8%ac%80/,"謀 .3급Ⅱ 言: 말씀(말) 언 某: 아무 모 말(言)인데 아무(某)도 모르게 하는 것은? 말 인데 아무 도 모르게 하는 것은 ‘ 꾀 ’이지요. 꾀 모 모 략 (謀 略 : 꾀 / 계책이나 책략 ) , 모의(謀議), 도모(圖謀)"
某,아무 모,木甘,甘(달 감) 木(나무 목),ok,아무 모(某),http://tonghanja.com/%ec%95%84%eb%ac%b4-%eb%aa%a8%e6%9f%90/,"某 .3급 甘: 달 감 木: 나무 목 달콤한(甘) 나무(木) 열매를 좋아하는 이는? 달콤한 나무 열매를 좋아하는 이는 ‘ 아무 ’나이지요. 아무 모 모 (某: 아무) , 모모(某某), 모종(某種) * 달콤한 나무 열매는 김 모 씨도, 이 모 군도, 박 모 양도 좋아하지요."
甚,심할 심,匹甘,甘(달 감) 匹(짝 필),ok,심할 심(甚),http://tonghanja.com/%ec%8b%ac%ed%95%a0-%ec%8b%ac%e7%94%9a/,"甚 .3급Ⅱ 甘: 달 감 匹: 짝 필 달콤하게(甘) 짝(匹)과 사랑을 나누는 모습은? 달콤하게 짝 과 사랑을 나누는 모습은 수위가 ‘ 심함 ’이지요. 심할 심 심 함 (甚 함 : 정도가 지나침 ) , 극심(極甚), 막심(莫甚)"
甘,달 감,,,none,달 감(甘),http://tonghanja.com/%eb%8b%ac-%ea%b0%90%e7%94%98/,"甘 .4급 입(廿)에 음식( – )을 넣으면? 입 에 음식 을 넣으면 느껴지는 것은 ‘ 닮 ’이지요. 달 감 감 미 (甘 味 : 단 맛 ) , 감수(甘受), 고진감래(苦盡甘來) * ‘甘’은 ‘曰’과 혼동되지 않도록 입(口)의 모양을 원래대로 나타낸 글자입니다."
匹,짝 필,儿匚,匚(모양) 儿(사람 인),ok,짝 필(匹),http://tonghanja.com/%ec%a7%9d-%ed%95%84%e5%8c%b9/,"匹 .3급 匚: 모양 儿: 사람 인 감싸는(匚) 사람(儿)은? 두 팔로 감싸는 사람 은 ‘ 짝 ’이지요. 짝 필 배 필 ( 配 匹: 부부로서의 짝) , 필적(匹敵), 필부필부 (匹夫匹婦)"
界,지경 계,介田,田(밭 전) 介(낄 개),ok,지경 계(界),http://tonghanja.com/%ec%a7%80%ea%b2%bd-%ea%b3%84%e7%95%8c/,"界 .6급Ⅱ 田: 밭 전 介: 낄 개 밭(田)에 끼어(介) 있는 것은? 밭 (囗) 사이에 끼어 (十) 있는 것은 ‘ 지경 (地境)’이지요. 지경 계 경 계 ( 境 界: 지경) , 한계(限界), 세계(世界) * 지경(地境): 땅의 가장자리."
介,낄 개,人,人(사람) 인(모양),ok,낄 개(介),http://tonghanja.com/%eb%82%84-%ea%b0%9c%e4%bb%8b/,"介 .3급Ⅱ 人: 사람 인 : 모양 사람(人)이 사이( )에 들어 있는 것은? 사람 이 두 곳 사이 에 들어 있는 것은 ‘ 낌 ’이지요. 낄 개 개 입 (介 入 : 끼어 듦 ) , 중개(仲介), 매개(媒介)"
絶,끊을 절,糸色,糸(실(줄) 사) 色(빛 색),ok,끊을 절(絶),http://tonghanja.com/%eb%81%8a%ec%9d%84-%ec%a0%88%e7%b5%b6/,"絶 .4급Ⅱ 糸: 실(줄) 사 色: 빛 색 줄(糸)에 색(色)을 칠한 다음에 하는 것은? 줄 에 색 을 칠한 다음에 하는 것은 줄을 ‘ 끊음 ’이지요. 끊을 절 단 절 ( 斷 絶: 관계나 교류를 끊음) , 절교(絶交), 절벽(絶壁)"
色,빛 색,巴,급(사람 인) 巴(큰뱀 파),ok,빛 색(色),http://tonghanja.com/%eb%b9%9b-%ec%83%89%e8%89%b2/,"色 .7급 : 사람 인 巴: 큰뱀 파 사람( )이 큰뱀(巴)처럼 꿇어앉아 칠하는 것은? 사람 이 큰뱀 처럼 바닥에 꿇어앉아 칠하는 것은 ‘ 빛 ’이지요. 빛 색 색 (色: 빛) , 색깔(色깔), 채색(彩色)"
邑,고을 읍,口巴,口(모양) 巴(큰뱀 파),ok,고을 읍(邑),http://tonghanja.com/%ea%b3%a0%ec%9d%84-%ec%9d%8d%e9%82%91/,"邑 .7급 口: 모양 巴: 큰뱀 파 구역(口)인데 큰뱀(巴)처럼 뒤섞여 사는 곳은? 구역 인데 큰뱀 처럼 여럿이 뒤섞여 사는 곳은 ‘ 고을 ’이지요. 고을 읍 읍 (邑: 고을 / 지방 행정 구역의 하나 ) , 읍내(邑內), 도읍(都邑)"
肥,살찔 비,巴月,月(고기(몸) 육) 巴(큰뱀 파),ok,살찔 비(肥),http://tonghanja.com/%ec%82%b4%ec%b0%94-%eb%b9%84%e8%82%a5/,"肥 .3급Ⅱ 月: 고기(몸) 육 巴: 큰뱀 파 몸(月)이 큰뱀(巴)처럼 되는 것은? 몸 이 큰뱀 처럼 불룩하게 되는 것은 ‘ 살찜 ’이지요. 살찔 비 비 만 (肥 滿 : 살쪄서 몸이 가득 참 ) , 비대(肥大)"
把,잡을 파,巴手,扌(손 수) 巴(큰뱀 파),ok,잡을 파(把),http://tonghanja.com/%ec%9e%a1%ec%9d%84-%ed%8c%8c%e6%8a%8a/,"把 .3급 扌: 손 수 巴: 큰뱀 파 손(扌)으로 큰뱀(巴)처럼 하는 것은? 손 으로 큰뱀 처럼 하는 것은 무언가를 ‘ 잡음 ’이지요. 잡을 파 파 악 (把 握 : 잡아 쥠 *握·2급·쥘 악 ) , 파지(把持), 파수꾼(把守꾼) * 손으로 무언가를 잡는 모습은 큰뱀이 먹이를 무는 모습과 비슷하지요."
巴,큰뱀 파,巳,巳(뱀 사  ︲),ok,큰뱀 파(巴),http://tonghanja.com/%ed%81%b0%eb%b1%80-%ed%8c%8c%e5%b7%b4/,巴 .1급 巳: 뱀 사 ︲ : 모양 뱀(巳)인데 불룩한( ) 것은? 뱀 인데 몸통이 불룩한 것은 ‘ 큰뱀 ’이지요. 큰뱀 파
宴,잔치 연,女宀日,宀(집 면) 日(날 일) 女(여자 녀),ok,잔치 연(宴),http://tonghanja.com/%ec%9e%94%ec%b9%98-%ec%97%b0%e5%ae%b4/,"宴 .3급Ⅱ 宀: 집 면 日: 날 일 女: 여자 녀 집(宀)에 여자(女)가 들어온 날(日) 벌이는 것은? 집 에 여자 가 새로 들어온 날 벌이는 것은 ‘ 잔치 ’이지요. 잔치 연 연 회 (宴 會 : 잔치 모임 ) , 피로연(披露宴), 회갑연(回甲宴)"
案,책상 안,安木,安(편안할 안) 木(나무 목),ok,책상 안(案),http://tonghanja.com/%ec%b1%85%ec%83%81-%ec%95%88%e6%a1%88/,"案 .5급 安: 편안할 안 木: 나무 목 편안하게(安) 나무(木)로 만든 것은? 편안하게 책을 보려고 나무 로 만든 것은 ‘ 책상 (冊床)’이지요. 책상 안 서 안 ( 書 案: 예전에, 책을 얹던 책상) , 안건(案件), 고안(考案) * ‘案’은 책상에서 처리하는 것인 ‘안건’을 뜻하기도 합니다."
安,편안할 안,女宀,宀(집 면) 女(여자 녀),ok,편안할 안(安),http://tonghanja.com/%ed%8e%b8%ec%95%88%ed%95%a0-%ec%95%88%e5%ae%89/,"安 .7급Ⅱ 宀: 집 면 女: 여자 녀 집(宀)에 있는 여자(女)는? 집 에 앉아 있는 여자 는 심신이 ‘ 편안함 ’이지요. 편안할 안 편 안 ( 便 安: 몸과 마음이 편하고 좋음 ) , 평안(平安), 안락(安樂)"
繁,번성할 번,敏糸,敏(민첩할 민) 糸(실 사),ok,번성할 번(繁),http://tonghanja.com/%eb%b2%88%ec%84%b1%ed%95%a0-%eb%b2%88%e7%b9%81/,"繁 .3급Ⅱ 敏: 민첩할 민 糸: 실 사 민첩하게(敏) 실(糸)을 엮으면? 민첩하게 실 을 엮으면 많은 피륙을 만들어 ‘ 번성함 ’이지요. 번성할 번 번 성 (繁 盛 : 한창 성하게 일어남 ) , 번영(繁榮), 번창(繁昌) * 옛날에는 피륙(아직 끊지 아니한 베⋅무명⋅비단 따위의 천을 이르는 말)이 화폐처럼 쓰였답니다."
敏,민첩할 민,攵每,每(매양(늘) 매) 攵(칠(때릴) 복),ok,민첩할 민(敏),http://tonghanja.com/%eb%af%bc%ec%b2%a9%ed%95%a0-%eb%af%bc%e6%95%8f/,"敏 .3급 每: 매양(늘) 매 攵: 칠(때릴) 복 늘(每) 때리면(攵)? 늘 때리면 맞는 이의 행동이 ‘ 민첩함 ’이지요. 민첩할 민 민 첩 (敏 捷 : 날쌔고 재빠름 *捷·1급·빠를 첩 ) , 민감(敏感), 예민(銳敏)"
海,바다 해,每水,氵(물 수) 每(매양(늘) 매),ok,바다 해(海),http://tonghanja.com/%eb%b0%94%eb%8b%a4-%ed%95%b4%e6%b5%b7/,"海 .7급Ⅱ 氵: 물 수 每: 매양(늘) 매 물(氵)이 늘(每) 있는 곳은? 물 이 마르지 않고 늘 있는 곳은 ‘ 바다 ’이지요. 바다 해 해 양 (海 洋 : 바다) , 대해(大海), 심해(深海)"
悔,뉘우칠 회,心每,忄(마음 심) 每(매양(늘) 매),ok,뉘우칠 회(悔),http://tonghanja.com/%eb%89%98%ec%9a%b0%ec%b9%a0-%ed%9a%8c%e6%82%94/,"悔 .3급Ⅱ 忄: 마음 심 每: 매양(늘) 매 마음(忄)이 늘(每) 하는 것은? 마음 이 어떤 일이 일어난 뒤에 늘 하는 것은 ‘ 뉘우침 ’이지요. 뉘우칠 회 후 회 ( 後 悔: 어떤 일이 일어난 뒤에 잘못을 뉘우침) , 회한(悔恨), 회개(悔改)"
侮,업신여길 모,人每,亻(사람 인) 每(매양(늘) 매),ok,업신여길 모(侮),http://tonghanja.com/%ec%97%85%ec%8b%a0%ec%97%ac%ea%b8%b8-%eb%aa%a8%e4%be%ae/,"侮 .3급 亻: 사람 인 每: 매양(늘) 매 사람(亻)이 늘(每) 그러하면? 사람 이 발전 없이 늘 그러하면 남이 ‘ 업신여김 ’이지요. 업신여길 모 모 욕 (侮 辱 : 남을 업신여기고 욕되게 함 ) , 모멸(侮蔑), 수모(受侮)"
梅,매화 매,木每,木(나무 목) 每(매양(늘) 매),ok,매화 매(梅),http://tonghanja.com/%eb%a7%a4%ed%99%94-%eb%a7%a4%e6%a2%85/,"梅 .3급Ⅱ 木: 나무 목 每: 매양(늘) 매 나무(木)인데 늘(每) 보는 것은? 나무 인데 정원에 심어놓고 늘 보는 것은 ‘ 매화 ’이지요. 매화 매 매 화 (梅 花 : 이른 봄에 백색 또는 연분홍색의 꽃이 피는 장미과의 활엽 교목 ) , 매실(梅實)"
每,매양 매,母,母(어머니 모),ok,매양 매(每),http://tonghanja.com/%eb%a7%a4%ec%96%91-%eb%a7%a4%e6%af%8f/,"每 .7급Ⅱ : 모양 母: 어머니 모 비녀( )를 어머니(母)가 꽂는 때는? 비녀 를 어머니 가 꽂는 때는 ‘ 매양 (늘)’이지요. 매양 매 매 번 (每 番 : 매 때마다 ) , 매일(每日), 매년(每年)"
母,어머니 모,女,급(모양) 女(여자 녀),ok,어머니 모(母),http://tonghanja.com/%ec%96%b4%eb%a8%b8%eb%8b%88-%eb%aa%a8%e6%af%8d/,"母 .8급 : 모양 女: 여자 녀 젖( )을 꺼낸 여자(女)는? 자식에게 물리려고 젖 을 꺼낸 여자 는 ‘ 어머니 ’이지요. 어머니 모 모 친 (母 親 : 어머니) , 친모(親母), 생모(生母)"
典,법 전,,형(廾(양손 공)의 이형),image,법 전(典),http://tonghanja.com/%eb%b2%95-%ec%a0%84%e5%85%b8/,"典 .5급Ⅱ : 冊(책 책)의 이형 : 廾(양손 공)의 이형 책( )을 양손( )으로 들고 익히는 것은? 책 을 양손 으로 들고 익히는 것은 ‘ 법 (法)’이지요. 법 전 법전(法典), 경전(經典), 고전(古典) * ‘典’은 ‘책’이란 뜻으로도 쓰입니다."
論,논할 론,侖言,言(말씀(말) 언) 侖(둥글(뭉치) 륜),ok,논할 론(論),http://tonghanja.com/%eb%85%bc%ed%95%a0-%eb%a1%a0%e8%ab%96/,"論 .4급Ⅱ 言: 말씀(말) 언 侖: 둥글(뭉치) 륜 말(言)을 뭉치(侖)로 하는 것은? 말 을 서론·본론·결론 등의 뭉치 로 하는 것은 ‘ 논함 ’이지요. 논할 론 논 함 (論 함 : 자기의 의견을 조리 있게 말함 ) , 논의(論議), 논문(論文)"
倫,인륜 륜,人侖,亻(사람 인) 侖(둥글(뭉치) 륜),ok,인륜 륜(倫),http://tonghanja.com/%ec%9d%b8%eb%a5%9c-%eb%a5%9c%e5%80%ab/,"倫 .3급Ⅱ 亻: 사람 인 侖: 둥글(뭉치) 륜 사람(亻)이 뭉치(侖)에서 지켜야 하는 것은? 사람 이 ‘ 뭉치 ’ 즉 ‘집단’에서 지켜야 하는 것은 ‘ 인륜 ’이지요. 인륜 륜 인 륜 ( 人 倫: 사람으로서 마땅히 지켜야 하는 도리 ) , 윤리(倫理), 불륜(不倫)"
輪,바퀴 륜,侖車,車(수레 차) 侖(둥글 륜),ok,바퀴 륜(輪),http://tonghanja.com/%eb%b0%94%ed%80%b4-%eb%a5%9c%e8%bc%aa/,"輪 .4급 車: 수레 차 侖: 둥글 륜 수레(車)의 둥근(侖) 것은? 수레 의 둥근 것은 ‘ 바퀴 ’이지요. 바퀴 륜 이 륜 ( 二 輪: 두 바퀴) , 사륜(四輪), 오륜기(五輪旗)"
侖,둥글 륜,冊,冊(책 책),ok,둥글 륜(侖),http://tonghanja.com/%eb%91%a5%ea%b8%80-%eb%a5%9c%e4%be%96/,侖 .특급Ⅱ : 모일 집 冊: 책 책 모인( ) 책(冊)은? 모인 책 은 모양이 ‘ 둥긂 ’이지요. 둥글 륜 * ‘侖’은 모인 책은 ‘뭉치’라는 데서 ‘뭉치 륜’이라고도 합니다.
篇,책 편,扁竹,竹(대 죽) 扁(납작할 편),ok,책 편(篇),http://tonghanja.com/%ec%b1%85-%ed%8e%b8%e7%af%87/,"篇 .4급 竹: 대 죽 扁: 납작할 편 대(竹)로 만든 납작한(扁) 죽간은? 대 로 만든 납작한 죽간은 ‘ 책 (冊)’이지요. 책 편 편 (篇 : 책 을 세는 단위 ) , 상편(上篇), 하편(下篇)"
遍,두루 편,扁辵,扁(납작할 편) 辶(갈 착),ok,두루 편(遍),http://tonghanja.com/%eb%91%90%eb%a3%a8-%ed%8e%b8%e9%81%8d/,"遍 .3급 扁: 납작할 편 辶: 갈 착 납작한(扁) 죽간이 전해져 가는(辶) 것은? 납작한 죽간의 내용이 사람들에게 전해져 가는 것은 ‘ 두루 ’이지요. 두루 편 보 편 ( 普 遍: 널리 두루) , 편력(遍歷)"
偏,치우칠 편,人扁,亻(사람 인) 扁(납작할 편),ok,치우칠 편(偏),http://tonghanja.com/%ec%b9%98%ec%9a%b0%ec%b9%a0-%ed%8e%b8%e5%81%8f/,"偏 .3급Ⅱ 亻: 사람 인 扁: 납작할 편 사람(亻)이 납작한(扁) 죽간처럼 되는 것은? 사람 이 납작한 죽간 모양처럼 되는 것은 자신의 신념에 의해 판단이 한쪽으로 ‘ 치우침 ’이지요. 치우칠 편 편 향 (偏 向 : 한쪽으로 치우침) , 편파(偏頗), 편견(偏見)"
編,엮을 편,扁糸,糸(실 사) 扁(납작할 편),ok,엮을 편(編),http://tonghanja.com/%ec%97%ae%ec%9d%84-%ed%8e%b8%e7%b7%a8/,"編 .3급Ⅱ 糸: 실 사 扁: 납작할 편 실(糸)로 납작한(扁) 죽간에 하는 것은? 실 로 납작한 죽간에 하는 것은 ‘ 엮음 ’이지요. 엮을 편 편 찬 (編 纂 : 모아서 엮음 *纂·1급·모을 찬 ) , 편성(編成), 개편(改編)"
扁,납작할 편,冊戶,戶(집(지게) 호) 冊(책 책),ok,납작할 편(扁),http://tonghanja.com/%eb%82%a9%ec%9e%91%ed%95%a0-%ed%8e%b8%e6%89%81/,"扁 .1급Ⅱ 戶: 집(지게) 호 冊: 책 책 지게(戶)처럼 생긴 책(冊)은? ‘ 扁 ’은 지게 문처럼 생긴 책 인 ‘ 죽간 ’을 나타낸 글자였으나, 후에 죽간은 모양이 납작하다는 데서 ‘ 납작함 ’을 뜻하게 되었답니다. 납작할 편"
冊,책 책,,,none,책 책(冊),http://tonghanja.com/%ec%b1%85-%ec%b1%85%e5%86%8a/,"冊 .4급 대쪽들( )을 실(ㅡ)로 엮은 것은? 많은 대쪽들 을 실 로 엮은 것은 ‘ 책 ’이지요. 책 책 책 (冊: 여러 문서를 하나로 엮은 물건 ) , 서책(書冊), 공책(空冊) * ‘冊’은 죽간(竹簡)을 본뜬 글자입니다."
驗,시험할 험,僉馬,馬(말 마) 僉(여러 첨),ok,시험할 험(驗),http://tonghanja.com/%ec%8b%9c%ed%97%98%ed%95%a0-%ed%97%98%e9%a9%97/,"驗 .4급Ⅱ 馬: 말 마 僉: 여러 첨 말(馬)을 여럿(僉) 타보는 것은? 말 을 여러 마리 타보는 것은 어떤 말이 좋은지를 ‘ 시험함 ’이지요. 시험할 험 시 험 ( 試 驗: 재능이나 실력을 평가함 ) , 실험(實驗), 체험(體驗)"
險,험할 험,僉阝,阝(언덕 부) 僉(여러 첨),ok,험할 험(險),http://tonghanja.com/%ed%97%98%ed%95%a0-%ed%97%98%e9%9a%aa/,"險 .4급 阝: 언덕 부 僉: 여러 첨 언덕(阝)이 여럿(僉) 있는 곳은? 언덕 이 여럿 있는 곳은 지형이 ‘ 험함 ’이지요. 험할 험 험 함 (險 함 : 땅의 형세가 사납고 가파름 ) , 험악(險惡), 위험(危險)"
劍,칼 검,僉刀,僉(여러 첨) 刂(칼 도),ok,칼 검(劍),http://tonghanja.com/%ec%b9%bc-%ea%b2%80%e5%8a%8d-2/,"劍 .3급Ⅱ 僉: 여러 첨 刂: 칼 도 여러(僉) 날이 달린 칼(刂)은? 여러 날이 달린 칼 은 ‘ 칼 (검)’이지요. 칼 검 검 (劍: 양쪽에 날이 달린 칼) , 장검(長劍), 보검(寶劍)"
檢,검사할 검,僉木,木(나무 목) 僉(여러 첨),ok,검사할 검(檢),http://tonghanja.com/%ea%b2%80%ec%82%ac%ed%95%a0-%ea%b2%80%e6%aa%a2/,"檢 .4급Ⅱ 木: 나무 목 僉: 여러 첨 나무(木)를 여럿(僉) 모아놓은 곳에서 하는 것은? 나무 를 여럿 모아놓은 곳에서 하는 것은 원하는 종류와 규격의 목재가 있는지 ‘ 검사함 ’이지요. 검사할 검 검 사 (檢 査 : 조사하여 판단함 ) , 검색(檢索), 검토(檢討)"
儉,검소할 검,人僉,亻(사람 인) 僉(여러 첨),ok,검소할 검(儉),http://tonghanja.com/%ea%b2%80%ec%86%8c%ed%95%a0-%ea%b2%80%e5%84%89/,"儉 .4급 亻: 사람 인 僉: 여러 첨 사람(亻)이 여럿(僉)을 모으기 위해 하는 것은? 사람 이 여럿 을 모으기 위해 실천하는 것은 ‘ 검소함 ’이지요. 검소할 검 검 소 (儉 素 : 낭비하거나 사치하지 않고 소박함 ) , 검약(儉約), 근검(勤儉)"
僉,여러 첨,人,급(모일 집  ㅁ: 입(말) 구) 人(사람 인),ok,여러 첨(僉),http://tonghanja.com/%ec%97%ac%eb%9f%ac-%ec%b2%a8%e5%83%89/,僉 .1급 : 모일 집 ㅁ: 입(말) 구 人: 사람 인 모여서( ) 말(ㅁ)하는 사람(人)들은? 모여서 말 하는 사람 들 은 ‘ 여러 ’ 사람이지요. 여러 첨
貪,탐낼 탐,今貝,今(이제(지금) 금) 貝(조개(재물) 패),ok,탐낼 탐(貪),http://tonghanja.com/%ed%83%90%eb%82%bc-%ed%83%90%e8%b2%aa/,"貪 .3급 今: 이제(지금) 금 貝: 조개(재물) 패 지금(今) 재물(貝)이 앞에 있으면? 지금 재물 이 앞에 있으면 재물을 ‘ 탐냄 ’이지요. 탐낼 탐 탐 냄 (貪 냄 : 가지고 싶어함 ) , 탐욕(貪慾), 탐심(貪心)"
念,생각 념,今心,今(이제(지금) 금) 心(마음 심),ok,생각 념(念),http://tonghanja.com/%ec%83%9d%ea%b0%81-%eb%85%90%e5%bf%b5/,"念 .5급Ⅱ 今: 이제(지금) 금 心: 마음 심 지금(今) 마음(心)으로 하는 것은? 지금 마음 속으로 하는 것은 ‘ 생각 ’이지요. 생각 념 상 념 ( 想 念: 생각) , 염려(念慮), 염두(念頭)"
含,머금을 함,今口,今(이제(지금) 금) 口(입 구),ok,머금을 함(含),http://tonghanja.com/%eb%a8%b8%ea%b8%88%ec%9d%84-%ed%95%a8%e5%90%ab/,"含 .3급Ⅱ 今: 이제(지금) 금 口: 입 구 지금(今) 입(口)에 들어 있는 것은? 지금 입 에 무엇이 들어 있는 것은 ‘ 머금음 ’이지요. 머금을 함 함 유 (含 有 : 머금고 있음 ) , 함량(含量), 포함(包含)"
吟,읊을 음,今口,口(입 구) 今(이제(지금) 금),ok,읊을 음(吟),http://tonghanja.com/%ec%9d%8a%ec%9d%84-%ec%9d%8c%e5%90%9f/,"吟 .3급 口: 입 구 今: 이제(지금) 금 입(口)으로 지금(今) 소리 내는 것은? 입 으로 지금 소리 내는 것은 ‘ 읊음 ’이지요. 읊을 음 음 송 (吟 誦 : 소리 내어 읊음) , 음미(吟味), 침음(沈吟)"
陰,그늘 음,云今阝,阝(언덕 부) 今(이제(지금) 금) 云(이를(구름) 운),ok,그늘 음(陰),http://tonghanja.com/%ea%b7%b8%eb%8a%98-%ec%9d%8c%e9%99%b0/,"陰 .4급Ⅱ 阝:언덕 부 今:이제(지금) 금 云:이를(구름) 운 언덕(阝)이 지금(今) 구름(云) 아래 있으면? 언덕 이 지금 구름 아래 있으면 생기는 것은 ‘ 그늘 ’이지요. 그늘 음 음 지 (陰 地 : 그늘 진 땅 ) , 음침(陰沈), 음양(陰陽)"
琴,거문고 금,今,양(모양) 今(이제(지금) 금),ok,거문고 금(琴),http://tonghanja.com/%ea%b1%b0%eb%ac%b8%ea%b3%a0-%ea%b8%88%e7%90%b4/,"琴 .3급Ⅱ : 모양 : 모양 今: 이제(지금) 금 많은 줄들( )을 괘( )에 건 악기인데 지금(今) 소리 내는 것은? 많은 줄들 을 괘 에 건 악기인데 지금 소리 내는 것은 ‘ 거문고 ’이지요. 거문고 금 금 (琴: 거문고) , 현금(玄琴), 해금(奚琴)"
今,이제 금,,집(水(물 수)의 왼쪽 획),image,이제 금(今),http://tonghanja.com/%ec%9d%b4%ec%a0%9c-%ea%b8%88%e4%bb%8a/,"今 .6급Ⅱ : 모일 집 : 水(물 수)의 왼쪽 획 모이며( ) 물( )처럼 흘러가는 것은? 매 순간 모이며 물 처럼 계속 흘러가는 것은 ‘ 이제 ’이지요. 이제 금 지 금 ( 只 今: 이제) , 금방(今方), 금일(今日)"
亼,모일 집,,,none,모일 집(亼),http://tonghanja.com/%eb%aa%a8%ec%9d%bc-%ec%a7%91%e4%ba%bc/,"亼 .무급 삼각형(△)은? 삼각형 은 세 선이 ‘ 모임 ’이지요. 모일 집 * ‘亼’은 세 선을 합한 것이라 하여, ‘삼합(三合) 집’이라고도 합니다."
畏,두려워할 외,田,田(모) 양(長(어른 장)의 이형),ok,두려워할 외(畏),http://tonghanja.com/%eb%91%90%eb%a0%a4%ec%9b%8c%ed%95%a0-%ec%99%b8%e7%95%8f/,"畏 .3급 田: 모양 : 長(어른 장)의 이형 흉한 얼굴(田) 가면을 쓴 어른( )에게 하는 것은? ‘ 흉한 얼굴 가면을 쓴 어른 ’ 인 ‘제사장’에게 하는 것은 ‘ 두려워함 ’이지요. 두려워할 외 외 경 (畏 敬 : 두려워하고 공경함 ) , 경외(敬畏)"
翼,날개 익,異羽,羽(깃 우) 異(다를 이),ok,날개 익(翼),http://tonghanja.com/%eb%82%a0%ea%b0%9c-%ec%9d%b5%e7%bf%bc/,"翼 .3급Ⅱ 羽: 깃 우 異: 다를 이 깃(羽)인데 다른(異) 쪽에 있는 것은? 깃 인데 서로 다른 쪽에 있는 것은 ‘ 날개 ’이지요. 날개 익 쌍 익 (雙翼: 양쪽 날개 ), 좌익(左翼), 우익(右翼)"
異,다를 이,人田,田(모) 양(모양) 人(사람 인),ok,다를 이(異),http://tonghanja.com/%eb%8b%a4%eb%a5%bc-%ec%9d%b4%e7%95%b0/,"異 .4급 田: 모양 : 모양 人: 사람 인 흉한 얼굴(田) 가면을 양손( )으로 사람(人)이 쓰면? 흉한 얼굴 가면을 양손 으로 사람 이 쓰면 모습이 ‘ 다름 ’이지요. 다를 이 차 이 ( 差 異: 다름) , 괴이(怪異), 이상(異常)"
魂,넋 혼,云鬼,云(이를(구름) 운) 鬼(귀신 귀),ok,넋 혼(魂),http://tonghanja.com/%eb%84%8b-%ed%98%bc%e9%ad%82/,"魂 .3급Ⅱ 云: 이를(구름) 운 鬼: 귀신 귀 구름(云) 같은 귀신(鬼)은? 구름 같이 흐릿하고 둥둥 떠다니는 귀신 은 ‘ 넋 ’이지요. 넋 혼 혼 (魂: 넋) , 혼령(魂靈), 영혼(靈魂)"
醜,추할 추,酉鬼,酉(닭(술) 유) 鬼(귀신 귀),ok,추할 추(醜),http://tonghanja.com/%ec%b6%94%ed%95%a0-%ec%b6%94%e9%86%9c/,"醜 .3급 酉: 닭(술) 유 鬼: 귀신 귀 술(酉) 마시고 귀신(鬼) 같아지는 것은? 술 마시고 귀신 같이 흉해지는 것은 ‘ 추함 ’이지요. 추할 추 추 함 (醜 함 : 외모나 언행이 흉함 ) , 추태(醜態), 추행(醜行)"
愧,부끄러울 괴,心鬼,忄(마음 심) 鬼(귀신 귀),ok,부끄러울 괴(愧),http://tonghanja.com/%eb%b6%80%eb%81%84%eb%9f%ac%ec%9a%b8-%ea%b4%b4%e6%84%a7/,"愧 .3급 忄: 마음 심 鬼: 귀신 귀 마음(忄)인데 귀신(鬼) 같을 때 드는 것은? 마음 인데 자기가 귀신 같이 흉할 때 드는 것은 ‘ 부끄러움 ’이지요. 부끄러울 괴 참 괴 ( 慙 愧: 부끄러움) , 자괴(自愧), 자괴감(自愧感)"
塊,흙덩이 괴,土鬼,土(흙 토) 鬼(귀신 귀),ok,흙덩이 괴(塊),http://tonghanja.com/%ed%9d%99%eb%8d%a9%ec%9d%b4-%ea%b4%b4%e5%a1%8a/,"塊 .3급 土: 흙 토 鬼: 귀신 귀 흙(土)인데 귀신(鬼)같이 생긴 것은? 흙 인데 귀신 같이 흉하게 생긴 것은 ‘ 흙덩이 ’이지요. 흙덩이 괴 토 괴 ( 土 塊: 흙덩이) , 금괴(金塊), 은괴(銀塊)"
鬼,귀신 귀,,,none,귀신 귀(鬼),http://tonghanja.com/%ea%b7%80%ec%8b%a0-%ea%b7%80%e9%ac%bc/,"鬼 .3급Ⅱ 뿔( )과 흉한 얼굴(田)과 사람의 몸(儿)과 꼬리(厶)는? 뿔 과 흉한 얼굴 과 사람의 몸 과 꼬리 로 된 것은 ‘ 귀신 ’이지요. 귀신 귀 귀 신 (鬼 神 : 죽은 이의 넋 ) , 악귀(惡鬼), 마귀(魔鬼)"
雲,구름 운,云雨,雨(비 우) 云(이를(구름) 운),ok,구름 운(雲),http://tonghanja.com/%ea%b5%ac%eb%a6%84-%ec%9a%b4%e9%9b%b2/,"雲 .5급Ⅱ 雨: 비 우 云: 이를(구름) 운 비(雨)를 내리는 구름(云)은? 비 를 내리는 구름 은 ‘ 구름 ’이지요. 구름 운 백 운 ( 白 雲 : 흰 구름) , 흑운(黑雲), 운집(雲集)"
云,이를 운,,,none,이를 운(云),http://tonghanja.com/%ec%9d%b4%eb%a5%bc-%ec%9a%b4%e4%ba%91/,"云 .3급 입술(二) 밖으로 김(厶)을 내는 것은? ‘ 云 ’은 하늘 ( ￣ )에 떠 있는 구름 ( )을 본뜬 글자였으나, 후에 입술 밖으로 김을 내는 것인 ‘ 이름 (말함)’을 뜻하게 되었답니다. 이를 운 운운 (云云: 이러쿵저러쿵 이름 )"
擴,넓힐 확,廣手,扌(손 수) 廣(넓을 광),ok,넓힐 확(擴),http://tonghanja.com/%eb%84%93%ed%9e%90-%ed%99%95%e6%93%b4/,"擴 .3급 扌: 손 수 廣: 넓을 광 손(扌)으로 넓게(廣) 하는 것은? 손 으로 무엇을 넓게 하는 것은 ‘ 넓힘 ’이지요. 넓힐 확 확 장 (擴 張 : 넓힘) , 확대(擴大), 확충(擴充)"
鑛,쇳돌 광,廣金,金(쇠 금) 廣(넓을 광),ok,쇳돌 광(鑛),http://tonghanja.com/%ec%87%b3%eb%8f%8c-%ea%b4%91%e9%91%9b/,"鑛 .4급 金: 쇠 금 廣: 넓을 광 쇠(金)가 넓게(廣) 퍼져 있는 것은? 쇠 성분이 넓게 퍼져 있는 것은 ‘ 쇳돌 ’이지요. 쇳돌 광 광 석 (鑛 石 : 쇳돌) , 광물(鑛物), 철광(鐵鑛)"
廣,넓을 광,广黃,广(집 엄) 黃(누를 황),ok,넓을 광(廣),http://tonghanja.com/%eb%84%93%ec%9d%84-%ea%b4%91%e5%bb%a3/,"廣 .5급Ⅱ 广: 집 엄 黃: 누를 황 집(广) 앞의 누런(黃) 물밭은? 집 앞에 있는 누런 물밭은 ‘ 넓음 ’이지요. 넓을 광 광 활 (廣 闊 : 넓음 *闊·1급·넓을 활 ) , 광대(廣大), 광야(廣野)"
橫,가로 횡,木黃,木(나무 목) 黃(누를 황),ok,가로 횡(橫),http://tonghanja.com/%ea%b0%80%eb%a1%9c-%ed%9a%a1%e6%a9%ab/,"橫 .3급Ⅱ 木: 나무 목 黃: 누를 황 나무(木)를 누런(黃) 물밭에 놓은 모양은? 나무 다리를 누런 물밭 위에 놓은 모양은 ‘ 가로 ’이지요. 가로 횡 횡 (橫: 가로) , 횡렬(橫列), 횡단(橫斷) * 나무 다리는 누런 물밭 위에 횡으로 눕혀서 놓지요."
黃,누를 황,一田,급(모양) 一(모양) 田(밭 전),ok,누를 황(黃),http://tonghanja.com/%eb%88%84%eb%a5%bc-%ed%99%a9%e9%bb%83/,"黃 .6급 : 모양 一: 모양 田: 밭 전 허우적거리게( ) 하는 물(ㅡ)밭(田)은? 허우적거리게 하는 물밭 은 색이 ‘ 누름 ’이지요. 누를 황 황 색 (黃 色 : 누른 색 ) , 황토(黃土), 황금(黃金)"
漢,한수 한,水,氵(물) 수(堇(진흙 근)의 이형),ok,한수 한(漢),http://tonghanja.com/%ed%95%9c%ec%88%98-%ed%95%9c%e6%bc%a2/,"漢 .7급Ⅱ 氵: 물 수 : 堇(진흙 근)의 이형 물(氵)인데 진흙( )이 섞여 흐르는 곳은? 물 인데 진흙 이 섞여 흐르는 곳은 ‘ 한수 ’이지요. 한수 한 한 수 (漢 水 : 중국에 있는 강의 이름 ) , 한자(漢字), 한나라(漢나라) * 한수(漢水, 1532km): 장강(長江, 6300km)의 주요 지류 중 하나로, 진흙이 섞여 흐르는 탁한 강."
難,어려울 난,隹,隹(새 추),ok,어려울 난(難),http://tonghanja.com/%ec%96%b4%eb%a0%a4%ec%9a%b8-%eb%82%9c%e9%9b%a3/,"難 .4급Ⅱ : 堇(진흙 근)의 이형 隹: 새 추 진흙( )에 빠진 새(隹)는? 진흙 에 빠진 새 는 처지가 ‘ 어려움 ’이지요. 어려울 난 난 처 (難 處 : 처지가 어려움) , 고난(苦難), 험난(險難)"
歎,탄식할 탄,欠,급(堇(진흙 근)의 이형) 欠(하품 흠),ok,탄식할 탄(歎),http://tonghanja.com/%ed%83%84%ec%8b%9d%ed%95%a0-%ed%83%84%e6%ad%8e/,"歎 .4급 : 堇(진흙 근)의 이형 欠: 하품 흠 진흙( )에 빠졌을 때 하품(欠)하듯이 하는 것은? 진흙 에 빠졌을 때 하품 하듯이 한숨을 쉬는 것은 ‘ 탄식함 ’이지요. 탄식할 탄 탄 식 (歎 息 : 한탄하여 한숨을 쉼 ) , 비탄(悲歎), 한탄(恨歎)"
勤,부지런할 근,力堇,堇(진흙 근) 力(힘 력),ok,부지런할 근(勤),http://tonghanja.com/%eb%b6%80%ec%a7%80%eb%9f%b0%ed%95%a0-%ea%b7%bc%e5%8b%a4/,"勤 .4급 堇: 진흙 근 力: 힘 력 진흙(堇)에서 나오려고 힘(力)쓰는 것은? 진흙 에서 빠져나오려고 쉼 없이 힘 쓰는 것은 ‘ 부지런함 ’이지요. 부지런할 근 근 면 (勤 勉 : 부지런히 힘씀 ) , 근로(勤勞), 근무(勤務)"
謹,삼갈 근,堇言,言(말씀(말) 언) 堇(진흙 근),ok,삼갈 근(謹),http://tonghanja.com/%ec%82%bc%ea%b0%88-%ea%b7%bc%e8%ac%b9/,"謹 .3급 言: 말씀(말) 언 堇: 진흙 근 말(言)을 진흙(堇)길에서처럼 하는 것은? 말 을 진흙 길에서 이동할 때처럼 조심스럽게 하는 것은 ‘ 삼감 ’이지요. 삼갈 근 근 신 (謹 愼 : 삼감) , 근조(謹弔), 근엄(謹嚴)"
僅,겨우 근,人堇,亻(사람 인) 堇(진흙 근),ok,겨우 근(僅),http://tonghanja.com/%ea%b2%a8%ec%9a%b0-%ea%b7%bc%e5%83%85/,"僅 .3급 亻: 사람 인 堇: 진흙 근 사람(亻)이 진흙(堇)에서 움직이는 것은? 사람 이 진흙 속에서 움직이는 것은 ‘ 겨우 ’이지요. 겨우 근 근근 (僅僅: 겨우겨우) , 근소(僅少)"
堇,진흙 근,土,급(모) 양(모양) 土(흙 토),ok,진흙 근(堇),http://tonghanja.com/%ec%a7%84%ed%9d%99-%ea%b7%bc%e5%a0%87/,堇 .무급 : 모양 : 모양 土: 흙 토 허우적거리게( ) 하는 수렁( )의 흙(土)은? 허우적거리게 하는 수렁 속의 흙 은 ‘ 진흙 ’이지요. 진흙 근
之,갈 지,,,none,갈 지(之),http://tonghanja.com/%ea%b0%88-%ec%a7%80%e4%b9%8b/,"之 .3급Ⅱ 발( )로 땅(__)을 디디는 것은? 발 로 땅 을 디디는 것은 ‘ 감 ’이지요. 갈 지 파죽지세(破竹之勢), 타산지석(他山之石), 결자해지(結者解之) * ‘之’는 ‘어조사’나 ‘대명사’로도 쓰입니다."
肯,즐길 긍,月止,止(그칠(발) 지) 月(고기 육),ok,즐길 긍(肯),http://tonghanja.com/%ec%a6%90%ea%b8%b8-%ea%b8%8d%e8%82%af/,"肯 .3급 止: 그칠(발) 지 月: 고기 육 발(止)에 붙은 고기(月)를 먹을 때 하는 것은? 발 에 붙은 고기 를 먹을 때 하는 것은 맛을 ‘ 즐김 ’이지요. 즐길 긍 긍정(肯定), 수긍(首肯)"
頻,자주 빈,步頁,步(걸음 보) 頁(머리 혈),ok,자주 빈(頻),http://tonghanja.com/%ec%9e%90%ec%a3%bc-%eb%b9%88%e9%a0%bb/,"頻 .3급 步: 걸음 보 頁: 머리 혈 걸을(步) 때 머리(頁)를 돌리는 것은? 걸을 때 주위를 살피려고 머리 를 돌리는 것은 ‘ 자주 ’이지요. 자주 빈 빈 번 (頻 繁 : 자주 많이 ) , 빈발(頻發), 빈도(頻度)"
涉,건널 섭,步水,氵(물 수) 步(걸음 보),ok,건널 섭(涉),http://tonghanja.com/%ea%b1%b4%eb%84%90-%ec%84%ad%e6%b6%89/,"涉 .3급 氵: 물 수 步: 걸음 보 물(氵)에서 걷는(步) 것은? 물 에서 걷는 것은 물을 ‘ 건넘 ’이지요. 건널 섭 섭외(涉外), 교섭(交涉), 간섭(干涉)"
步,걸음 보,止,止(그칠(발)) 지(少(적을 소)의 이형),ok,걸음 보(步),http://tonghanja.com/%ea%b1%b8%ec%9d%8c-%eb%b3%b4%e6%ad%a5/,"步 .4급Ⅱ 止: 그칠(발) 지 : 少(적을 소)의 이형 발(止)을 적게( ) 옮기는 것은? 발 을 적게 옮기는 것은 ‘ 걸음 ’이지요. 걸음 보 보 행 (步 行 : 걸어 감 ) , 진보(進步), 퇴보(退步)"
賓,손님 빈,宀貝,宀(집 면 ㅡ: 모) 양(少의 이형) 貝(조개(재물) 패),ok,손님 빈(賓),http://tonghanja.com/%ec%86%90%eb%8b%98-%eb%b9%88%e8%b3%93/,"賓 .3급 宀: 집 면 ㅡ: 모양 : 少의 이형 貝: 조개(재물) 패 집(宀) 밖(ㅡ)에서 적은( ) 재물(貝)을 들고 오는 이는? 집 밖 에서 적은 재물 을 들고 오는 이는 ‘ 손님 ’이지요. 손님 빈 빈 객 (賓 客 : 손님) , 외빈(外賓), 귀빈(貴賓)"
劣,못할 렬,力少,少(적을 소) 力(힘 력),ok,못할 렬(劣),http://tonghanja.com/%eb%aa%bb%ed%95%a0-%eb%a0%ac%e5%8a%a3/,"劣 .3급 少: 적을 소 力: 힘 력 적은(少) 힘(力)을 지닌 것은? 적은 힘 을 지닌 것은 남보다 ‘ 못함 ’이지요. 못할 렬 열 등 (劣 等 : 등급이 남보다 못함 또는 그런 등급 ) , 열악(劣惡), 졸렬(拙劣)"
省,살필 성/덜 생,少目,少(적을 소) 目(눈 목),ok,살필 성/덜 생(省),http://tonghanja.com/%ec%82%b4%ed%95%84-%ec%84%b1-%eb%8d%9c-%ec%83%9d%e7%9c%81/,"省 .6급Ⅱ 少: 적을 소 目: 눈 목 적은(少) 것까지 눈(目)으로 보는 것은? 적은 것까지 눈 으로 보는 것은 대상을 자세히 ‘ 살핌 ’이지요. 살필 성 성 찰 (省 察 : 자기가 한 일을 돌이켜 보며 깊이 살핌 ) , 반성(反省), 생략(省略) * ‘ 省’은 눈(目)에 적게(少) 보이게 하는 것인 ‘덞’을 뜻하여 ‘덜 생’이라고도 합니다."
秒,초 초,少禾,禾(벼 화) 少(적을 소),ok,초 초(秒),http://tonghanja.com/%ec%b4%88-%ec%b4%88%e7%a7%92/,"秒 .3급 禾: 벼 화 少: 적을 소 벼(禾)의 적은(少) 까끄라기 같은 초침이 가리키는 것은? 벼 의 적은 까끄라기 같은 초침이 가리키는 것은 ‘ 초 ’이지요. 초 초 초 (秒: 1 분의 1/60 ) , 초침(秒針), 초속(秒速) * 까끄라기: 벼 , 보리 따위의 낟알 껍질에 붙은 깔끄러운 수염. * ‘秒’는 ‘까끄라기 묘’라고도 합니다."
抄,뽑을 초,少手,扌(손 수) 少(적을 소),ok,뽑을 초(抄),http://tonghanja.com/%eb%bd%91%ec%9d%84-%ec%b4%88%e6%8a%84/,"抄 .3급 扌: 손 수 少: 적을 소 손(扌)으로 적은(少) 수량을 고르는 것은? 손 으로 많은 것들 중에서 적은 수량을 고르는 것은 ‘ 뽑음 ’ 이지요. 뽑을 초 초록(抄錄), 초본(抄本)"
妙,묘할 묘,女少,女(여자 녀) 少(적을 소),ok,묘할 묘(妙),http://tonghanja.com/%eb%ac%98%ed%95%a0-%eb%ac%98%e5%a6%99/,"妙 .4급 女: 여자 녀 少: 적을 소 여자(女)의 나이가 적으면(少)? 여자 의 나이가 적으면 ‘ 묘함 ’이지요. 묘할 묘 묘 함 (妙 함 : 이상야릇하여 설명하기 어려움 ) , 기묘(奇妙), 미묘(微妙) * 소녀(少女)는 기분이 수시로 바뀌는 묘한 존재이지요."
沙,모래 사,少水,氵(물 수) 少(적을 소),ok,모래 사(沙),http://tonghanja.com/%eb%aa%a8%eb%9e%98-%ec%82%ac%e6%b2%99/,"沙 .3급Ⅱ 氵: 물 수 少: 적을 소 물(氵)가의 적은(少) 것은? 물 가에 있는 적은 것은 ‘ 모래 ’이지요. 모래 사 백 사 ( 白 沙: 흰 모래) , 황사(黃沙), 사막(沙漠)"
少,적을 소,小,小(작을) 소(모양),ok,적을 소(少),http://tonghanja.com/%ec%a0%81%ec%9d%84-%ec%86%8c%e5%b0%91/,"少 .7급 小: 작을 소 : 모양 작은(小) 모래( )는? 작은 한 알의 모래 는 양이 ‘ 적음 ’이지요. 적을 소 소 량 (少 量 : 적은 양 ) , 희소(稀少), 다소(多少)"
察,살필 찰,宀祭,宀(집 면) 祭(제사 제),ok,살필 찰(察),http://tonghanja.com/%ec%82%b4%ed%95%84-%ec%b0%b0%e5%af%9f/,"察 .4급Ⅱ 宀: 집 면 祭: 제사 제 집(宀)에서 제사(祭) 지낼 때 하는 것은? 집 에서 제사 지낼 때 하는 것은 제사상이 제대로 차려졌는지 ‘ 살핌 ’이지요. 살필 찰 고 찰 ( 考 察: 깊이 생각하여 살핌) , 관찰(觀察), 통찰(洞察)"
際,즈음/가 제,祭阝,阝(언덕 부) 祭(제사 제),ok,즈음/가 제(際),http://tonghanja.com/%ec%a6%88%ec%9d%8c-%ea%b0%80-%ec%a0%9c%e9%9a%9b/,"際 .4급Ⅱ 阝: 언덕 부 祭: 제사 제 언덕(阝)에서 제사(祭)를 지내는 때는? 높은 언덕 에서 하늘에 마을 제사 를 지내는 때는 농사를 시작할 즈음이나 농작물을 수확할 즈음, 또는 홍수나 가뭄 같은 자연재해가 발생할 즈음 등의 ‘ 즈음 ’이지요. 즈음 제 교제(交際), 국제(國際), 실제(實際) * ‘際’는 마을 제사를 지내는 높은 언덕은 하늘과 땅 사이의 가(가장자리)라는 데서 ‘가 제’라고도 합니다."
祭,제사 제,又月示,月(고기 육) 又(또(손) 우) 示(보일(제단) 시),ok,제사 제(祭),http://tonghanja.com/%ec%a0%9c%ec%82%ac-%ec%a0%9c%e7%a5%ad/,"祭 .4급Ⅱ 月: 고기 육 又: 또(손) 우 示: 보일(제단) 시 고기(月)를 손(又)으로 제단(示)에 올리는 것은? 고기 를 손 으로 제단 에 올리는 것은 ‘ 제사 ’이지요. 제사 제 제 사 (祭 祀 : 신에게 음식을 바치며 절하는 의식 ) , 제례(祭禮), 축제(祝祭)"
條,가지 조,攸木,攸(바(멀) 유) 木(나무 목),ok,가지 조(條),http://tonghanja.com/%ea%b0%80%ec%a7%80-%ec%a1%b0%e6%a2%9d/,"條 .4급 攸: 바(멀) 유 木: 나무 목 멀리(攸) 나무(木)에서 뻗는 것은? 멀리 나무 에서 뻗는 것은 ‘ 가지 ’이지요. 가지 조 조 (條: 가지 / 조건이나 조항의 뜻을 나타내는 말 ) , 조건(條件), 조항(條項)"
修,닦을 수,彡攸,攸(바(멀) 유) 彡(川(내 천)의 이형),ok,닦을 수(修),http://tonghanja.com/%eb%8b%a6%ec%9d%84-%ec%88%98%e4%bf%ae/,"修 .4급Ⅱ 攸: 바(멀) 유 彡: 川(내 천)의 이형 멀리(攸) 흐르는 내(彡)에서 하는 것은? 멀리 흐르는 내 에서 하는 것은 몸 따위를 ‘ 닦음 ’이지요. 닦을 수 수 신 (修 身 : 몸을 닦음) , 수도(修道), 수학(修學) * 닦다: 1. 씻어 깨끗이 하다. 2. 문질러 윤기를 내다. 3. 배우고 익히다."
悠,멀 유,心攸,攸(바(멀) 유) 心(마음 심),ok,멀 유(悠),http://tonghanja.com/%eb%a9%80-%ec%9c%a0%e6%82%a0/,"悠 .3급Ⅱ 攸: 바(멀) 유 心: 마음 심 멀다(攸)고 마음(心)으로 느끼는 것은? 멀다 고 마음 으로 느끼는 것은 ‘ 멂 ’이지요. 멀 유 유유 (悠悠: 아득하게 멂) , 유원(悠遠), 유구(悠久)"
攸,바 유,人攵,亻(사람 인  𐌠: 모양) 攵(칠 복),ok,바 유(攸),http://tonghanja.com/%eb%b0%94-%ec%9c%a0%e6%94%b8/,"攸 .특급Ⅱ 亻: 사람 인 𐌠: 모양 攵: 칠 복 사람(亻)이 지팡이( 𐌠 )로 치며(攵) 가는 곳은? ‘ 攸 ’는 사람 이 지팡이 로 ‘ 치며 ’ 즉 ‘짚으며’ 가는 곳은 ‘ 멂 ’을 나타낸 글자였으나, 후에 ‘ 바 (所) ’를 뜻하게 되었답니다. 바 유"
洲,물가 주,州水,氵(물 수) 州(고을(물가) 주),ok,물가 주(洲),http://tonghanja.com/%eb%ac%bc%ea%b0%80-%ec%a3%bc%e6%b4%b2/,"洲 .3급Ⅱ 氵: 물 수 州: 고을(물가) 주 물(氵) 옆의 물가(州)는? 물 옆의 물가 는 ‘ 물가 ’이지요. 물가 주 삼각주(三角洲), 육대주(六大洲), 호주(濠洲)"
州,고을 주,川,川(내) 천(모양),ok,고을 주(州),http://tonghanja.com/%ea%b3%a0%ec%9d%84-%ec%a3%bc%e5%b7%9e/,"州 .5급Ⅱ 川: 내 천 : 모양 내(川)에 많은 모래( )가 쌓이는 곳은? ‘ 州 ’는 내 에 많은 모래 가 쌓이는 곳인 ‘ 물가 ’를 나타낸 글자였으나, 후에 물가에 생기는 것인 ‘ 고을 ’을 뜻하게 되었답니다. 고을 주 주 (州: 고을 / 지방 행정 구역의 하나 ) , 충주(忠州), 청주(淸州)"
災,재앙 재,巛火,巛(川(내 천)의 이형) 火(불 화),ok,재앙 재(災),http://tonghanja.com/%ec%9e%ac%ec%95%99-%ec%9e%ac%e7%81%bd/,"災 .5급 巛: 川(내 천)의 이형 火: 불 화 내(巛)가 넘치거나 불(火)이 나는 것은? 내 가 넘치거나 불 이 나는 것은 ‘ 재앙 ’이지요. 재앙 재 재 앙 (災 殃 : 뜻하지 않은 불행한 변고 ) , 재난(災難), 재해(災害)"
巡,순행할 순,巛辵,巛(川(내 천)의 이형) 辶(갈 착),ok,순행할 순(巡),http://tonghanja.com/%ec%88%9c%ed%96%89%ed%95%a0-%ec%88%9c%e5%b7%a1/,"巡 .3급Ⅱ 巛: 川(내 천)의 이형 辶: 갈 착 내(巛)가 가는(辶) 것은? 냇 물이 가는 것은 ‘ 순행함 ’이지요. 순행할 순 순 행 (巡 行 : 여러 곳을 돌아다님 ) , 순방(巡訪), 순찰(巡察)"
順,순할 순,川頁,川(내 천) 頁(머리 혈),ok,순할 순(順),http://tonghanja.com/%ec%88%9c%ed%95%a0-%ec%88%9c%e9%a0%86/,"順 .5급Ⅱ 川: 내 천 頁: 머리 혈 내(川)처럼 머리(頁)를 숙이는 것은? 위에서 아래로 흐르는 내 처럼 거스르지 않고 머리 를 숙이는 것은 ‘ 순함 ’이지요. 순할 순 순 함 (順 함 : 거스르지 않는 성질을 지님 ) , 순응(順應), 순종(順從)"
訓,가르칠 훈,川言,言(말씀(말) 언) 川(내 천),ok,가르칠 훈(訓),http://tonghanja.com/%ea%b0%80%eb%a5%b4%ec%b9%a0-%ed%9b%88%e8%a8%93/,"訓 .6급 言: 말씀(말) 언 川: 내 천 말(言)하는 건데 내(川) 같은 것은? 말 하는 건데 위에서 아래로 흐르는 내 같은 것은 ‘ 가르침 ’이지요. 가르칠 훈 훈 화 (訓 話 : 가르치는 말 ) , 훈계(訓戒), 교훈(敎訓)"
川,내 천,,,none,내 천(川),http://tonghanja.com/%eb%82%b4-%ec%b2%9c%e5%b7%9d/,"川 .7급 물가( )와 물줄기(ㅣ)는? 물가 와 물줄기 로 된 것은 굽이진 ‘ 내 ’이지요. 내 천 개 천 ( 개 川: 내 / 강보다 작은 하천을 이르는 말 ) , 하천(河川)"
爐,화로 로,火盧,火(불 화) 盧(밥그릇 로),ok,화로 로(爐),http://tonghanja.com/%ed%99%94%eb%a1%9c-%eb%a1%9c%e7%88%90/,"爐 .3급Ⅱ 火: 불 화 盧: 밥그릇 로 불(火)을 담는 밥그릇(盧)은? 불 을 담아 놓는 밥그릇 은 ‘ 화로 ’이지요. 화로 로 화 로 ( 火 爐: 숯불을 담아 놓는 그릇 ) , 난로(暖爐), 향로(香爐)"
盧,밥그릇 로,田皿虍,虍(虎(범 호)의 이형) 田(모양) 皿(그릇 명),ok,밥그릇 로(盧),http://tonghanja.com/%eb%b0%a5%ea%b7%b8%eb%a6%87-%eb%a1%9c%e7%9b%a7/,"盧 .1급Ⅱ 虍: 虎(범 호)의 이형 田: 모양 皿: 그릇 명 범(虍)의 입 같은 용기(田)로 된 그릇(皿)은? 범 의 입같이 크게 벌어진 용기 로 된 그릇 은 ‘ 밥그릇 ’이지요. 밥그릇 로 * ‘盧’는 ‘ (술독 로)’에서 분화된 글자인데, ‘ ‘의 ‘田’는 끈(+)으로 술독(口)을 묶어놓은 모양입니다."
慮,생각할 려,思虍,虍(虎(범 호)의 이형) 思(생각 사),ok,생각할 려(慮),http://tonghanja.com/%ec%83%9d%ea%b0%81%ed%95%a0-%eb%a0%a4%e6%85%ae/,"慮 .4급 虍: 虎(범 호)의 이형 思: 생각 사 범(虍)을 생각(思)하는 것은? 범 을 생각 하는 것은 ‘ 생각함 (걱정함)’이지요. 생각할 려 염 려 ( 念 慮: 앞일에 대해 마음을 써서 걱정함 ) , 우려(憂慮), 고려(考慮) * ‘ 慮’는 ‘걱정하다’는 뜻으로도 쓰입니다."
號,부르짖을 호,丂虎,丂(숨 고) 虎(범 호),ok,부르짖을 호(號),http://tonghanja.com/%eb%b6%80%eb%a5%b4%ec%a7%96%ec%9d%84-%ed%98%b8%e8%99%9f/,"號 .6급 ㅁ: 입 구 丂: 숨 고 虎: 범 호 입(ㅁ)으로 숨(丂)을 범(虎)이 내뱉는 것은? 입 으로 숨 을 범 이 어흥 하고 내뱉는 것은 ‘ 부르짖음 ’이지요. 부르짖을 호 호 령 (號 令 : 큰 소리로 부르짖어 명령함 ) , 칭호(稱號), 번호(番號) * ‘號’는 부르짖듯 크게 부르는 것인 이름을 뜻하여 ‘이름 호’라고도 합니다."
處,곳 처,夂,夂(뒤져 올(발) 치),ok,곳 처(處),http://tonghanja.com/%ea%b3%b3-%ec%b2%98%e8%99%95/,"處 .4급Ⅱ (범 호)의 이형 夂: 뒤져 올(발) 치 범( )이 발(夂)을 뻗고 있는 곳은? 범 이 발 을 뻗고 있는 곳은 범이 사는 ‘ 곳 ’이지요. 곳 처 거 처 ( 居 處: 사는 곳) , 처소(處所), 처지(處地)"
實,열매 실,宀貫,宀(집 면) 貫(꿸 관),ok,열매 실(實),http://tonghanja.com/%ec%97%b4%eb%a7%a4-%ec%8b%a4%e5%af%a6/,"實 .5급Ⅱ 宀: 집 면 貫: 꿸 관 집(宀)에 걸어놓는 꿰미(貫)는? 집 에 걸어놓고 말리는 꿰미 는 ‘ 열매 ’이지요. 열매 실 실 과 (實 果 : 열매) , 실제(實際), 결실(結實) * 옛날에는 냉장고가 없어서 열매를 말려 먹었답니다."
慣,익숙할 관,心貫,忄(마음 심) 貫(꿸 관),ok,익숙할 관(慣),http://tonghanja.com/%ec%9d%b5%ec%88%99%ed%95%a0-%ea%b4%80%e6%85%a3/,"慣 .3급Ⅱ 忄: 마음 심 貫: 꿸 관 마음(忄)속으로 꿰고(貫) 있는 것은? 마음 속으로 무엇을 훤히 꿰고 있는 것은 무엇이 ‘ 익숙함 ’이지요. 익숙할 관 습관(習慣), 관행(慣行), 관례(慣例)"
貫,꿸 관,毌貝,毌(꿸 관) 貝(조개(돈) 패),ok,꿸 관(貫),http://tonghanja.com/%ea%bf%b8-%ea%b4%80%e8%b2%ab/,"貫 .3급Ⅱ 毌: 꿸 관 貝: 조개(돈) 패 돈(貝)을 꿰는(毌) 것은? 엽전 등의 구멍 뚫린 돈 을 꿰는 것은 ‘ 뀀 ’이지요. 꿸 관 관 통 (貫 通 : 꿰 뚫음 ) , 관철(貫徹), 일관(一貫)"
毌,꿸 관,,,none,꿸 관(毌),http://tonghanja.com/%ea%bf%b8-%ea%b4%80%e6%af%8c/,毌 .무급 물건들( )에 끈(一)을 넣는 것은? 겹쳐진 물건들 에 끈 을 넣는 것은 ‘ 뀀 ’이지요. 꿸 관
俱,함께 구,人具,亻(사람 인) 具(갖출 구),ok,함께 구(俱),http://tonghanja.com/%ed%95%a8%ea%bb%98-%ea%b5%ac%e4%bf%b1/,"俱 .3급 亻: 사람 인 具: 갖출 구 사람(亻)을 갖춘(具) 것은? 사람 을 여럿 갖춘 것은 ‘ 함께 ’이지요. 함께 구 구락부(俱樂部), 불구대천(不俱戴天) * 구락부(俱樂部:) 함께 즐기는 모임. ‘club’의 음역어(音譯語)."
具,갖출 구,廾目,目(모양) 廾(양손 공),ok,갖출 구(具),http://tonghanja.com/%ea%b0%96%ec%b6%9c-%ea%b5%ac%e5%85%b7/,"具 .5급Ⅱ 目: 모양 廾: 양손 공 여럿(目)을 양손(廾)으로 들고 있는 것은? 여러 물건을 양손 으로 들고 있는 것은 ‘ 갖춤 ’이지요. 갖출 구 구 비 (具 備 : 고루 다 갖춤) , 구현(具現), 기구(器具) * 갖추다: 여러 가지를 쓰임에 따라 미리 골고루 준비하다."
査,조사할 사,且木,木(나무 목) 且(또(여럿) 차),ok,조사할 사(査),http://tonghanja.com/%ec%a1%b0%ec%82%ac%ed%95%a0-%ec%82%ac%e6%9f%bb/,"査 .5급 木: 나무 목 且: 또(여럿) 차 나무(木)를 여럿(且) 쌓아놓은 곳에서 하는 것은? 나무 를 여러 개 쌓아놓은 곳에서 하는 것은 원하는 종류와 규격의 목재가 있는지 ‘ 조사함 ’이지요. 조사할 사 조 사 ( 調 査: 자세히 살피거나 찾아봄 ) , 검사(檢査), 심사(審査)"
宜,마땅할 의,且宀,宀(집 면) 且(또(여럿) 차),ok,마땅할 의(宜),http://tonghanja.com/%eb%a7%88%eb%95%85%ed%95%a0-%ec%9d%98%e5%ae%9c/,"宜 .3급 宀: 집 면 且: 또(여럿) 차 집(宀)에 여럿(且)을 쌓아두는 것은? 집 에 여러 재물을 쌓아두는 것은 ‘ 마땅함 ’이지요. 마땅할 의 의 당 (宜 當 : 마땅함) , 편의(便宜), 편의점(便宜店)"
助,도울 조,且力,且(또(여럿) 차) 力(힘 력),ok,도울 조(助),http://tonghanja.com/%eb%8f%84%ec%9a%b8-%ec%a1%b0%e5%8a%a9/,"助 .4급Ⅱ 且: 또(여럿) 차 力: 힘 력 여럿(且)이 힘(力)을 모으는 것은? 여러 사람이 힘 을 모으는 것은 남을 ‘ 도움 ’이지요. 도울 조 조 력 (助 力 : 힘써 도움) , 협조(協助), 원조(援助)"
租,조세 조,且禾,禾(벼(곡물) 화) 且(또(여럿) 차),ok,조세 조(租),http://tonghanja.com/%ec%a1%b0%ec%84%b8-%ec%a1%b0%e7%a7%9f/,租 .3급Ⅱ 禾: 벼(곡물) 화 且: 또(여럿) 차 곡물(禾)인데 여럿(且)에게 거두는 것은? 곡물 인데 여러 사람에게 거두는 것은 ‘ 조세 ’이지요. 조세 조 조 세 (租 稅 : 정부가 국민에게 거두는 재물 )
祖,조상 조,且示,示(보일(제단) 시) 且(또(여럿) 차),ok,조상 조(祖),http://tonghanja.com/%ec%a1%b0%ec%83%81-%ec%a1%b0%e7%a5%96/,"祖 .7급 示: 보일(제단) 시 且: 또(여럿) 차 제단(示)에 모신 여럿(且)은? 제단 의 위패에 모신 여러 사람은 ‘ 조상 ’이지요. 조상 조 조 상 (祖 上 : 돌아가신 어버이 위로 대대의 어른 ) , 조부모(祖父母), 선조(先祖)"
組,짤 조,且糸,糸(실 사) 且(또(여럿) 차),ok,짤 조(組),http://tonghanja.com/%ec%a7%a4-%ec%a1%b0%e7%b5%84/,"組 .4급 糸: 실 사 且: 또(여럿) 차 실(糸) 여럿(且)으로 하는 것은? 실 여러 가닥으로 하는 것은 베 따위를 ‘ 짬 ’이지요. 짤 조 조 직 (組 織 : 짬) , 조합(組合), 조립(組立)"
且,또 차,,,none,또 차(且),http://tonghanja.com/%eb%98%90-%ec%b0%a8%e4%b8%94/,"且 .3급 여럿( 目 )을 바닥(__)에 쌓은 것은? 여러 물건을 바닥 에 쌓은 것은 ‘ 또 ’ 쌓은 것이지요. 또 차 차치(且置), 구차(苟且), 중차대(重且大)"
廳,관청 청,广聽,广(집 엄) 聽(들을 청),ok,관청 청(廳),http://tonghanja.com/%ea%b4%80%ec%b2%ad-%ec%b2%ad%e5%bb%b3/,"廳 .4급 广: 집 엄 聽: 들을 청 집(广)인데 듣는(聽) 곳은? 집 인데 민원을 듣는 곳은 ‘ 관청 ’이지요. 관청 청 관 청 ( 官 廳: 벼슬아치가 일하는 곳 ) , 시청(市廳), 구청(區廳)"
聽,들을 청,王耳,耳(귀 이) 王(임금) 왕(悳의 이형),ok,들을 청(聽),http://tonghanja.com/%eb%93%a4%ec%9d%84-%ec%b2%ad%e8%81%bd/,"聽 .4급 耳: 귀 이 王: 임금 왕 : 悳의 이형 귀(耳)로 임금(王)이 덕( )을 쌓는 일은? 귀 로 임금 이 덕 을 쌓는 일은 백성과 신하들의 의견을 ‘ 들음 ’이지요. 들을 청 경 청 ( 傾 聽: 귀 기울여 들음) , 방청(傍聽), 청취(聽取)"
德,덕 덕,彳,彳(조금 걸을(걸을)) 척(悳(덕 덕)의 이형),ok,덕 덕(德),http://tonghanja.com/%eb%8d%95-%eb%8d%95%e5%be%b7/,"德 .5급Ⅱ 彳: 조금 걸을(걸을) 척 : 悳(덕 덕)의 이형 걸어서(彳) 쌓는 덕( )은? ‘ 걸어서 ’ 즉 ‘행(行)하여’ 쌓는 덕 은 ‘ 덕 ’이지요. 덕 덕 덕 (德: 올곧은 마음으로 행하는 일 ) , 덕행(德行), 도덕(道德)"
悳,덕 덕,心直,直(곧을 직) 心(마음 심),ok,덕 덕(悳),http://tonghanja.com/%eb%8d%95-%eb%8d%95%e6%82%b3/,悳 .1급Ⅱ 直: 곧을 직 心: 마음 심 곧은(直) 마음(心)으로 하는 것은? 올 곧은 마음 으로 행하는 것은 ‘ 덕 ’이지요. 덕 덕 * ‘悳’은 주로 이름자로 쓰입니다.
置,둘 치,直网,罒(그물 망) 直(곧을 직),ok,둘 치(置),http://tonghanja.com/%eb%91%98-%ec%b9%98%e7%bd%ae/,"置 .4급Ⅱ 罒: 그물 망 直: 곧을 직 그물(罒)을 곧게(直) 펴놓는 것은? 그물 을 곧게 펴놓는 것은 그물을 어떤 곳에 ‘ 둠 ’이지요. 둘 치 설 치 ( 設 置: 어떤 기관이나 설비 등을 베풀어 둠) , 장치(裝置), 방치(放置)"
値,값 치,人直,亻(사람 인) 直(곧을 직),ok,값 치(値),http://tonghanja.com/%ea%b0%92-%ec%b9%98%e5%80%a4/,"値 .3급Ⅱ 亻: 사람 인 直: 곧을 직 사람(亻)이 곧게(直) 재는 것은? 사람 이 구부러지거나 비뚤어지지 않고 곧게 재는 것은 ‘ 값 ’이지요. 값 치 수 치 ( 數 値: 계산하여 얻은 값) , 가치(價値), 최대치(最大値)"
植,심을 식,木直,木(나무 목) 直(곧을 직),ok,심을 식(植),http://tonghanja.com/%ec%8b%ac%ec%9d%84-%ec%8b%9d%e6%a4%8d/,"植 .7급 木: 나무 목 直: 곧을 직 나무(木)를 곧게(直) 세우는 것은? 나무 를 곧게 세우는 것은 나무를 ‘ 심음 ’이지요. 심을 식 식 목 (植 木 : 나무를 심음) , 식물(植物), 이식(移植)"
直,곧을 직,目,目(눈 목  𠃊: 숨을 은),ok,곧을 직(直),http://tonghanja.com/%ea%b3%a7%ec%9d%84-%ec%a7%81%e7%9b%b4/,"直 .7급Ⅱ ￣: 모양 ㅣ: 모양 目: 눈 목 𠃊: 숨을 은 대상( ￣ )을 향해 눈(目)에서 나가는 선(ㅣ)인데 숨은(𠃊) 것은? 대상 을 향해 눈 에서 나가는 선 인데 보이지 않고 숨은 것인 ‘시선’은 ‘ 곧음 ’이지요. ☞ 𠃊 : 벽( ) 뒤의 공간( )에서 하는 것인, 숨을 은 곧을 직 직 선 (直 線 : 곧은 선 ) , 직각(直角), 수직(垂直)"
面,낯 면,,,none,낯 면(面),http://tonghanja.com/%eb%82%af-%eb%a9%b4%e9%9d%a2/,"面 .7급 머리통( )의 면(囗)인데 눈(目)이 달린 곳은? 머리통 의 면 인데 눈 이 달린 곳은 ‘ 낯 (얼굴)’이지요. 낯 면 면 상 (面 上 : 낯 위 ) , 안면(顔面), 표면(表面)"
類,무리 류,犬米頁,米(쌀 미) 犬(개 견) 頁(머리 혈),ok,무리 류(類),http://tonghanja.com/%eb%ac%b4%eb%a6%ac-%eb%a5%98%e9%a1%9e/,"類 .5급Ⅱ 米: 쌀 미 犬: 개 견 頁: 머리 혈 쌀(米)밥에 개(犬)가 머리(頁)를 대게 하는 대상은? 쌀 밥에 개 가 머리 를 대게 하는 대상은 같은 ‘ 무리 ’이지요. 무리 류 동 류 ( 同 類: 같은 무리) , 부류(部類), 종류(種類) * 개는 다른 무리의 개에게는 자기 밥에 머리를 못 대게 하지요."
傾,기울 경,人頃,亻(사람 인) 頃(잠깐 경),ok,기울 경(傾),http://tonghanja.com/%ea%b8%b0%ec%9a%b8-%ea%b2%bd%e5%82%be/,"傾 .4급 亻: 사람 인 頃: 잠깐 경 사람(亻)이 잠깐(頃) 뒤에 하는 것은? 사람 이, 몸에서 머리를 베어내는 그 잠깐 뒤에 하는 것은 ‘ 기움 ’이지요. 기울 경 경 사 (傾 斜 : 비스듬히 기울어짐 ) , 경향(傾向), 경청(傾聽)"
頃,잠깐 경,,,none,잠깐 경(頃),http://tonghanja.com/%ec%9e%a0%ea%b9%90-%ea%b2%bd%e9%a0%83/,"頃 .3급Ⅱ 匕 : 모양 頁: 머리 혈 몸( 匕 )에서 머리(頁)를 베어내는 순간은? 몸 에서 머리 를 베어내는 순간은 ‘ 잠깐 ’이지요. 잠깐 경 경 각 (頃 刻 :잠깐 의 시각 ) , 식경(食頃)"
愼,삼갈 신,心眞,忄(마음 심) 眞(참 진),ok,삼갈 신(愼),http://tonghanja.com/%ec%82%bc%ea%b0%88-%ec%8b%a0%e6%84%bc/,"愼 .3급Ⅱ 忄: 마음 심 眞: 참 진 마음(忄)인데 몸( 匕 )에서 머리( )를 베어내는 모습에서 드는 것은? 마음 인데 죄인의 몸 에서 머리 를 베어내는 모습을 볼 때 드는 것은 ‘ 삼감 ’이지요. 삼갈 신 근 신 ( 謹 愼: 삼감) , 신중(愼重)"
鎭,진압할 진,眞金,金(쇠 금) 眞(참 진),ok,진압할 진(鎭),http://tonghanja.com/%ec%a7%84%ec%95%95%ed%95%a0-%ec%a7%84%e9%8e%ad/,"鎭 .3급Ⅱ 金: 쇠 금 眞: 참 진 쇠(金)붙이로 몸( 匕 )에서 머리( )를 베어내는 것은? 쇠 붙이로 죄인의 몸 에서 머리 를 베어내는 것은 죄인을 ‘ 진압함 ’이지요. 진압할 진 진 압 (鎭 壓 : 강압적인 힘으로 억눌러 진정시킴 ) , 진정(鎭靜), 진화(鎭火)"
眞,참 진,,,none,참 진(眞),http://tonghanja.com/%ec%b0%b8-%ec%a7%84%e7%9c%9e/,"眞 .4급Ⅱ 몸( 匕 )에서 머리( )를 베어내는 것은? 죄인의 몸 에서 머리 를 베어내는 것은 죄가 ‘ 참 ’이지요. ☞ : 首(머리 수)를 거꾸로 나타낸 모양. 참 진 진 짜 (眞 짜 : 거짓이나 위조가 아닌 참 인 것 ) , 진실(眞實), 진범(眞犯)"
懸,매달 현,心縣,縣(고을 현) 心(마음 심),ok,매달 현(懸),http://tonghanja.com/%eb%a7%a4%eb%8b%ac-%ed%98%84%e6%87%b8/,"懸 .3급Ⅱ 縣: 고을 현 心: 마음 심 고을(縣)에서 마음(心)을 삼가게 하려고 하는 일은? 고을 에서 마음 을 삼가게 하려고 하는 일은 머리를 ‘ 매닮 ’이지요. 매달 현 현 수 (懸 首 : 머리를 매닮) , 현판(懸板), 현수막(懸垂幕)"
縣,고을 현,県糸,県(베어낸 머리) 현(모양) 糸(실(줄) 사),ok,고을 현(縣),http://tonghanja.com/%ea%b3%a0%ec%9d%84-%ed%98%84%e7%b8%a3/,"縣 .3급 県: 베어낸 머리 현 : 모양 糸: 실(줄) 사 베어낸 머리(県)를 높은 곳( )에 줄(糸)로 매달아놓는 곳은? 베어낸 머리 를 높은 곳 에 줄 로 매달아놓는 곳은 ‘ 고을 ’이지요. 고을 현 현 (縣: 고을 / 옛 지방 행정 구역의 하나 ) , 군현(郡縣)"
県,베어낸 머리 현,,,none,베어낸 머리 현(県),http://tonghanja.com/%eb%b2%a0%ec%96%b4%eb%82%b8-%eb%a8%b8%eb%a6%ac-%ed%98%84%e7%9c%8c/,県 .무급 눈(目)과 머리통( )과 머리털( )은? ‘ 눈 과 머리통 과 머리털 ’ 즉 ‘거꾸로 뒤집힌 머리’는 몸에서 ‘ 베어낸 머리 ’이지요. 베어낸 머리 현
前,앞 전,䒑刀月,䒑(首의 이형) 月(고기(몸) 육) 刂(칼 도),ok,앞 전(前),http://tonghanja.com/%ec%95%9e-%ec%a0%84%e5%89%8d/,"前 .7급Ⅱ 䒑: 首의 이형 月: 고기(몸) 육 刂: 칼 도 우두머리(䒑)가 몸(月)에 칼(刂)을 차고 나아가는 곳은? 우두머리 가 몸 에 칼 을 차고 “나를 따르라.” 하며 나아가는 곳은 ‘ 앞 ’이지요. 앞 전 전 방 (前 方 : 앞 방향 ) , 전면(前面), 전진(前進)"
導,인도할 도,寸道,道(길 도) 寸(마디(손) 촌),ok,인도할 도(導),http://tonghanja.com/%ec%9d%b8%eb%8f%84%ed%95%a0-%eb%8f%84%e5%b0%8e/,"導 .4급Ⅱ 道: 길 도 寸: 마디(손) 촌 길(道)에서 손(寸)으로 하는 것은? 길 에서 손 으로 하는 것은 남을 ‘ 인도함 ’이지요. 인도할 도 인 도 ( 引 導: 남을 이끎 ) , 선도(先導), 지도(指導)"
道,길 도,辵首,首(머리 수) 辶(갈 착),ok,길 도(道),http://tonghanja.com/%ea%b8%b8-%eb%8f%84%e9%81%93/,"道 .7급Ⅱ 首: 머리 수 辶: 갈 착 머리(首)를 움직이며 가는(辶) 곳은? 머리 를 움직여 주위를 살피며 가는 곳은 ‘ 길 ’이지요. 길 도 도 로 (道 路 : 길) , 인도(人道), 차도(車道)"
首,머리 수,,,none,머리 수(首),http://tonghanja.com/%eb%a8%b8%eb%a6%ac-%ec%88%98%e9%a6%96/,"首 .5급Ⅱ 머리카락( )과 머리통( )과 눈(目)은? 머리카락 과 머리통 과 눈 으로 된 것은 ‘ 머리 ’이지요. 머리 수 수장(首長), 수령(首領), 원수(元首)"
暇,겨를 가,叚日,日(날(시간) 일) 叚(빌릴 가),ok,겨를 가(暇),http://tonghanja.com/%ea%b2%a8%eb%a5%bc-%ea%b0%80%e6%9a%87/,"暇 .4급 日: 날(시간) 일 叚: 빌릴 가 시간(日)인데 빌리는(叚) 것은? 시간 인데 주인이나 상사 등에게 빌리는 것은 ‘ 겨를 ’이지요. 겨를 가 휴 가 ( 休 暇: 쉬는 겨를) , 여가(餘暇), 한가(閑暇)"
假,거짓 가,人叚,亻(사람 인) 叚(빌릴 가),ok,거짓 가(假),http://tonghanja.com/%ea%b1%b0%ec%a7%93-%ea%b0%80%e5%81%87/,"假 .4급Ⅱ 亻: 사람 인 叚: 빌릴 가 사람(亻)이 빌려서(叚) 쓰는 것은? 사람 이 빌려서 쓰는 남의 얼굴은 ‘ 거짓 ’이지요. 거짓 가 가 짜 (假 짜 : 거짓 을 참처럼 꾸민 것 ) , 가면(假面), 가장(假裝)"
叚,빌릴 가,,,none,빌릴 가(叚),http://tonghanja.com/%eb%b9%8c%eb%a6%b4-%ea%b0%80%e5%8f%9a/,叚 .무급 사람( )이 가면( )을 손(又)으로 쓰는 것은? 사람 이 가면 을 손 으로 쓰는 것은 남의 얼굴을 ‘ 빌림 ’이지요. 빌릴 가
慘,참혹할 참,參心,忄(마음 심) 參(참여할 참),ok,참혹할 참(慘),http://tonghanja.com/%ec%b0%b8%ed%98%b9%ed%95%a0-%ec%b0%b8%e6%85%98/,"慘 .3급 忄: 마음 심 參: 참여할 참 마음(忄)인데 참여할(參) 때 드는 것은? 마음 인데 희생 제사 등에 참여할 때 드는 것은 ‘ 참혹함 ’이지요. 참혹할 참 참 혹 (慘 酷 : 비참하고 끔찍함 *酷·2급·심할 혹 ) , 참사(慘事), 비참(悲慘)"
參,참여할 참,㐱厽,厽(모일 루) 㐱(숱 많을 진),ok,참여할 참(參),http://tonghanja.com/%ec%b0%b8%ec%97%ac%ed%95%a0-%ec%b0%b8%e5%8f%83/,"參 .5급Ⅱ 厽: 모일 루 㐱: 숱 많을 진 모여서(厽) 숱이 많아진(㐱) 것은? 모여서 숱 이 많아진 것은 무리(黨)에 사람들이 ‘ 참여함 ’이지요. 참여할 참 참 여 (參 與 : 어떤 일에 끼어들어 관계함 ) , 참가(參加), 참석(參席)"
厽,모일 루,,,none,모일 루(厽),http://tonghanja.com/%eb%aa%a8%ec%9d%bc-%eb%a3%a8%e5%8e%bd/,厽 .무급 여럿(厽)이 한데 있는 것은? 여럿 이 한데 있는 것은 ‘ 모임 ’이지요. 모일 루
珍,보배 진,㐱王,王(구슬(옥) 옥) 㐱(숱 많을 진),ok,보배 진(珍),http://tonghanja.com/%eb%b3%b4%eb%b0%b0-%ec%a7%84%e7%8f%8d/,"珍 .4급 王: 구슬(옥) 옥 㐱: 숱 많을 진 옥(王)인데 숱이 많은(㐱) 것은? 옥 인데 줄무늬의 숱 이 많은 것은 ‘ 보배 ’이지요. 보배 진 진 귀 (珍 貴 : 보배 롭고 귀함 ) , 진미(珍味) * 옥에는 사람의 머리카락 같은 줄무늬가 있는데, 이 줄무늬가 많을수록 옥의 가치가 높답니다."
㐱,숱 많을 진,人彡,人(사람 인) 彡(터럭 삼),ok,숱 많을 진(㐱),http://tonghanja.com/%ec%88%b1-%eb%a7%8e%ec%9d%84-%ec%a7%84%e3%90%b1/,㐱 .무급 人: 사람 인 彡: 터럭 삼 사람(人)의 터럭(彡)은? 사람 의 터럭 인 머리카락은 ‘ 숱 이 많음 ’이지요. 숱 많을 진
暖,따뜻할 난,日爰,日(날(해) 일) 爰(당길 원),ok,따뜻할 난(暖),http://tonghanja.com/%eb%94%b0%eb%9c%bb%ed%95%a0-%eb%82%9c%e6%9a%96/,"暖 .4급Ⅱ 日: 날(해) 일 爰: 당길 원 해(日)가 당겨지면(爰)? 해 가 내 쪽으로 당겨지면 ‘ 따뜻함 ’이지요. 따뜻할 난 온 난 ( 溫 暖: 따뜻함) , 난로(暖爐), 난방(暖房)"
緩,느릴 완,爰糸,糸(실 사) 爰(당길 원),ok,느릴 완(緩),http://tonghanja.com/%eb%8a%90%eb%a6%b4-%ec%99%84%e7%b7%a9/,"緩 .3급Ⅱ 糸: 실 사 爰: 당길 원 실(糸)이 당겨지는(爰) 것은? ‘ 緩 ’은 실 이 당겨지는 것인 ‘ 느슨함 ’을 나타낸 글자였으나, 후에 의미가 발전하여 ‘ 느림 ’을 뜻하게 되었답니다. 느릴 완 이 완 ( 弛 緩: 느슨함 *弛·1급·느슨할 이 ) , 완화(緩和), 완급(緩急)"
援,도울 원,手爰,扌(손 수) 爰(당길 원),ok,도울 원(援),http://tonghanja.com/%eb%8f%84%ec%9a%b8-%ec%9b%90%e6%8f%b4/,"援 .4급 扌: 손 수 爰: 당길 원 손(扌)으로 당기는(爰) 것은? 손 으로 높은 곳에서 벗을 당기는 것은 ‘ 도움 ’이지요. 도울 원 지 원 ( 支 援: 지지하여 도움) , 구원(救援), 원조(援助)"
爰,당길 원,友爫,爫(손톱(손) 조  ㅡ: 모양) 友(벗 우),ok,당길 원(爰),http://tonghanja.com/%eb%8b%b9%ea%b8%b8-%ec%9b%90%e7%88%b0/,爰 .특급Ⅱ 爫: 손톱(손) 조 ㅡ: 모양 友: 벗 우 손(爫)으로 높은 곳(ㅡ)에서 벗(友)에게 하는 것은? 손 으로 높은 곳 에서 벗 에게 하는 것은 위로 ‘ 당김 ’이지요. 당길 원
友,벗 우,又,又(또(손) 우),ok,벗 우(友),http://tonghanja.com/%eb%b2%97-%ec%9a%b0%e5%8f%8b/,"友 .5급Ⅱ : 또(손) 우 又: 또(손) 우 손( )과 손(又)을 잡는 이는? 손 과 손 을 서로 잡는 이는 ‘ 벗 ’이지요. 벗 우 붕 우 ( 朋 友: 벗) , 교우(交友), 우정(友情)"
願,원할 원,原頁,原(근원 원) 頁(머리 혈),ok,원할 원(願),http://tonghanja.com/%ec%9b%90%ed%95%a0-%ec%9b%90%e9%a1%98/,"願 .5급 原: 근원 원 頁: 머리 혈 근원(原)처럼 머리(頁)에서 계속 생각나는 것은? 물이 계속 흘러나오는 근원 처럼 무엇이 머리 에서 계속 생각나는 것은 그 무엇을 ‘ 원함 ’이지요. 원할 원 원 함 (願 함 : 무엇을 바라거나 하고자 함 ) , 염원(念願), 소원(所願)"
源,근원 원,原水,氵(물 수) 原(근원 원),ok,근원 원(源),http://tonghanja.com/%ea%b7%bc%ec%9b%90-%ec%9b%90%e6%ba%90/,"源 .4급 氵: 물 수 原: 근원 원 물(氵)이 나오는 근원(原) 은? 물 이 흘러나오는 근원 은 ‘ 근원 ’이지요. 근원 원 근 원 ( 根 源: 물이 시작되는 곳 ) , 기원(基源), 원천(源泉) * ‘근원(根原/ 根源)’이란 뜻으로는 ‘原’과 ‘源’을 서로 바꾸어 쓰기도 합니다."
原,근원/언덕 원,厂,厂(기슭(언덕)) 엄(泉(샘 천)의 이형),ok,근원/언덕 원(原),http://tonghanja.com/%ea%b7%bc%ec%9b%90-%ec%96%b8%eb%8d%95-%ec%9b%90%e5%8e%9f/,"原 .5급 厂: 기슭(언덕) 엄 : 泉(샘 천)의 이형 언덕(厂)의 샘( )은? ‘ 原 ’은 언덕 의 샘 인 ‘ 근원 ’을 나타낸 글자였으나, 후에 근원이 있는 곳인 ‘ 언덕 ’을 뜻하게 되었답니다. 근원/언덕 원 근 원 ( 根 原: 물이 시작되는 곳 ) , 초원(草原), 평원(平原)"
線,줄 선,泉糸,糸(실 사) 泉(샘 천),ok,줄 선(線),http://tonghanja.com/%ec%a4%84-%ec%84%a0%e7%b7%9a/,"線 .6급Ⅱ 糸: 실 사 泉: 샘 천 실(糸) 같은 건데 샘(泉)처럼 생긴 것은? 실 같은 건데 샘 의 물줄기처럼 생긴 것은 ‘ 줄 ’이지요. 줄 선 선 (線: 줄) , 직선(直線), 곡선(曲線)"
泉,샘 천,水白,白(흰 백) 水(물 수),ok,샘 천(泉),http://tonghanja.com/%ec%83%98-%ec%b2%9c%e6%b3%89/,"泉 .4급 白: 흰 백 水: 물 수 흰(白) 물(水)이 솟는 곳은? ‘ 흰 물 ‘ 즉 ‘맑은 물’이 솟는 곳은 ‘ 샘 ’이지요. 샘 천 원 천 ( 源 泉: 물의 근원인 샘) , 온천(溫泉), 황천(黃泉)"
晩,늦을 만,免日,日(날(해) 일) 免(면할 면),ok,늦을 만(晩),http://tonghanja.com/%eb%8a%a6%ec%9d%84-%eb%a7%8c%e6%99%a9/,"晩 .3급Ⅱ 日: 날(해) 일 免: 면할 면 해(日)가 면한(免) 것은? 해 가 지상을 면한 (벗어난) 것은 때가 ‘ 늦음 ’이지요. 늦을 만 만 시 (晩 時 : 늦은 때 ) , 대기만성(大器晩成)"
勉,힘쓸 면,免力,免(면할 면) 力(힘 력),ok,힘쓸 면(勉),http://tonghanja.com/%ed%9e%98%ec%93%b8-%eb%a9%b4%e5%8b%89/,"勉 .4급 免: 면할 면 力: 힘 력 면하려고(免) 힘(力)으로 하는 것은? 위험한 상황 따위를 면하려고 힘 으로 하는 것은 ‘ 힘씀 ’이지요. 힘쓸 면 근 면 ( 勤 勉: 부지런히 일하며 힘씀) , 권면(勸勉), 면학(勉學)"
免,면할 면,兔,兔(토끼 토),ok,면할 면(免),http://tonghanja.com/%eb%a9%b4%ed%95%a0-%eb%a9%b4%e5%85%8d/,"免 .3급Ⅱ 兔: 토끼 토 토끼의 꼬리가 없는(免) 것은? 토끼의 꼬리가 없는 것은 토끼가 위험한 상황을 ‘ 면함 ’이지요. 면할 면 면 함 (免 함 : 벗어남 ) , 면제(免除), 모면(謀免)"
逸,달아날 일,兔辵,兔(토끼 토) 辶(갈 착),ok,달아날 일(逸),http://tonghanja.com/%eb%8b%ac%ec%95%84%eb%82%a0-%ec%9d%bc%e9%80%b8/,"逸 .3급Ⅱ 兔: 토끼 토 辶: 갈 착 토끼(兔)가 가는(辶) 것은? 토끼 가 뛰어 가는 것은 적에게 ‘ 달아남 ’이지요. 달아날 일 일탈( 逸 脫), 안일(安 逸 ) * ‘ 逸 ’은 토끼(兔)가 뛰어가서(辶) 적에게 달아나면 편안하다는 데서, ‘편안할 일’이라고도 합니다."
兔,토끼 토,,,none,토끼 토(兔),http://tonghanja.com/%ed%86%a0%eb%81%bc-%ed%86%a0%e5%85%94/,兔 .3급Ⅱ 귀( )와 머리( )와 몸통( )과 다리( )와 꼬리( )는? 귀 와 머리 와 몸통 과 다리 와 꼬리 로 된 것은 ‘ 토끼 ’이지요. 토끼 토 토사구팽(兔死狗烹)
粧,단장할 장,土广米,米(쌀 미) 广(집 엄) 土(흙 토),ok,단장할 장(粧),http://tonghanja.com/%eb%8b%a8%ec%9e%a5%ed%95%a0-%ec%9e%a5%e7%b2%a7/,"粧 .3급Ⅱ 米: 쌀 미 广: 집 엄 土: 흙 토 쌀(米)을 집(广)에 바른 흙(土)처럼 바르는 것은? 쌀 가루를, 집 에 바른 고운 흙 처럼, 얼굴에 바르는 것은 ‘ 단장함 ’이지요. 단장할 장 단 장 ( 丹 粧: 외모를 곱게 꾸밈 ) , 화장(化粧), 치장(治粧)"
本,근본 본,木,木(나무 목  _: 부분을 나타내는 선),ok,근본 본(本),http://tonghanja.com/%ea%b7%bc%eb%b3%b8-%eb%b3%b8%e6%9c%ac/,"本 .6급 木: 나무 목 _: 부분을 나타내는 선 나무(木)의 뿌리 부분( _ )은? ‘ 本 ’은 나무 의 뿌리 부분 에 선을 그어 ‘ 뿌리 ’를 나타낸 글자였으나, 후에 의미가 확장되어 ‘ 근본 ’을 뜻하게 되었답니다. 근본 본 근 본 ( 根 本: 초목의 뿌리/ 사물의 본질이나 본바탕 ) , 기본(基本), 본질(本質)"
殊,다를 수,朱歹,歹(부서진 뼈 알) 朱(붉을 주),ok,다를 수(殊),http://tonghanja.com/%eb%8b%a4%eb%a5%bc-%ec%88%98%e6%ae%8a/,"殊 .3급Ⅱ 歹: 부서진 뼈 알 朱: 붉을 주 뼈(歹)와 붉은(朱) 피가 보이는 상황은? 부서진 뼈 와 붉은 피가 보이는 상황은 보통 상황과 ‘ 다름 ’이지요. 다를 수 특 수 ( 特 殊: 특별하고 다름) , 수상(殊狀)"
珠,구슬 주,朱王,王(구슬 옥) 朱(붉을 주),ok,구슬 주(珠),http://tonghanja.com/%ea%b5%ac%ec%8a%ac-%ec%a3%bc%e7%8f%a0/,"珠 .3급Ⅱ 王: 구슬 옥 朱: 붉을 주 구슬(王)인데 붉은(朱) 빛을 띠는 것은? ‘ 珠 ’는 구슬 인데 붉은 빛을 띠는 것인 ‘ 진주 ’를 나타낸 글자였으나, 후에 ‘ 구슬 ’을 뜻하게 되었답니다. 구슬 주 진 주 ( 眞 珠: 조개가 만든 구슬) , 보주(寶珠), 주옥(珠玉) * 진주색: 옅은 붉은빛을 띤 흰색."
株,그루 주,木朱,木(나무 목) 朱(붉을 주),ok,그루 주(株),http://tonghanja.com/%ea%b7%b8%eb%a3%a8-%ec%a3%bc%e6%a0%aa/,"株 .3급Ⅱ 木: 나무 목 朱: 붉을 주 나무(木)의 붉은(朱) 부분은? 나무 의 붉은 부분은 ‘ 그루 ’이지요. 그루 주 주 (株: 그루 / 나무를 세는 단위 ) , 수주대토(守株待兔) * ‘株’는 ‘朱’가 ‘붉다’는 뜻으로 쓰이자, 후에 ‘木’을 덧붙여 원뜻을 나타낸 글자입니다."
朱,붉을 주,,급(木(나무 목)의 이형  ㅡ: 부분을 나타내는 선),image,붉을 주(朱),http://tonghanja.com/%eb%b6%89%ec%9d%84-%ec%a3%bc%e6%9c%b1/,"朱 .4급 : 木(나무 목)의 이형 ㅡ: 부분을 나타내는 선 나무( )의 그루 부분(ㅡ)은? ‘ 朱 ’는 나무 의 그루 (줄기 밑동) 부분 에 선을 길게 그어 ‘ 그루 ’를 나타낸 글자였으나, 후에 그루는 붉다는 데서 ‘ 붉음 ’을 뜻하게 되었답니다. ☞ : ‘未(아닐 미)’와 구분하려고 나뭇가지를 본래대로 나타낸 모양. 붉을 주 주 홍 (朱 紅 : 옅은 누른빛을 띤 붉은 색 ) , 주황(朱黃), 자주(紫朱)"
妹,누이 매,女未,女(여자 녀) 未(아닐 미),ok,누이 매(妹),http://tonghanja.com/%eb%88%84%ec%9d%b4-%eb%a7%a4%e5%a6%b9/,"妹 .4급 女: 여자 녀 未: 아닐 미 여자(女)가 아직 아닌(未) 이는? ‘ 妹 ’는 ‘ 여자 가 아직 아닌 이’ 즉 ‘어려서 아직 여자답지 않은 이’인 ‘ 손아래 누이 ’를 나타낸 글자였으나, 후에 의미가 확장되어 ‘ 누이 ’를 뜻하게 되었답니다. 누이 매 자매(姉妹), 남매(男妹), 매형(妹兄)"
味,맛 미,未,未(아닐 미),ok,맛 미(味),http://tonghanja.com/%eb%a7%9b-%eb%af%b8%e5%91%b3/,"味 .4급Ⅱ ㅁ: 입 구 未: 아닐 미 입(ㅁ)에서 아직 아니(未)라고 느껴지는 것은? 요리할 때 입 에서 아직 아니 라고 느껴지는 것은 ‘ 맛 ’이지요. 맛 미 미 각 (味 覺 : 맛 을 느끼는 감각 ) , 진미(珍味), 풍미(風味)"
未,아닐 미,木,木(나무 목  ⁻: 모양),ok,아닐 미(未),http://tonghanja.com/%ec%95%84%eb%8b%90-%eb%af%b8%e6%9c%aa/,"未 .4급Ⅱ 木: 나무 목 ⁻: 모양 나무(木)의 끝에 있는 짧은 가지( ⁻ )는? 나무 의 끝에 있는 짧은 가지 는 아직 다 자란 게 ‘ 아님 ’이지요. 아닐 미 미 완 (未 完 : 아직 완전하지 아니함) , 미숙(未熟), 미만(未滿) * ‘未’는 주로 ‘아직 ~아니다’라는 뜻으로 쓰입니다."
末,끝 말,木,木(나무 목  ￣: 부분을 나타내는 선),ok,끝 말(末),http://tonghanja.com/%eb%81%9d-%eb%a7%90%e6%9c%ab/,"末 .5급 木: 나무 목 ￣: 부분을 나타내는 선 나무(木)의 끝 부분(￣)은? ‘ 末 ’은 나무 의 끝 부분 에 선을 길게 그어 나무의 ‘ 끝 ’을 나타낸 글자입니다. 끝 말 말 단 (末 端 : 맨 끝) , 말미(末尾), 결말(結末)"
勇,날랠 용,力甬,甬(솟을 용) 力(힘 력),ok,날랠 용(勇),http://tonghanja.com/%eb%82%a0%eb%9e%a0-%ec%9a%a9%e5%8b%87/,"勇 .6급Ⅱ 甬: 솟을 용 力: 힘 력 힘(力)이 솟으면(甬)? 힘 이 솟으면 움직임이 ‘ 날램 ’이지요. 날랠 용 용 맹 (勇 猛 : 날래고 사나움 ) , 용감(勇敢), 용기(勇氣) * 날래다: 움직임이 나는 듯 빠르다."
誦,욀 송,甬言,言(말씀(말) 언) 甬(솟을 용),ok,욀 송(誦),http://tonghanja.com/%ec%9a%80-%ec%86%a1%e8%aa%a6/,"誦 .3급 言: 말씀(말) 언 甬: 솟을 용 말(言)을 솟게(甬) 하는 것은? 말 을 술술 솟게 하는 것은 ‘ 욈 ’이지요. 욀 송 암 송 ( 暗 誦: 보지 않고 욈) , 낭송(朗誦), 음송(吟誦)"
痛,아플 통,甬疒,疒(병들어 기댈(병) 녁) 甬(솟을 용),ok,아플 통(痛),http://tonghanja.com/%ec%95%84%ed%94%8c-%ed%86%b5%e7%97%9b/,"痛 .4급 疒: 병들어 기댈(병) 녁 甬: 솟을 용 병(疒)이 솟으면(甬)? 병 이 솟으면 ‘ 아픔 ’이지요. 아플 통 고 통 ( 苦 痛: 쓰리고 아픔) , 진통(陣痛), 통증(痛症)"
通,통할 통,甬辵,甬(솟을 용) 辶(갈 착),ok,통할 통(通),http://tonghanja.com/%ed%86%b5%ed%95%a0-%ed%86%b5%e9%80%9a/,"通 .6급 甬: 솟을 용 辶: 갈 착 솟아(甬) 가는(辶) 것은? 두레박이 솟아 가는 것은 우물을 ‘ 통함 ’이지요. 통할 통 통 함 (通 함 : 막힘없이 지나감 ) , 통행(通行), 통과(通過)"
甬,솟을 용,,,none,솟을 용(甬),http://tonghanja.com/%ec%86%9f%ec%9d%84-%ec%9a%a9%e7%94%ac/,甬 .특급Ⅱ 두레박(甬)이 하는 것은? 두레박 이 우물에서 하는 것은 위로 ‘ 솟음 ’이지요. 솟을 용 * 솟다: 아래에서 위로 또는 속에서 겉으로 나오다.
縮,줄 축,宿糸,糸(실 사) 宿(잘 숙),ok,줄 축(縮),http://tonghanja.com/%ec%a4%84-%ec%b6%95%e7%b8%ae/,"縮 .4급 糸: 실 사 宿: 잘 숙 실(糸)이 잘(宿) 때 눌리는 것은? 이불의 부푼 실 이 잘 때 몸에 눌리는 것은 ‘ 줆 ’이지요. 줄 축 축 소 (縮 小 : 작게 줆) , 압축(壓縮), 수축(收縮)"
宿,잘 숙,人宀百,宀(집 면) 亻(사람 인) 百(모양),ok,잘 숙(宿),http://tonghanja.com/%ec%9e%98-%ec%88%99%e5%ae%bf/,"宿 .5급Ⅱ 宀: 집 면 亻: 사람 인 百: 모양 집(宀)에서 사람(亻)이 잠자리(百)에 드는 것은? 집 에서 사람 이 잠자리 에 드는 것은 ‘ 잠 ’이지요. 잘 숙 숙 박 (宿 泊 : 잠을 자고 머무름 ) , 숙소(宿所), 숙식(宿食)"
百,일백 백,白,白(흰 백),ok,일백 백(百),http://tonghanja.com/%ec%9d%bc%eb%b0%b1-%eb%b0%b1%e7%99%be/,百 .7급 ㅡ: 하나 일 白: 흰 백 일(ㅡ) 백(白)은? 일 백 은 ‘ 일백 ’이지요. 일백 백 일 백 ( 一 百: 100 )
掌,손바닥 장,尙手,尙(오히려(높을) 상) 手(손 수),ok,손바닥 장(掌),http://tonghanja.com/%ec%86%90%eb%b0%94%eb%8b%a5-%ec%9e%a5%e6%8e%8c/,"掌 .3급Ⅱ 尙: 오히려(높을) 상 手: 손 수 높이(尙) 들 때 손(手)에서 쓰는 곳은? 무엇을 높이 들 때 손 에서 쓰는 곳은 ‘ 손바닥 ’이지요. 손바닥 장 장풍(掌風), 합장(合掌), 박장대소(拍掌大笑)"
黨,무리 당,尙黑,尙(오히려(높을) 상) 黑(검을 흑),ok,무리 당(黨),http://tonghanja.com/%eb%ac%b4%eb%a6%ac-%eb%8b%b9%e9%bb%a8/,"黨 .4급Ⅱ 尙: 오히려(높을) 상 黑: 검을 흑 높은(尙) 집에서 내려다보면 검은(黑) 것은? 높은 집에서 내려다보면 검은 것은 ‘ 무리 ’이지요. 무리 당 일 당 ( 一 黨: 한 무리) , 여당(與黨), 야당(野黨) * 동양인들은 머리카락이 검지요."
當,마땅할 당,尙田,尙(오히려(높을) 상) 田(밭 전),ok,마땅할 당(當),http://tonghanja.com/%eb%a7%88%eb%95%85%ed%95%a0-%eb%8b%b9%e7%95%b6/,"當 .5급Ⅱ 尙: 오히려(높을) 상 田: 밭 전 높은(尙) 집 앞에 밭(田)이 있는 것은? 높은 집 앞에 텃 밭 이 있는 것은 ‘ 마땅함 ’이지요. 마땅할 당 당 연 (當 然 : 마땅히 그러함 ) , 타당(妥當), 온당(穩當)"
堂,집 당,土尙,尙(오히려(높을) 상) 土(흙(땅) 토),ok,집 당(堂),http://tonghanja.com/%ec%a7%91-%eb%8b%b9%e5%a0%82/,"堂 .6급Ⅱ 尙: 오히려(높을) 상 土: 흙(땅) 토 높은(尙) 집인데 땅(土) 위에 지은 것은? 높은 집인데, 굴방처럼 땅속이 아닌 땅 위에 지은 것은 ‘ 집 ’이지요. 집 당 전 당 ( 殿 堂: 높고 크게 지은 집) , 강당(講堂), 당당(堂堂)"
嘗,맛볼 상,匕尙曰,尙(오히려(높을) 상) 匕(숟가락 비) 曰(모양),ok,맛볼 상(嘗),http://tonghanja.com/%eb%a7%9b%eb%b3%bc-%ec%83%81%e5%98%97/,"嘗 .3급 尙: 오히려(높을) 상 匕: 숟가락 비 曰: 모양 높이(尙) 숟가락(匕)을 들어 입(曰)에 넣는 것은? 높이 숟가락 을 들어 입 에 넣는 것은 음식을 ‘ 맛봄 ’이지요. 맛볼 상 와신상담(臥薪嘗膽 *薪·1급·섶 신 *膽·2급·쓸개 담) * 와신상담(臥薪嘗膽): 섶에 누워 쓸개를 맛본다는 뜻으로, 마음먹은 일을 이루려고 어려움을 참고 견딤을 이르는 말."
償,갚을 상,人賞,亻(사람 인) 賞(상 상),ok,갚을 상(償),http://tonghanja.com/%ea%b0%9a%ec%9d%84-%ec%83%81%e5%84%9f/,"償 .3급Ⅱ 亻: 사람 인 賞: 상 상 사람(亻)에게 상(賞)을 주는 것은? 사람 에게 상 을 주는 것은 공로를 상으로 ‘ 갚음 ’이지요. 갚을 상 보 상 ( 補 償: 무엇을 다른 것으로 메우고 갚음) , 변상(辨償)"
賞,상줄 상,尙貝,尙(오히려(높을) 상) 貝(조개(재물) 패),ok,상줄 상(賞),http://tonghanja.com/%ec%83%81%ec%a4%84-%ec%83%81%e8%b3%9e/,"賞 .5급 尙: 오히려(높을) 상 貝: 조개(재물) 패 높은(尙) 집에서 재물(貝)을 주는 것은? 관청이나 궁궐 등의 높은 집에서 재물 을 주는 것은 ‘ 상줌 ’이지요. 상줄 상 상 줌 (賞 줌 : 잘한 일을 칭찬하려고 재물이나 증서를 줌 ) , 상품(賞品), 상금(賞金)"
常,항상 상,尙巾,尙(오히려(높을) 상) 巾(수건(천) 건),ok,항상 상(常),http://tonghanja.com/%ed%95%ad%ec%83%81-%ec%83%81%e5%b8%b8/,"常 .4급Ⅱ 尙: 오히려(높을) 상 巾: 수건(천) 건 높은(尙) 집처럼 생긴 천(巾)을 두르는 때는? 높은 집 처럼 생긴 천 인 치마를 두르는 때는 ‘ 항상 ’이지요. 항상 상 항 상 ( 恒 常: 늘/ 언제나 ) , 일상(日常), 평상시(平常時)"
裳,치마 상,尙衣,尙(오히려(높을) 상) 衣(옷 의),ok,치마 상(裳),http://tonghanja.com/%ec%b9%98%eb%a7%88-%ec%83%81%e8%a3%b3/,"裳 .3급Ⅱ 尙: 오히려(높을) 상 衣: 옷 의 높은(尙) 집처럼 생긴 옷(衣)은? 높은 집 처럼 생긴 옷 은 ‘ 치마 ’이지요. 치마 상 의상(衣裳), 동가홍상(同價紅裳) * 동가홍상(同價紅裳): 같은 값이면 다홍치마란 뜻으로, 같은 값이면 품질이 좋은 것을 택함을 이르는 말."
尙,오히려 상,八向,八(모양) 向(모양),ok,오히려 상(尙),http://tonghanja.com/%ec%98%a4%ed%9e%88%eb%a0%a4-%ec%83%81%e5%b0%99/,"尙 .3급Ⅱ 八: 모양 向: 모양 지붕(八)이 있는 집(向)은? ‘ 尙 ’은 八자 모양의 지붕 이 있는 집 은 ‘ 높음 ‘을 나타낸 글자였으나, 후에 의미가 발전되어 ‘ 오히려 ’를 뜻하게 되었답니다. 오히려 상 고 상 ( 高 尙: 높음 ) , 숭상(崇尙)"
向,향할 향,宀,宀(집 면  ㅁ: 모양),ok,향할 향(向),http://tonghanja.com/%ed%96%a5%ed%95%a0-%ed%96%a5%e5%90%91/,"向 .6급 宀: 집 면 ㅁ: 모양 집(宀)의 입구(ㅁ)를 정할 때 고려하는 것은? 집 의 입구 를 정할 때 고려하는 것은 ‘ 향함 ’이지요. 향할 향 향 함 (向 함 : 어느 한쪽을 정면이 되게 함 ) , 방향(方向), 남향(南向)"
邊,가 변,方穴自辵,自(스스로(코) 자) 穴(굴(구멍) 혈) 方(모(방) 방) 辶(갈 착),ok,가 변(邊),http://tonghanja.com/%ea%b0%80-%eb%b3%80%e9%82%8a/,"邊 .4급Ⅱ 自: 스스로(코) 자 穴: 굴(구멍) 혈 方: 모(방) 방 辶: 갈 착 콧(自)구멍(穴) 방(方)처럼 바깥쪽으로 가면(辶) 있는 것은? 콧구멍 방 의 모양처럼 바깥쪽으로 가면 있는 것은 ‘ 가 (가장자리)’이지요. 가 변 변 두리 (邊 두리 : 어떤 곳의 가장자리 ) , 변방(邊方), 주변(周邊)"
激,격할 격,放水白,氵(물 수) 白(흰 백) 放(놓을(방출할) 방),ok,격할 격(激),http://tonghanja.com/%ea%b2%a9%ed%95%a0-%ea%b2%a9%e6%bf%80/,"激 .4급 氵: 물 수 白: 흰 백 放: 놓을(방출할) 방 물(氵)이 하얗게(白) 방출되는(放) 것은? 물 이 하얗게 방출되는 것은 물이 ‘ 격함 ’이지요. 격할 격 격 함 (激 함 : 기세 따위가 급하고 거셈 ) , 격렬(激烈), 격랑(激浪)"
傲,거만할 오,人土放,亻(사람 인) 土(흙(땅) 토) 放(놓을(방출할) 방),ok,거만할 오(傲),http://tonghanja.com/%ea%b1%b0%eb%a7%8c%ed%95%a0-%ec%98%a4%e5%82%b2/,"傲 .3급 亻: 사람 인 土: 흙(땅) 토 放: 놓을(방출할) 방 사람(亻)을 땅(土)으로 방출시키는(放) 것은? 다른 사람 을 땅 바닥으로 방출시키는 것은 ‘ 거만함 (倨慢함)’이지요. 거만할 오 오 만 (傲 慢 : 거만하고 건방짐 ) , 오기(傲氣) * 거만하다: 잘난 체하며 남을 낮추어 보거나 하찮게 여기다."
倣,본뜰 방,人放,亻(사람 인) 放(놓을(방출할) 방),ok,본뜰 방(倣),http://tonghanja.com/%eb%b3%b8%eb%9c%b0-%eb%b0%a9%e5%80%a3/,倣 .3급 亻: 사람 인 放: 놓을(방출할) 방 사람(亻)이 방출시켜서(放) 하는 것은? 사람 이 어떤 재료를 ‘ 방출시켜서 ’ 즉 ‘파내서’ 하는 것은 ‘ 본뜸 (本뜸)’이지요. 본뜰 방 모 방 ( 模 倣: 사물의 형상을 본뜸)
放,놓을 방,攵方,方(모(방) 방) 攵(칠 복),ok,놓을 방(放),http://tonghanja.com/%eb%86%93%ec%9d%84-%eb%b0%a9%e6%94%be/,"放 .6급Ⅱ 方: 모(방) 방 攵: 칠 복 방(方)을 치는(攵) 것은? ‘ 방 을 치는 것’ 즉 ‘굴방을 연장으로 파는 것’은 흙을 밖으로 ‘내 놓음 ’이지요. 놓을 방 방 출 (放 出 : 내 놓음) , 추방(追放), 해방(解放)"
傍,곁 방,人旁,亻(사람 인) 旁(곁 방),ok,곁 방(傍),http://tonghanja.com/%ea%b3%81-%eb%b0%a9%e5%82%8d/,"傍 .3급 亻: 사람 인 旁: 곁 방 사람(亻)의 곁(旁)은? 사람 의 곁 은 ‘ 곁 ’이지요. 곁 방 방관(傍觀), 방청(傍聽), 방약무인(傍若無人)"
旁,곁 방,方立,立(설) 립(모양) 方(모(방향) 방),ok,곁 방(旁),http://tonghanja.com/%ea%b3%81-%eb%b0%a9%e6%97%81/,旁 .1급Ⅱ 立: 설 립 : 모양 方: 모(방향) 방 서(立) 있는 사람의 양옆( ) 방향(方)에 있는 것은? 서 있는 사람의 양옆 방향 에 있는 것은 ‘ 곁 ’이지요. 곁 방
芳,꽃다울 방,方艸,艹(풀 초) 方(모(방) 방),ok,꽃다울 방(芳),http://tonghanja.com/%ea%bd%83%eb%8b%a4%ec%9a%b8-%eb%b0%a9%e8%8a%b3/,"芳 .3급Ⅱ 艹: 풀 초 方: 모(방) 방 풀(艹)인데 방(方)이 생긴 것은? 풀 인데 씨 방 이 생긴 것은 ‘ 꽃다움 ’이지요. 꽃다울 방 방 초 (芳 草 : 꽃다운 풀 ) , 방향(芳香), 방년(芳年)"
防,막을 방,方阝,阝(언덕 부) 方(모(방) 방),ok,막을 방(防),http://tonghanja.com/%eb%a7%89%ec%9d%84-%eb%b0%a9%e9%98%b2/,"防 .4급Ⅱ 阝: 언덕 부 方: 모(방) 방 언덕(阝)의 방(方)이 하는 것은? 언덕 의 굴 방 이 하는 것은 황하의 강물을 ‘ 막음 ’이지요. 막을 방 방 어 (防 禦 : 막음 *禦·1급·막을 어 ) , 방지(防止), 예방(豫防)"
妨,방해할 방,女方,女(여자 녀) 方(모(방) 방),ok,방해할 방(妨),http://tonghanja.com/%eb%b0%a9%ed%95%b4%ed%95%a0-%eb%b0%a9%e5%a6%a8/,"妨 .4급 女: 여자 녀 方: 모(방) 방 여자(女)에게 방(方)에서 하는 것은? 여자 에게 식구들이 방 에서 하는 것은 여자의 일을 ‘ 방해함 ’이지요. 방해할 방 방 해 (妨 害 : 일을 못 하게 훼방을 놓음 ), 무방(無妨)"
訪,찾을 방,方言,言(말씀(말) 언) 方(모(방) 방),ok,찾을 방(訪),http://tonghanja.com/%ec%b0%be%ec%9d%84-%eb%b0%a9%e8%a8%aa/,"訪 .4급Ⅱ 言: 말씀(말) 언 方: 모(방) 방 말(言)을 방(方) 앞에서 하는 것은? “안에 개똥이 있는가?”처럼 말 을 방 앞에서 하는 것은 누구를 ‘ 찾음 ’이지요. 찾을 방 방 문 (訪 問 : 찾아 가서 안부 등을 물음 ) , 탐방(探訪), 순방(巡訪)"
房,방 방,戶方,戶(집(지게) 호) 方(모(방) 방),ok,방 방(房),http://tonghanja.com/%eb%b0%a9-%eb%b0%a9%e6%88%bf/,"房 .4급Ⅱ 戶: 집(지게) 호 方: 모(방) 방 지게(戶)가 달린 방(方)은? 지게 문이 달린 방 은 ‘ 방 ’이지요. 방 방 방 (房: 사람이 살거나 일을 하기 위하여 벽 따위로 막아 만든 공간 ) , 안방(안房), 사랑방(舍廊房) * ‘房’은 ‘方’이 ‘모’라는 뜻으로 쓰이자, 후에 ‘戶’를 덧붙여 원뜻을 나타낸 글자입니다."
方,모 방,,,none,모 방(方),http://tonghanja.com/%eb%aa%a8-%eb%b0%a9%e6%96%b9/,"方 .7급Ⅱ 굴방( )의 입구( )를 정할 때 고려하는 것은? ‘ 方 ‘은 굴방 의 입구 를 정할 때 고려하는 것인 ‘ 방향 ‘을 나타낸 글자였으나, 후에 방향은 동서남북의 네 모(모퉁이)로 나타낸다는 데서 ‘ 모 ’를 뜻하게 되었답니다. 모 방 방 향 (方 向 : 어떤 방위 를 향한 쪽 ) , 방위(方位), 방면(方面) * 굴방의 입구는 대개 남방으로 정하지요."
忽,갑자기 홀,勿心,勿(말(없을) 물) 心(마음 심),ok,갑자기 홀(忽),http://tonghanja.com/%ea%b0%91%ec%9e%90%ea%b8%b0-%ed%99%80%e5%bf%bd/,忽 .3급Ⅱ 勿: 말(없을) 물 心: 마음 심 없던(勿) 마음(心)이 생기는 것은? 없던 마음 이 생기는 것은 ‘ 갑자기 ’이지요. 갑자기 홀 홀 연 (忽 然 : 갑자기)
物,물건 물,勿牛,牛(소 우) 勿(말(없앨) 물),ok,물건 물(物),http://tonghanja.com/%eb%ac%bc%ea%b1%b4-%eb%ac%bc%e7%89%a9/,"物 .7급Ⅱ 牛: 소 우 勿: 말(없앨) 물 소(牛)를 없애서(勿) 구하는 것은? 소 를 없애서 생긴 소고기로 물물교환을 하여 구하는 것은 ‘ 물건 ’이지요. 물건 물 물 건 (物 件 : 일정한 형체를 갖춘 모든 물질적 대상 ) , 물품(物品), 재물(財物)"
勿,말 물,刀,刀(칼) 도(모양),ok,말 물(勿),http://tonghanja.com/%eb%a7%90-%eb%ac%bc%e5%8b%bf/,勿 .3급Ⅱ 刀: 칼 도 : 모양 칼(刀)에 피( ) 묻히는 일은? 칼 에 피 묻히는 일은 하지 ‘ 말 라’이지요. 말 물 물론(勿論) * ‘勿’은 칼에 피 묻히는 일은 대상을 없애는 것이라 하여 ‘없앨/없을 물’이라고도 합니다.
容,얼굴 용,,,none,얼굴 용(容),http://tonghanja.com/%ec%96%bc%ea%b5%b4-%ec%9a%a9%e5%ae%b9/,"容 .4급Ⅱ 머리(宀)와 눈( )과 수염( )과 입(ㅁ)은? ‘ 容 ’은 집 (宀)에 있는 ‘ 골짜기 (谷)처럼 생긴 것’인 ‘그릇(◡)’에 무엇을 ‘ 담음 ’을 나타낸 글자였으나, 후에 ‘ 얼굴 ’을 뜻하게 되었답니다. 얼굴 용 용 모 (容 貌 : 얼굴 모양 ) , 수용(收容), 용기(容器)"
慾,욕심 욕,心欲,欲(바랄 욕) 心(마음 심),ok,욕심 욕(慾),http://tonghanja.com/%ec%9a%95%ec%8b%ac-%ec%9a%95%e6%85%be/,"慾 .3급Ⅱ 欲: 바랄 욕 心: 마음 심 바라는(欲) 마음(心)은? 무엇을 바라는 마음 은 ‘ 욕심 ’이지요. 욕심 욕 욕 심 (慾 心 : 무엇을 바라는 마음 ) , 욕망(慾望), 욕구(慾求) * ‘欲’과 ‘慾’은 서로 바꾸어 쓰기도 합니다."
欲,바랄 욕,欠谷,谷(골짜기 곡) 欠(하품(입 벌린 사람) 흠),ok,바랄 욕(欲),http://tonghanja.com/%eb%b0%94%eb%9e%84-%ec%9a%95%e6%ac%b2/,"欲 .3급Ⅱ 谷: 골짜기 곡 欠: 하품(입 벌린 사람) 흠 골짜기(谷)처럼 입 벌린 사람(欠)이 하는 것은? 골짜기 처럼 크게 입 벌린 사람 이 자기의 빈속을 채우고자 하는 것은 ‘ 바람 ’이지요. 바랄 욕 욕 망 (欲 望 : 바람) , 욕심(欲心), 욕구(欲求) * ‘欲’은 ‘하고자 할 욕’이라고도 합니다."
浴,목욕할 욕,水谷,氵(물 수) 谷(골짜기 곡),ok,목욕할 욕(浴),http://tonghanja.com/%eb%aa%a9%ec%9a%95%ed%95%a0-%ec%9a%95%e6%b5%b4/,"浴 .5급 氵: 물 수 谷: 골짜기 곡 골짜기(谷)의 물(氵)에서 하는 것은? 골짜기 의 물 인 계곡물에서 하는 것은 ‘ 목욕함 ’이지요. 목욕할 욕 목 욕 ( 沐 浴: 온몸을 씻는 일 *沐·2급·목욕할 목 ) , 욕탕(浴湯), 욕실(浴室)"
裕,넉넉할 유,衣谷,衤(옷 의) 谷(골짜기 곡),ok,넉넉할 유(裕),http://tonghanja.com/%eb%84%89%eb%84%89%ed%95%a0-%ec%9c%a0%e8%a3%95/,"裕 .3급Ⅱ 衤: 옷 의 谷: 골짜기 곡 옷(衤)에 골짜기(谷) 같은 주름이 있는 것은? 옷 에 골짜기 같은 주름이 있는 것은 옷이 ‘ 넉넉함 ’이지요. 넉넉할 유 여 유 ( 餘 裕: 넉넉하여 남음 ) , 부유(富裕), 유복(裕福)"
俗,풍속 속,人谷,亻(사람 인) 谷(골짜기 곡),ok,풍속 속(俗),http://tonghanja.com/%ed%92%8d%ec%86%8d-%ec%86%8d%e4%bf%97/,"俗 .4급Ⅱ 亻: 사람 인 谷: 골짜기 곡 사람(亻)이 골짜기(谷)에서 살면 생기는 것은? 사람 이 골짜기 에서 모여 살면 생기는 것은 ‘ 풍속 ’이지요. 풍속 속 풍 속 ( 風 俗: 지역의 사회적인 습관 ) , 민속(民俗), 통속(通俗)"
谷,골짜기 곡,,,none,골짜기 곡(谷),http://tonghanja.com/%ea%b3%a8%ec%a7%9c%ea%b8%b0-%ea%b3%a1%e8%b0%b7/,"谷 .3급Ⅱ 산(ㅅ)과 산(ㅅ) 사이의 골(ㅁ)은? 산 과 산 사이의 골 은 ‘ 골짜기 ’이지요. 골짜기 곡 계 곡 ( 溪 谷 : 물이 흐르는 골짜기) , 유곡(幽谷), 협곡(峽谷) * 골: 1. 파지거나 들어간 자리. 2. 골짜기. * ‘谷’은 ‘골 곡’이라고도 합니다."
驚,놀랄 경,,,none,놀랄 경(驚),http://tonghanja.com/%eb%86%80%eb%9e%84-%ea%b2%bd%e9%a9%9a/,"驚 .4급 苟: 구차할(무릎 꿇은 아이) 구 攵: 칠(때릴) 복 馬: 말 마 무릎 꿇은 아이(苟)를 때리면(攵) 말(馬)처럼 하는 것은? 무릎 꿇은 아이 를 때리면 말 처럼 하는 것은 아이가 ‘ 놀람 ’이지요. 놀랄 경 경 악 (驚 愕 : 놀람 *愕·1급·놀랄 악 ) , 경기(驚氣)"
警,경계할 경,,,none,경계할 경(警),http://tonghanja.com/%ea%b2%bd%ea%b3%84%ed%95%a0-%ea%b2%bd%e8%ad%a6/,"警 .4급Ⅱ 苟: 구차할(무릎 꿇은 아이) 구 攵: 칠(때릴) 복 言: 말씀(말) 언 무릎 꿇은 아이(苟)를 때리며(攵) 말(言)하는 것은? 무릎 꿇은 아이 를 때리며 앞으로 그러지 말라고 말 하는 것은 ‘ 경계함 ’이지요. 경계할 경 경 계 (警 戒 : 잘못된 일을 하지 않도록 타일러 주의하게 함 ) , 경고(警告), 경보(警報)"
敬,공경할 경,,,none,공경할 경(敬),http://tonghanja.com/%ea%b3%b5%ea%b2%bd%ed%95%a0-%ea%b2%bd%e6%95%ac/,"敬 .5급Ⅱ 苟: 구차할(무릎 꿇은 아이) 구 攵: 칠(때릴) 복 무릎 꿇은 아이(苟)를 때리면(攵)? 윗사람이 무릎 꿇은 아이 를 때리면 윗사람을 아이가 ‘ 공경함 ’이지요. 공경할 경 공 경 ( 恭 敬: 공손히 섬김 ) , 존경(尊敬), 외경(畏敬)"
苟,진실로/구차할 구,,,none,진실로/구차할 구(苟),http://tonghanja.com/%ea%b5%ac%ec%b0%a8%ed%95%a0-%ea%b5%ac%e8%8b%9f/,苟 .3급 양갈래 머리(艹)의 무릎 꿇은 사람(句)은? 양갈래 머리 의 무릎 꿇은 사람 인 ‘무릎 꿇은 아이’는 언행이 ‘ 진실로 (참으로)’ ‘ 구차함 ’이지요. 진실로 / 구차할 구 구 차 (苟 且 : 말이나 행동이 떳떳하거나 버젓하지 못함 ) * 옛날 중국에서는 아이들이 양갈래 머리를 했답니다.
狗,개 구,句犬,犭(개 견) 句(글귀(올가미) 구),ok,개 구(狗),http://tonghanja.com/%ea%b0%9c-%ea%b5%ac%e7%8b%97/,"狗 .3급 犭: 개 견 句: 글귀(올가미) 구 개(犭)인데 올가미(句)를 차고 있는 것은? 개 인데 ‘ 올가미 ’ 즉 ‘목줄’을 차고 있는 것은 ‘ 개 ’이지요. 개 구 백구(白狗), 황구(黃狗), 양두구육(羊頭狗肉)"
拘,잡을 구,句手,扌(손 수) 句(글귀(올가미) 구),ok,잡을 구(拘),http://tonghanja.com/%ec%9e%a1%ec%9d%84-%ea%b5%ac%e6%8b%98/,"拘 .3급Ⅱ 扌: 손 수 句: 글귀(올가미) 구 손(扌)으로 올가미(句)처럼 하는 것은? 손 으로 어떤 물체를 올가미 처럼 둘러싸는 것은 ‘ 잡음 ’이지요. 잡을 구 구 속 (拘 束 : 잡아서 속박함 ) , 구치(拘置), 구금(拘禁)"
句,글귀 구,勹,勹(쌀 포  ㅁ: 입(말) 구),ok,글귀 구(句),http://tonghanja.com/%ea%b8%80%ea%b7%80-%ea%b5%ac%e5%8f%a5/,"句 .4급Ⅱ 勹: 쌀 포 ㅁ: 입(말) 구 싸인(勹) 말(ㅁ)은? ‘ 句 ‘는 어떤 물체 (ㅁ)를 둘러싼 올가미 (勹)를 나타낸 글자였으나, 후에 하나로 싸인 두 단어 이상의 말 인 ‘ 글귀 ’를 뜻하게 되었답니다. 글귀 구 구 (句: 글귀 / 문장의 일부가 되는 두 단어 이상의 말 ) , 구절(句節), 문구(文句)"
姦,간음할 간,女,女(여자 녀) 女(여자 녀) 女(여자 녀),ok,간음할 간(姦),http://tonghanja.com/%ea%b0%84%ec%82%ac%ed%95%a0-%ea%b0%84%e5%a7%a6/,"姦 .3급 女: 여자 녀 女: 여자 녀 女: 여자 녀 많은 여자(女女女)와 관계를 하는 것은? 많은 여자 와 성관계를 하는 것은 남자가 ‘ 간음함 ’이지요. 간음할 간 간 음 (姦 淫 : 부정한 성관계를 함 ) , 간통(姦通), 강간(強姦)"
接,이을 접,妾手,扌(손 수) 妾(첩(여종) 첩),ok,이을 접(接),http://tonghanja.com/%ec%9d%b4%ec%9d%84-%ec%a0%91%e6%8e%a5/,"接 .4급Ⅱ 扌: 손 수 妾: 첩(여종) 첩 손(扌)으로 여종(妾)이 하는 것은? 손 으로 여종 이 하는 것은 일거리에 손을 ‘ 이음 ’이지요. 이을 접 접 촉 (接 觸 : 이어서 닿음 ) , 접착(接着), 접합(接合)"
妾,첩 첩,女立,立(설 립) 女(여자 녀),ok,첩 첩(妾),http://tonghanja.com/%ec%b2%a9-%ec%b2%a9%e5%a6%be/,"妾 .3급 立: 설 립 女: 여자 녀 서서(立) 시중드는 여자(女)는? ‘ 妾 ’은 서서 시중드는 여자 인 ‘ 여종 ’ 을 나타낸 글자였으나, 후에 ‘ 첩 ’을 뜻하게 되었답니다. 첩 첩 첩 (妾: 본처 외에 부부 관계를 맺은 여자 ) , 첩실(妾室), 축첩(蓄妾)"
隷,종 례,士示隶,士(선비 사) 示(보일(볼) 시) 隶(미칠(잡을) 이),ok,종 례(隷),http://tonghanja.com/%ec%a2%85-%eb%a1%80%e9%9a%b7/,"隷 .3급 士: 선비 사 示: 보일(볼) 시 隶: 미칠(잡을) 이 선비(士)가 보고(示) 잡은(隶) 것은? ‘ 선비 ’, 즉 ‘군사(軍士)’나 ‘병사(兵士)’가 보고 잡은 것은 ‘ 종 ’이지요. 종 례 노 예 ( 奴 隷: 종) , 예속(隷屬)"
逮,잡을 체,辵隶,隶(미칠(잡을) 이) 辶(갈 착),ok,잡을 체(逮),http://tonghanja.com/%ec%9e%a1%ec%9d%84-%ec%b2%b4%e9%80%ae/,逮 .3급 隶: 미칠(잡을) 이 辶: 갈 착 잡아(隶) 가는(辶) 것은? 잡아 가는 것은 죄인 등을 ‘ 잡음 ’이지요. 잡을 체 체 포 (逮 捕 : 죄인 등을 잡음)
康,편안할 강,,형(모양),image,편안할 강(康),http://tonghanja.com/%ed%8e%b8%ec%95%88%ed%95%a0-%ea%b0%95%e5%ba%b7/,"康 .4급Ⅱ : 庚(절구질 경)의 이형 : 모양 절구질( )로 곡식( )을 찧는 것은? 절구질 로 곡식 을 찧는 것은 굶주릴 걱정 없이 심신이 ‘ 편안함 (便安함)’이지요. 편안할 강 건 강 ( 健 康: 몸이 튼튼하고 마음이 편안함) , 강녕(康寧)"
隶,미칠 이,,,none,미칠 이(隶),http://tonghanja.com/%eb%af%b8%ec%b9%a0-%ec%9d%b4%e9%9a%b6/,隶 .무급 손( )으로 짐승의 꼬리(氺)를 잡는 것은? 손 으로 짐승의 꼬리 를 잡는 것은 손이 짐승에 ‘ 미침 ’이지요. 미칠 이 * 미치다: 닿다/ 이르다. * ‘隶’는 다른 글자에서 ‘잡다’는 뜻으로도 쓰입니다.
鷄,닭 계,奚鳥,奚(어찌 해) 鳥(새 조),ok,닭 계(鷄),http://tonghanja.com/%eb%8b%ad-%ea%b3%84%e9%b7%84/,"鷄 .4급 奚: 어찌 해 鳥: 새 조 어찌(奚) 새(鳥)라 하겠는가 싶은 것은? 어찌 새 라 하겠는가 싶은 것은 날지 못 하는 새인 ‘ 닭 ’이지요. 닭 계 양 계 ( 養 鷄: 닭을 먹여 기름 또는 그런 닭) , 계란(鷄卵), 삼계탕(蔘鷄湯)"
溪,시내 계,奚水,氵(물 수) 奚(어찌 해),ok,시내 계(溪),http://tonghanja.com/%ec%8b%9c%eb%82%b4-%ea%b3%84%e6%ba%aa/,"溪 .3급Ⅱ 氵: 물 수 奚: 어찌 해 물(氵)이라 어찌(奚) 하겠는가 싶은 것은? 물 이라 어찌 하겠는가 싶은 것은 자그마한 내인 ‘ 시내 ’이지요. 시내 계 계곡(溪谷), 청계천(淸溪川), 벽계수(碧溪水)"
奚,어찌 해,大幺爫,爫(손톱(손) 조) 幺(모양) 大(큰(사람) 대),ok,어찌 해(奚),http://tonghanja.com/%ec%96%b4%ec%b0%8c-%ed%95%b4%e5%a5%9a/,奚 .3급 爫: 손톱(손) 조 幺: 모양 大: 큰(사람) 대 손(爫)으로 줄(幺)을 잡아 사람(大)을 끄는 모습은? 손 으로 줄 을 잡아 사람 을 끌고 가는 모습은 ‘ 어찌 ’이지요. 어찌 해 해 필 (奚 必 : 어찌 하여 꼭 그렇게 ) * ‘奚’는 ‘종 해’라고도 합니다.
妥,온당할 타,爫女,爫(손톱(손) 조) 女(여자 녀),ok,온당할 타(妥),http://tonghanja.com/%ec%98%a8%eb%8b%b9%ed%95%a0-%ed%83%80%e5%a6%a5/,"妥 .3급 爫: 손톱(손) 조 女: 여자 녀 손(爫)으로 여자(女)를 잡는 것은? 손 으로 적국의 여자 를 잡는 것은 ‘ 온당함 (穩當함)’이지요. 온당할 타 타 당 (妥 當 : 온당함 ) , 타협(妥協), 타결(妥結) * 온당하다: 사리에 어그러지지 않고 알맞다."
努,힘쓸 노,力奴,奴(종 노) 力(힘 력),ok,힘쓸 노(努),http://tonghanja.com/%ed%9e%98%ec%93%b8-%eb%85%b8%e5%8a%aa/,努 .4급Ⅱ 奴: 종 노 力: 힘 력 종(奴)이 힘(力)으로 하는 것은? 종 이 힘 으로 하는 것은 온갖 일에 ‘ 힘씀 ’이지요. 힘쓸 노 노 력 (努 力 : 힘씀)
怒,성낼 노,奴心,奴(종 노) 心(마음 심),ok,성낼 노(怒),http://tonghanja.com/%ec%84%b1%eb%82%bc-%eb%85%b8%e6%80%92/,"怒 .4급Ⅱ 奴: 종 노 心: 마음 심 종(奴)이 마음(心)으로 하는 것은? 종 이 마음 속으로 하는 것은 ‘ 성냄 ’이지요. 성낼 노 분 노 ( 憤 怒: 분하여 성냄) , 격노(激怒), 노기(怒氣)"
奴,종 노,又女,女(여자 녀) 又(또(손) 우),ok,종 노(奴),http://tonghanja.com/%ec%a2%85-%eb%85%b8%e5%a5%b4/,"奴 .3급Ⅱ 女: 여자 녀 又: 또(손) 우 여자(女)인데 손(又)에 잡힌 이는? 여자 인데 적군의 손 에 잡힌 이는 ‘ 종 ’이지요. 종 노 노 예 (奴 隷 : 종) , 노비(奴婢)"
閣,누각 각,各門,門(문 문) 各(각각 각),ok,누각 각(閣),http://tonghanja.com/%eb%88%84%ea%b0%81-%ea%b0%81%e9%96%a3/,"閣 .3급Ⅱ 門: 문 문 各: 각각 각 문(門)이 각각(各) 나 있는 것은? 문 이 사방에 각각 나 있는 것은 ‘ 누각 ’이지요. 누각 각 누 각 ( 樓 閣: 사방이 트이게 지은 집 ) , 고각(高閣), 전각(殿閣) * 누각: 사방이 트이게 지은 집/ 여러 층으로 지은 집/ 다락집. * ‘閣’은 ‘집 각’이라고도 합니다."
額,이마 액,客頁,客(손님 객) 頁(머리 혈),ok,이마 액(額),http://tonghanja.com/%ec%9d%b4%eb%a7%88-%ec%95%a1%e9%a1%8d/,"額 .4급 客: 손님 객 頁: 머리 혈 손님(客)의 머리(頁)를 헤아릴 때 보는 곳은? 손님 의 머릿 수를 헤아릴 때 보는 곳은 손님의 ‘ 이마 ’이지요. 이마 액 액 면 (額 面 : 이마 와 낯 ) , 액수(額數), 총액(總額)"
客,손님 객,各宀,宀(집 면) 各(각각 각),ok,손님 객(客),http://tonghanja.com/%ec%86%90%eb%8b%98-%ea%b0%9d%e5%ae%a2/,"客 .5급Ⅱ 宀: 집 면 各: 각각 각 집(宀)에 각각(各) 오는 이는? 집 에 각각 찾아오는 이는 ‘ 손님 ’이지요. 손님 객 방문 객 ( 訪問 客: 방문한 손님) , 고객(顧客), 여객(旅客)"
露,이슬 로,路雨,雨(비 우) 路(길 로),ok,이슬 로(露),http://tonghanja.com/%ec%9d%b4%ec%8a%ac-%eb%a1%9c%e9%9c%b2/,"露 .3급Ⅱ 雨: 비 우 路: 길 로 비(雨) 같은 건데 길(路)가에 있는 것은? 빗 방울 같은 건데 길 가에 맺혀 있는 것은 ‘ 이슬 ’이지요. 이슬 로 백 로 ( 白 露: 흰 이슬 / 24절기의 열다섯째 ) , 노숙(露宿), 노출(露出)"
路,길 로,各,급(발 족) 各(각각 각),ok,길 로(路),http://tonghanja.com/%ea%b8%b8-%eb%a1%9c%e8%b7%af/,"路 .6급 : 발 족 各: 각각 각 발( )로 각각(各) 다니는 곳은? 발 로 각각 다니는 곳은 ‘ 길 ’이지요. 길 로 도 로 ( 道 路: 길) , 통로(通路), 경로(經路)"
落,떨어질 락,各水艸,艹(풀 초) 氵(물 수) 各(각각 각),ok,떨어질 락(落),http://tonghanja.com/%eb%96%a8%ec%96%b4%ec%a7%88-%eb%9d%bd%e8%90%bd/,"落 .5급 艹: 풀 초 氵: 물 수 各: 각각 각 풀(艹)에서 물(氵)이 각각(各) 하는 것은? 풀 잎에서 물 방울이 각각 하는 것은 ‘ 떨어짐 ’이지요. 떨어질 락 낙 하 (落 下 : 아래로 떨어짐) , 탈락(脫落), 몰락(沒落)"
絡,이을 락,各糸,糸(실 사) 各(각각 각),ok,이을 락(絡),http://tonghanja.com/%ec%9d%b4%ec%9d%84-%eb%9d%bd%e7%b5%a1/,"絡 .3급Ⅱ 糸: 실 사 各: 각각 각 실(糸)로 각각(各)에 하는 것은? 실 로 서로 떨어져 있는 각각 에 하는 것은 ‘ 이음 ’이지요. 이을 락 연 락 ( 連 絡: 서로를 이음) , 맥락(脈絡)"
略,간략할 략,各田,田(밭 전) 各(각각 각),ok,간략할 략(略),http://tonghanja.com/%ea%b0%84%eb%9e%b5%ed%95%a0-%eb%9e%b5%e7%95%a5/,"略 .4급 田: 밭 전 各: 각각 각 밭(田) 각각(各)의 모양은? 네모반듯하게 구획된 밭 각각 의 모양은 ‘ 간략함 ’이지요. 간략할 략 간 략 ( 簡 略: 간단하고 복잡하지 아니함 ) , 생략(省略), 약식(略式)"
格,격식 격,各木,木(나무 목) 各(각각 각),ok,격식 격(格),http://tonghanja.com/%ea%b2%a9%ec%8b%9d-%ea%b2%a9%e6%a0%bc/,"格 .5급Ⅱ 木: 나무 목 各: 각각 각 나무(木)가 각각(各) 지닌 것은? 나무 가 종류별로 각각 지닌 것은 ‘ 격식 ’이지요. 격식 격 격 식 (格 式 : 격에 맞는 일정한 양식이나 방식 ) , 품격(品格), 성격(性格)"
各,각각 각,口夂,夂(뒤져 올(발) 치) 口(모양),ok,각각 각(各),http://tonghanja.com/%ea%b0%81%ea%b0%81-%ea%b0%81%e5%90%84/,"各 .6급Ⅱ 夂: 뒤져 올(발) 치 口: 모양 발(夂)이 구역(ㅁ)으로 들어오는 방식은? 발 이 구역 으로 들어오는 방식은 왼발과 오른발 ‘ 각각 ’이지요. 각각 각 각각 (各各: 하나하나 ) , 각자(各自), 각기(各其)"
液,진 액,夜水,氵(물 수) 夜(밤 야),ok,진 액(液),http://tonghanja.com/%ec%a7%84-%ec%95%a1%e6%b6%b2/,"液 .4급Ⅱ 氵: 물 수 夜: 밤 야 물(氵)인데 밤(夜) 같은 것은? 물 인데 밤 같이 어두운 것은 ‘ 진 (津)’이지요. 진 액 진 액 ( 津 液: 진 / 풀이나 나무의 껍질 등에서 분비되는 점액 *津·2급·나루/진액 진 ) , 수액(水液), 액체(液體)"
夜,밤 야,亠人月,亠(머리 두) 亻(사람 인) 月(달) 월(모양),ok,밤 야(夜),http://tonghanja.com/%eb%b0%a4-%ec%95%bc%e5%a4%9c/,"夜 .6급 亠: 머리 두 亻: 사람 인 月: 달 월 : 모양 머리(亠)를 사람(亻)이 들어 달(月)빛( )을 바라보는 때는? 머리 를 사람 이 들어 달빛 을 바라보는 때는 ‘ 밤 ’이지요. 밤 야 야 간 (夜 間 : 밤 사이 ) , 월야(月夜), 심야(深夜)"
銘,새길 명,名金,金(쇠(금속) 금) 名(이름 명),ok,새길 명(銘),http://tonghanja.com/%ec%83%88%ea%b8%b8-%eb%aa%85%e9%8a%98/,"銘 .3급Ⅱ 金: 쇠(금속) 금 名: 이름 명 금속(金)에 이름(名)을 쓰는 것은? 귀한 금속 물건에 자기의 이름 을 쓰는 것은 이름을 ‘ 새김 ’이지요. 새길 명 명심(銘心), 감명(感銘), 좌우명(座右銘)"
名,이름 명,口夕,夕(저녁 석) 口(입 구),ok,이름 명(名),http://tonghanja.com/%ec%9d%b4%eb%a6%84-%eb%aa%85%e5%90%8d/,"名 .7급Ⅱ 夕: 저녁 석 口: 입 구 저녁(夕)에 입(ㅁ)으로 말하는 것은? 어두운 저녁 에 정체를 식별하기 위해 입 으로 말하는 것은 ‘ 이름 ’이지요. 이름 명 성 명 ( 姓 名 : 성과 이름) , 별명(別名), 명칭(名稱)"
桑,뽕나무 상,又木,又(또(손) 우) 木(나무 목),ok,뽕나무 상(桑),http://tonghanja.com/%eb%bd%95%eb%82%98%eb%ac%b4-%ec%83%81%e6%a1%91/,"桑 .3급Ⅱ 又: 또(손) 우 木: 나무 목 손을 많이( ) 대는 나무(木)는? 누에의 먹이인 뽕잎을 따려고 손 을 많이 대는 나무 는 ‘ 뽕나무 ’이지요. 뽕나무 상 상 목 (桑 木 : 뽕나무) , 상전(桑田) * 누에는 고치를 짓기 전에 뽕잎을 밤낮없이 엄청나게 갉아먹는답니다."
絹,비단 견,糸肙,糸(실 사) 肙(애벌레 연),ok,비단 견(絹),http://tonghanja.com/%eb%b9%84%eb%8b%a8-%ea%b2%ac%e7%b5%b9/,"絹 .3급 糸: 실 사 肙: 애벌레 연 애벌레(肙)한테 뽑은 실(糸) 로 짠 것은? ‘ 애벌레 한테 뽑은 실 ’ , 즉 ‘누에한테 뽑은 명주실’로 짠 것은 ‘ 비단 (緋緞)’이지요. 비단 견 견 직물 (絹 織物 : 비단 직물 )"
肙,애벌레 연,,,none,애벌레 연(肙),http://tonghanja.com/%ec%95%a0%eb%b2%8c%eb%a0%88-%ec%97%b0%e8%82%99/,肙 .무급 머리(ㅁ)와 몸통(月)으로 된 것은? 둥근 머리 와 주름진 몸통 으로 된 것은 ‘ 애벌레 ’이지요. 애벌레 연
例,법식 례,人列,亻(사람 인) 列(벌일 렬),ok,법식 례(例),http://tonghanja.com/%eb%b2%95%ec%8b%9d-%eb%a1%80%e4%be%8b/,"例 .6급 亻: 사람 인 列: 벌일 렬 사람(亻)에게 벌이어(列) 주는 것은? ‘ 例 ’는 사람 에게 보라고 벌이어 주는 것인 ‘ 보기 ’를 나타낸 글자였으나, 후에 사람 이 일을 벌일 때 따르는 것인 ‘ 법식 (法式)’을 뜻하게 되었답니다. 법식 례 예 (例: 보기 ) , 예시(例示), 실례(實例)"
裂,찢을 렬,列衣,列(벌일(벌릴) 렬) 衣(옷 의),ok,찢을 렬(裂),http://tonghanja.com/%ec%b0%a2%ec%9d%84-%eb%a0%ac%e8%a3%82/,"裂 .3급Ⅱ 列: 벌일(벌릴) 렬 衣: 옷 의 옷(衣)을 벌리는(列) 것은? 옷 을 벌리는 것은 옷을 ‘ 찢음 ’이지요. 찢을 렬 분 열 ( 分 裂: 찢어져 나뉨 ) , 균열(龜裂), 결렬(決裂)"
烈,세찰 렬,列火,列(벌일 렬) 灬(불 화),ok,세찰 렬(烈),http://tonghanja.com/%ec%84%b8%ec%b0%b0-%eb%a0%ac%e7%83%88/,"烈 .4급 列: 벌일 렬 灬: 불 화 벌어진(列) 불(灬)은? 넓게 벌어진 불 은 기세가 ‘ 세참 ’이지요. 세찰 렬 열렬 (烈烈: 세참) , 맹렬(猛烈), 격렬(激烈)"
列,벌일 렬,刀歹,歹(앙상한 뼈 알) 刂(칼 도),ok,벌일 렬(列),http://tonghanja.com/%eb%b2%8c%ec%9d%bc-%eb%a0%ac%e5%88%97/,"列 .4급Ⅱ 歹: 앙상한 뼈 알 刂: 칼 도 뼈(歹)를 칼(刂)로 바를 때 하는 것은? 뼈 를 칼 로 바를 때 하는 것은 고기를 부위별로 ‘ 벌임 ’이지요. 벌일 렬 나 열 ( 羅 列: 죽 벌여 놓음 ) , 배열(配列), 진열(陳列) * ‘列’은 뼈를 칼로 바르는 것은 뼈와 살 사이를 벌리는 것이라 하여, ‘벌릴 렬’이라고도 합니다."
瓦,기와 와,,,none,기와 와(瓦),http://tonghanja.com/%ea%b8%b0%ec%99%80-%ec%99%80%e7%93%a6/,"瓦 .3급Ⅱ 기와( )와 기와( ) 사이에 찰흙( )을 넣은 것은? 기와 와 기와 사이에 찰흙 을 넣어 고정한 것은 ‘ 기와 ’이지요. 기와 와 와옥(瓦屋), 와해(瓦解), 청와대(靑瓦臺)"
互,서로 호,,,none,서로 호(互),http://tonghanja.com/%ec%84%9c%eb%a1%9c-%ed%98%b8%e4%ba%92/,"互 .3급 기와( )와 기와( )가 맞물리는 것은? S자 모양의 기와 와 기와 가 맞물리는 것은 ‘ 서로 ’이지요. 서로 호 상 호 ( 相 互: 서로) , 호환(互換), 호각(互角)"
蘇,되살아날 소,禾艸魚,艹(풀 초) 魚(물고기 어) 禾(벼(곡물) 화),ok,되살아날 소(蘇),http://tonghanja.com/%eb%90%98%ec%82%b4%ec%95%84%eb%82%a0-%ec%86%8c%e8%98%87/,蘇 .3급Ⅱ 艹: 풀 초 魚: 물고기 어 禾: 벼(곡물) 화 풀(艹)과 물고기(魚)와 곡물(禾)을 먹이면? 풀 (나물)과 물고기 (소화가 잘 되는 단백질)와 곡물 (밥)을 굶주린 이에게 먹이면 ‘ 되살아남 ’이지요. 되살아날 소 소 생 (蘇 生 : 되살아남)
鮮,고울 선,羊魚,魚(물고기 어) 羊(양 양),ok,고울 선(鮮),http://tonghanja.com/%ea%b3%a0%ec%9a%b8-%ec%84%a0%e9%ae%ae/,"鮮 .5급Ⅱ 魚: 물고기 어 羊: 양 양 물고기(魚)인데 양(羊)고기 같은 것은? ‘ 鮮 ‘은 물고기 인데 양 고기같이 맛있는 것인 ‘ 생선 ‘을 나타낸 글자였으나, 후에 생선은 때깔이 곱다 하여 ‘ 고움 ’을 뜻하게 되었답니다. 고울 선 생선(生鮮), 신선(新鮮), 선명(鮮明)"
達,통달할 달,土羊辵,土(모양) 羊(양 양) 辶(갈 착),ok,통달할 달(達),http://tonghanja.com/%ed%86%b5%eb%8b%ac%ed%95%a0-%eb%8b%ac%e9%81%94/,"達 .4급Ⅱ 土: 모양 羊: 양 양 辶: 갈 착 사람(土)이 양(羊)을 몰아가는(辶) 것은? 사람 이 길에서 양 떼를 몰아 가는 것은 목적지까지 ‘ 통달함 ’이지요. 통달할 달 통 달 ( 通 達: 막힘없이 환히 통함 ) , 도달(到達), 전달(傳達)"
善,착할 선,䒑羊,羊(양 양) 䒑(풀 초 ㅁ: 입 구),ok,착할 선(善),http://tonghanja.com/%ec%b0%a9%ed%95%a0-%ec%84%a0%e5%96%84/,"善 .5급 羊: 양 양 䒑: 풀 초 ㅁ: 입 구 양(羊)이 풀(䒑)만 입(ㅁ)으로 먹는 것은? 양 이 다른 동물을 잡아먹지 않고 풀 만 입 으로 뜯어먹는 것은 ‘ 착함 ’이지요. 착할 선 선 함 (善 함 : 착함) , 선량(善良), 선행(善行)"
樣,모양 양,木羕,木(나무 목) 羕(깎을 양),ok,모양 양(樣),http://tonghanja.com/%eb%aa%a8%ec%96%91-%ec%96%91%e6%a8%a3/,"樣 .4급 木: 나무 목 羕: 깎을 양 나무(木)를 깎아서(羕) 만드는 것은? 나무 를 깎아서 만드는 것은 대상의 ‘ 모양 ’이지요. 모양 양 모 양 ( 模 樣: 겉으로 나타나는 생김새 ) , 외양(外樣), 다양(多樣)"
差,다를 차,工,급(羊(양 양)의 이형) 工(장인(만들) 공),ok,다를 차(差),http://tonghanja.com/%eb%8b%a4%eb%a5%bc-%ec%b0%a8%e5%b7%ae/,"差 .4급 : 羊(양 양)의 이형 工: 장인(만들) 공 양( )탈을 만들어(工) 쓰면? 양 탈을 만들어 쓰면 모습이 ‘ 다름 ’이지요. 다를 차 차 이 (差 異 : 다름) , 차별(差別), 격차(隔差)"
着,붙일 착,目,目(눈 목),ok,붙일 착(着),http://tonghanja.com/%eb%b6%99%ec%9d%bc-%ec%b0%a9%e7%9d%80/,"着 .5급Ⅱ : 羊(양 양)의 이형 目: 눈 목 양( )탈을 눈(目) 위에까지 쓰는 것은? 양 탈을 눈 위에까지 쓰는 것은 양탈을 머리에 ‘ 붙임 ’이지요. 붙일 착 착 용 (着 用 : 붙여서 씀/ 의복 따위를 몸에 입음 ) , 부착(附着), 장착(裝着)"
美,아름다울 미,大,급(羊(양 양)의 이형) 大(큰(사람) 대),ok,아름다울 미(美),http://tonghanja.com/%ec%95%84%eb%a6%84%eb%8b%a4%ec%9a%b8-%eb%af%b8%e7%be%8e/,"美 .6급 : 羊(양 양)의 이형 大: 큰(사람) 대 양( )탈을 쓴 사람(大)은? 양 탈을 쓴 사람 은 모습이 ‘ 아름다움 ’이지요. 아름다울 미 미 려 (美 麗 : 아름답고 고움 ) , 미인(美人), 미국(美國)"
墓,무덤 묘,土莫,莫(없을 막) 土(흙 토),ok,무덤 묘(墓),http://tonghanja.com/%eb%ac%b4%eb%8d%a4-%eb%ac%98%e5%a2%93/,"墓 .4급 莫: 없을 막 土: 흙 토 없게(莫) 하는 흙(土)은? 시신을 볼 수 없게 하는 흙 은 ‘ 무덤 ’이지요. 무덤 묘 묘 (墓: 무덤) , 묘지(墓地), 분묘(墳墓)"
暮,저물 모,日莫,莫(없을 막) 日(날(해) 일),ok,저물 모(暮),http://tonghanja.com/%ec%a0%80%eb%ac%bc-%eb%aa%a8%e6%9a%ae/,"暮 .3급 莫: 없을 막 日: 날(해) 일 해(日)가 없는(莫) 것은? 해 가 없는 것은 날이 ‘ 저묾 ’이지요. 저물 모 일 모 ( 日 暮: 날이 저묾) , 조삼모사(朝三暮四) * 조삼모사(朝三暮四): 아침에 세 개 저녁에 네 개란 뜻으로, 간사한 꾀로 남을 속여 희롱함을 이르는 말."
慕,그릴 모,㣺莫,莫(없을 막) 㣺(마음 심),ok,그릴 모(慕),http://tonghanja.com/%ea%b7%b8%eb%a6%b4-%eb%aa%a8%e6%85%95/,"慕 .3급Ⅱ 莫: 없을 막 㣺: 마음 심 없는(莫) 이를 마음(㣺)속으로 떠올리는 것은? 곁에 없는 이를 마음 속으로 떠올리는 것은 ‘ 그림 (그리워함)’이지요. 그릴 모 연 모 ( 戀 慕: 그리워함) , 사모(思慕), 애모(愛慕)"
募,모을 모,力莫,莫(없을 막) 力(힘 력),ok,모을 모(募),http://tonghanja.com/%eb%aa%a8%ec%9d%84-%eb%aa%a8%e5%8b%9f-2/,"募 .3급 莫: 없을 막 力: 힘 력 힘(力)쓸 이가 없을(莫) 때 하는 것은? 힘 쓸 이가 없을 때 하는 것은 힘쓸 이를 ‘ 모음 ’이지요. 모을 모 모 집 (募 集 : 모음) , 공모(公募), 응모(應募)"
模,본뜰 모,木莫,木(나무 목) 莫(없을 막),ok,본뜰 모(模),http://tonghanja.com/%eb%b3%b8%eb%9c%b0-%eb%aa%a8%e6%a8%a1/,"模 .4급 木: 나무 목 莫: 없을 막 나무(木)를 없애는(莫) 것은? 나무 를 깎아 없애는 것은 대상을 ‘ 본뜸 (本뜸) ’이지요. 본뜰 모 모 방 (模 倣 : 다른 것을 본뜸) , 모형(模型 *型·2급·모형 형), 모양(模樣) * 본뜨다: 이미 있는 대상을 본으로 삼아 그와 같이 만들다."
幕,장막 막,巾莫,莫(없을 막) 巾(수건(천) 건),ok,장막 막(幕),http://tonghanja.com/%ec%9e%a5%eb%a7%89-%eb%a7%89%e5%b9%95/,"幕 .3급Ⅱ 莫: 없을 막 巾: 수건(천) 건 없게(莫) 하는 천(巾)은? 안을 볼 수 없게 하는 천 은 ‘ 장막 ’이지요. 장막 막 장 막 ( 帳 幕: 안을 볼 수 없게 치는 천 ) , 천막(天幕), 막사(幕舍)"
漠,사막 막,水莫,氵(물 수) 莫(없을 막),ok,사막 막(漠),http://tonghanja.com/%ec%82%ac%eb%a7%89-%eb%a7%89%e6%bc%a0/,漠 .3급Ⅱ 氵: 물 수 莫: 없을 막 물(氵)이 없는(莫) 곳은? 물 이 없는 곳은 ‘ 사막 ’이지요. 사막 막 사 막 ( 沙 漠: 모래만 있고 물이 없는 곳 )
莫,없을 막,大日艸,艹(풀 초) 日(날(해) 일) 大(큰(사람) 대),ok,없을 막(莫),http://tonghanja.com/%ec%97%86%ec%9d%84-%eb%a7%89%e8%8e%ab/,"莫 .3급Ⅱ 艹: 풀 초 日: 날(해) 일 大: 큰(사람) 대 풀(艹) 밑으로 해(日)가 지면 사람(大)은? 풀 밑으로 해 가 지면 사람 은 어두워서 볼 수 있는 게 ‘ 없음 ’이지요. 없을 막 삭막(索莫), 막대(莫大), 막상막하(莫上莫下)"
寢,잘 침,宀爿,宀(집 면) 爿(모양  𠬶: 침입할 침),ok,잘 침(寢),http://tonghanja.com/%ec%9e%98-%ec%b9%a8%e5%af%a2/,"寢 .4급 宀: 집 면 爿: 모양 𠬶: 침입할 침 집(宀)에서 침상(爿)으로 침입하는(𠬶) 것은? 집 에서 침상 의 이불 속으로 침입하는 것은 ‘ 잠 ’이지요. ☞ 爿: 침상(寢牀)의 모양을 세워서 나타낸 글자. 잘 침 취 침 ( 就 寢: 잠자리에 가서 잠) , 침대(寢臺), 침실(寢室)"
浸,잠길 침,水,氵(물 수  𠬶: 침입할 침),ok,잠길 침(浸),http://tonghanja.com/%ec%9e%a0%ea%b8%b8-%ec%b9%a8%e6%b5%b8/,"浸 .3급Ⅱ 氵: 물 수 𠬶: 침입할 침 물(氵)에 침입하는(𠬶) 것은? 물 속에 침입하는 것은 물에 ‘ 잠김 ’이지요. 잠길 침 침 수 (浸 水 : 물에 잠김) , 침투(浸透)"
侵,침노할 침,人,亻(사람 인  𠬶: 침입할 침),ok,침노할 침(侵),http://tonghanja.com/%ec%b9%a8%eb%85%b8%ed%95%a0-%ec%b9%a8%e4%be%b5/,"侵 .4급Ⅱ 亻: 사람 인 𠬶: 침입할 침 사람(亻)이 침입하는(𠬶) 것은? 사람 이 남의 나라에 침입하는 것은 ‘ 침노함 ’이지요. 침노할 침 침 노 (侵 擄 : 남의 나라에 불법적으로 쳐들어감 *擄·1급·사로잡을 로 ) , 침입(侵入), 침범(侵犯)"
𠬶,침입할 침,,,none,침입할 침(𠬶),http://tonghanja.com/%ec%b9%a8%ec%9e%85%ed%95%a0-%ec%b9%a8/,𠬶 .무급 : 또(손) 우 冖: 덮을 멱 又: 또(손) 우 손( )으로 덮인(冖) 곳에 손(又)을 넣는 것은? 남의 손 으로 덮인 곳에 자기 손 을 집어넣는 것은 ‘ 침입함 ’이지요. 침입할 침
鎖,쇠사슬 쇄,小貝金,金(쇠 금) 小(작을 소) 貝(조개 패),ok,쇠사슬 쇄(鎖),http://tonghanja.com/%ec%87%a0%ec%82%ac%ec%8a%ac-%ec%87%84%e9%8e%96/,"鎖 .3급Ⅱ 金: 쇠 금 小: 작을 소 貝: 조개 패 쇠(金)인데 작은(小) 조개(貝) 같은 것은? 쇠 인데 작은 조개 같이 생긴 것은 ‘ 쇠사슬 ’이지요. 쇠사슬 쇄 철 쇄 ( 鐵 鎖: 쇠사슬) , 연쇄(連鎖), 폐쇄(閉鎖)"
消,사라질 소,小月水,氵(물 수) 小(작을 소) 月(고기(몸) 육),ok,사라질 소(消),http://tonghanja.com/%ec%82%ac%eb%9d%bc%ec%a7%88-%ec%86%8c%e6%b6%88/,"消 .6급Ⅱ 氵: 물 수 小: 작을 소 月: 고기(몸) 육 물(氵)의 몸(月)이 작아지는(小) 것은? 물 의 몸 이 작아지는 것은 물이 증발하여 ‘ 사라짐 ’이지요. 사라질 소 소 멸 (消 滅 : 사라져 없어짐 ) , 소진(消盡), 소실(消失)"
削,깎을 삭,刀肖,肖(닮을 초) 刂(칼 도),ok,깎을 삭(削),http://tonghanja.com/%ea%b9%8e%ec%9d%84-%ec%82%ad%e5%89%8a/,"削 .3급Ⅱ 肖: 닮을 초 刂: 칼 도 닮게(肖) 하려고 칼(刂)로 하는 것은? 대상과 닮게 하려고 칼 로 하는 것은 나무나 돌 등을 ‘ 깎음 ’이지요. 깎을 삭 삭 제 (削 除 : 깎아서 없앰 ) , 삭감(削減), 절삭(切削)"
肖,닮을 초,小月,小(작을 소) 月(고기(몸) 육),ok,닮을 초(肖),http://tonghanja.com/%eb%8b%ae%ec%9d%84-%ec%b4%88%e8%82%96/,"肖 .3급Ⅱ 小: 작을 소 月: 고기(몸) 육 작은(小) 몸(月)은? 화상(畫像)이나 조각상의 작은 몸 은 대상과 ‘ 닮음 ’이지요. 닮을 초 초 상 (肖 像 : 대상과 닮은 모양/ 사람의 얼굴이나 모습을 나타낸 화상이나 조각상 ) , 초상화(肖像畫), 초상권(肖像權)"
彩,채색 채,彡采,采(캘 채) 彡(터럭 삼),ok,채색 채(彩),http://tonghanja.com/%ec%b1%84%ec%83%89-%ec%b1%84%e5%bd%a9/,"彩 .3급Ⅱ 采: 캘 채 彡: 터럭 삼 캐듯이(采) 터럭(彡)을 들어올리는 것은? 줄기를 잡고 뿌리를 땅에서 캐듯이 붓대를 잡고 터럭 을 바닥에서 들어올리는 것은 ‘ 채색 ’이지요. 채색 채 채 색 (彩 色 : 색을 칠함 ) , 색채(色彩), 다채(多彩)"
菜,나물 채,艸采,艹(풀 초) 采(캘 채),ok,나물 채(菜),http://tonghanja.com/%eb%82%98%eb%ac%bc-%ec%b1%84%e8%8f%9c/,"菜 .3급Ⅱ 艹: 풀 초 采: 캘 채 풀(艹)인데 캐는(采) 것은? 풀 인데 캐는 것은 먹을 수 있는 풀인 ‘ 나물 ’이지요. 나물 채 채 소 (菜 蔬 : 나물) , 야채(野菜), 산채(山菜)"
採,캘 채,手采,扌(손 수) 采(캘 채),ok,캘 채(採),http://tonghanja.com/%ec%ba%98-%ec%b1%84%e6%8e%a1/,"採 .4급 扌: 손 수 采: 캘 채 손(扌)으로 캐는(采) 것은? 손 으로 무엇을 캐는 것은 ‘ 캠 ’이지요. 캘 채 채 취 (採 取 : 캐거나 뜯어서 가짐 ) , 채집(採集), 채택(採擇)"
采,캘 채,木爫,爫(손톱(손) 조) 木(나무 목),ok,캘 채(采),http://tonghanja.com/%ec%ba%98-%ec%b1%84%e9%87%87/,采 .1급Ⅱ 爫: 손톱(손) 조 木: 나무 목 손(爫)으로 나무(木)를 들어올리는 것은? 손 으로 나무 를 들어올리는 것은 나무를 ‘ 캠 ’이지요. 캘 채
貞,곧을 정,卜貝,卜(점 복) 貝(조개(돈) 패),ok,곧을 정(貞),http://tonghanja.com/%ea%b3%a7%ec%9d%84-%ec%a0%95%e8%b2%9e/,"貞 .3급Ⅱ 卜: 점 복 貝: 조개(돈) 패 점(卜)을 치고 돈(貝)을 내는 것은? 점 을 치고 돈 을 내는 것은 마음이 ‘ 곧음 ’이지요. 곧을 정 정 직 (貞 直 : 마음이 곧음) , 정숙(貞淑), 정절(貞節) * 점괘는 대개 마음에 안 들게 나오는데 그럼에도 복채를 내는 것은 마음이 곧은 것이지요. * 정직(正直): 마음이 바르고 곧음."
店,가게 점,占广,广(집 엄) 占(점령할 점),ok,가게 점(店),http://tonghanja.com/%ea%b0%80%ea%b2%8c-%ec%a0%90%e5%ba%97/,"店 .5급Ⅱ 广: 집 엄 占: 점령할 점 집(广)인데 기(卜)를 구역(ㅁ)에 꽂아놓은 곳은? 집 인데 상호나 품목 등이 적힌 기 를 자기 구역 에 꽂아놓은 곳은 ‘ 가게 ’이지요. 가게 점 상 점 ( 商 店: 장사하는 가게) , 주점(酒店), 음식점(飮食店)"
點,점 점,占黑,黑(검을 흑) 占(점령할 점),ok,점 점(點),http://tonghanja.com/%ec%a0%90-%ec%a0%90%e9%bb%9e/,"點 .4급 黑: 검을 흑 占: 점령할 점 검은(黑)색이 점령한(占) 것은? 검은 색이 어떤 부분을 점령한 것은 ‘ 점 ’이지요. 점 점 점 (點: 검은 얼룩 ) , 흑점(黑點), 지점(地點)"
占,점칠 점/ 점령할 점,卜,卜(점 복  ㅁ: 입(말) 구),ok,점칠 점/ 점령할 점(占),http://tonghanja.com/%ec%a0%90%ec%b9%a0-%ec%a0%90-%ec%a0%90%eb%a0%b9%ed%95%a0-%ec%a0%90%e5%8d%a0/,"占 .4급 卜: 점 복 ㅁ: 입(말) 구 점(卜)을 말(ㅁ)하는 것은? 점쟁이가 점 을 말 하는 것은 ‘ 점침 ’이지요. 점칠 점 점 침 (占 침 : 점괘로 앞일을 미리 판단함 ) , 점복(占卜), 점술(占術) 占 .4급 卜: 점 복 ㅁ: 입(말) 구 기(卜)를 구역(ㅁ)에 꽂은 것은? 기 를 구역 에 꽂은 것은 구역을 ‘ 점령함 ’이지요. 점령할 점 점 령 (占 領 : 어떤 장소를 차지하여 자리를 잡음 ) , 점거(占據), 점유(占有)"
梁,들보 량,刅木水,氵(물 수) 刅(상처 창) 木(나무 목),ok,들보 량(梁),http://tonghanja.com/%eb%93%a4%eb%b3%b4-%eb%9f%89%e6%a2%81/,"梁 .3급Ⅱ 氵: 물 수 刅: 상처 창 木: 나무 목 물(氵)에 상처(刅)를 내는 나무(木)는? ‘ 梁 ’은 흐르는 물 에 상처 를 내며 서 있는 나무 인 ‘ 다리 ’를 나타낸 글자였으나, 후에 다리 같은 것인 ‘ 들보 ’를 뜻하게 되었답니다. ☞ 刅: 칼(刀)에 의해 나누어진(八) 것이니, 상처 창. 들보 량 교 량 ( 橋 梁: 다리 ) , 동량지재(棟梁之材), 양상군자(梁上君子) * 들보: 칸과 칸 사이의 두 기둥을 가로지르는 나무."
認,알 인,忍言,言(말씀(말) 언) 忍(참을 인),ok,알 인(認),http://tonghanja.com/%ec%95%8c-%ec%9d%b8%e8%aa%8d/,"認 .4급Ⅱ 言: 말씀(말) 언 忍: 참을 인 말(言)을 참는(忍) 것은? 할 말이 없어서 말을 못 하는 것은 ‘모름’이고, 할 말이 있지만 말 을 참는 것은 ‘ 앎 ’이지요. 알 인 인 지 (認 知 : 앎 ) , 인식(認識), 인정(認定)"
忍,참을 인,刃心,刃(칼날 인) 心(마음 심),ok,참을 인(忍),http://tonghanja.com/%ec%b0%b8%ec%9d%84-%ec%9d%b8%e5%bf%8d/,"忍 .3급Ⅱ 刃: 칼날 인 心: 마음 심 칼날(刃)에 베일 때 마음(心)으로 하는 것은? 칼날 에 베일 때 마음 으로 하는 것은 아픔을 ‘ 참음 ’이지요. 참을 인 인 내 (忍 耐 : 참고 견딤 ) , 인고(忍苦), 잔인(殘忍)"
刃,칼날 인,刀,刀(칼) 도(모양),ok,칼날 인(刃),http://tonghanja.com/%ec%b9%bc%eb%82%a0-%ec%9d%b8%e5%88%83/,刃 .2급 刀: 칼 도 : 모양 칼(刀)에서 빛( )이 나는 곳은? 칼 에서 번쩍 하고 빛 이 나는 곳은 ‘ 칼날 ’이지요. 칼날 인
送,보낼 송,八大辵,八(여덟(나눌) 팔  ㅡ: 모양) 大(큰(사람) 대) 辶(갈 착),ok,보낼 송(送),http://tonghanja.com/%eb%b3%b4%eb%82%bc-%ec%86%a1%e9%80%81/,"送 .4급Ⅱ 八: 여덟(나눌) 팔 ㅡ: 모양 大: 큰(사람) 대 辶: 갈 착 나뉘어(八) 짐을(ㅡ) 사람이(大) 들고 가게(辶) 하는 것은? 서로 나뉘어 , 짐 을 사람 이 들고 다른 곳으로 가게 하는 것은 ‘ 보냄 ’이지요. 보낼 송 송 별 (送 別 : 떠나는 이를 보냄) , 이송(移送), 운송(運送)"
笑,웃음 소,大竹,竹(대) 죽(모양) 大(큰(사람) 대),ok,웃음 소(笑),http://tonghanja.com/%ec%9b%83%ec%9d%8c-%ec%86%8c%e7%ac%91/,"笑 .4급Ⅱ 竹: 대 죽 : 모양 大: 큰(사람) 대 대(竹)쪽같이 입( )을 사람(大)이 휘는 것은? 대 쪽 모양같이 입 을 사람 이 휘는 것은 ‘ 웃음 ’이지요. 웃음 소 미 소 ( 微 笑: 작게 웃음) , 폭소(爆笑), 실소(失笑)"
矯,바로잡을 교,喬矢,矢(화살 시) 喬(높을 교),ok,바로잡을 교(矯),http://tonghanja.com/%eb%b0%94%eb%a1%9c%ec%9e%a1%ec%9d%84-%ea%b5%90%e7%9f%af/,"矯 .3급 矢: 화살 시 喬: 높을 교 화살(矢)을 높이(喬) 날 수 있게 하는 것은? 화살 을 높이 날 수 있게 하는 것은 화살대를 ‘ 바로잡음 ’이지요. 바로잡을 교 교 정 (矯 正 : 굽거나 틀어진 곳을 바로잡음) , 교도소(矯導所)"
橋,다리 교,喬木,木(나무 목) 喬(높을 교),ok,다리 교(橋),http://tonghanja.com/%eb%8b%a4%eb%a6%ac-%ea%b5%90%e6%a9%8b/,"橋 .5급 木: 나무 목 喬: 높을 교 나무(木)를 높은(喬) 곳에 걸쳐놓은 것은? 나무 를 높은 곳에 걸쳐놓은 것은 ‘ 다리 ’이지요. 다리 교 교 량 (橋 梁 : 다리) , 육교(陸橋), 현수교(懸垂橋)"
喬,높을 교,夭,夭(일찍 죽을) 요(高(높을 고)의 이형),ok,높을 교(喬),http://tonghanja.com/%eb%86%92%ec%9d%84-%ea%b5%90%e5%96%ac/,喬 .1급 夭: 일찍 죽을 요 : 高(높을 고)의 이형 일찍 죽을(夭) 만큼 높은( ) 것은? 떨어지면 일찍 죽을 만큼 높은 것은 ‘ 높음 ’이지요. 높을 교
添,더할 첨,忝水,氵(물 수) 忝(욕보일 첨),ok,더할 첨(添),http://tonghanja.com/%eb%8d%94%ed%95%a0-%ec%b2%a8%e6%b7%bb/,"添 .3급 氵: 물 수 忝: 욕보일 첨 물(氵)로 욕보이는(忝) 것은? 물 로 상대를 욕보이는 것은 물을 상대에게 ‘ 더함 ’이지요. 더할 첨 첨 가 (添 加 : 더함) , 첨부(添附), 별첨(別添)"
忝,욕할 첨,㣺夭,夭(일찍 죽을 요) 㣺(마음 심),ok,욕할 첨(忝),http://tonghanja.com/%ec%9a%95%ed%95%a0-%ec%b2%a8%e5%bf%9d/,忝 .특급 夭: 일찍 죽을 요 㣺: 마음 심 마음(㣺)을 일찍 죽게(夭) 하는 것은? 상대의 마음 을 일찍 죽게 하는 것은 상대를 ‘ 욕보임 ’이지요. 욕보일 첨
夭,일찍 죽을 요,大,급(모양) 大(큰(사람) 대),ok,일찍 죽을 요(夭),http://tonghanja.com/%ec%9d%bc%ec%b0%8d-%ec%a3%bd%ec%9d%84-%ec%9a%94%e5%a4%ad/,夭 .1급 : 모양 大: 큰(사람) 대 머리( )가 꺾인 사람(大)이 한 것은? 머리 가 꺾인 사람 이 한 것은 ‘ 일찍 죽음 ’이지요. 일찍 죽을 요
索,노 삭/ 찾을 색,,,none,노 삭/ 찾을 색(索),http://tonghanja.com/%ec%b0%be%ec%9d%84-%ec%83%89%e7%b4%a2/,"索 .3급Ⅱ + : 모양 冖: 모양 糸: 실(줄) 사 풀린 섬유(+)와 매듭(冖)과 줄(糸)은? ‘ 索 ’은 풀린 섬유 와 매듭 과 줄 로 된 ‘ 노 ’를 본뜬 글자였으나, 후에 노를 사용할 때에는 노의 끝을 찾는다 하여 ‘ 찾음 ‘을 뜻하게 되었답니다. 찾을 색 색 출 (索 出 : 샅샅이 뒤져서 찾아 냄 ) , 수색(搜索), 검색(檢索) * 노: 실 , 삼 , 종이 따위를 가늘게 비비거나 꼬아 만든 줄 . * ‘索’은 ‘노 삭’이라고도 합니다."
碑,비석 비,卑石,石(돌 석) 卑(낮을(부채) 비),ok,비석 비(碑),http://tonghanja.com/%eb%b9%84%ec%84%9d-%eb%b9%84%e7%a2%91/,"碑 .4급 石: 돌 석 卑: 낮을(부채) 비 돌(石)인데 부채(卑)같이 생긴 것은? 돌 인데 부채 같이 납작하게 생긴 것은 ‘ 비석 ’이지요. 비석 비 비 석 (碑 石 : 글자를 새겨 세워놓은 돌 ) , 기념비(記念碑)"
婢,여종 비,卑女,女(여자 녀) 卑(낮을(부채) 비),ok,여종 비(婢),http://tonghanja.com/%ec%97%ac%ec%a2%85-%eb%b9%84%e5%a9%a2/,"婢 .3급Ⅱ 女: 여자 녀 卑: 낮을(부채) 비 여자(女)인데 부채(卑)질을 하는 이는? 여자 인데 주인에게 부채 질을 하는 이는 ‘ 여종 ( 女 종 )’이지요. 여종 비 시 비 ( 侍 婢: 곁에서 시중을 드는 여종) , 노비(奴婢), 관비(官婢)"
卑,낮을 비,,,none,낮을 비(卑),http://tonghanja.com/%eb%82%ae%ec%9d%84-%eb%b9%84%e5%8d%91/,"卑 .3급Ⅱ 부채( )를 손( )에 드는 이는? 부채 를 손 에 들고 주인에게 부채질을 하는 이는 신분이 ‘ 낮음 ’이지요. 낮을 비 비 천 (卑 賤 : 신분이 낮고 천함 ) , 비속(卑俗), 비열(卑劣)"
距,떨어질 거,巨,巨(클 거),ok,떨어질 거(距),http://tonghanja.com/%eb%96%a8%ec%96%b4%ec%a7%88-%ea%b1%b0%e8%b7%9d/,"距 .3급Ⅱ : 발 족 巨: 클 거 발( )로 재는 크기(巨)는? 보(步)처럼 발 로 재는 크기 는 ‘ 떨어짐 ’이지요. 떨어질 거 거 리 (距 離 : 서로 떨어져 있는 정도 ) , 장거리(長距離), 단거리(短距離) * 보(步): 발걸음으로 재는 거리의 단위. 1보는 한 걸음 정도의 거리임. * ‘距’는 ‘상거(相距: 서로 떨어짐)할 거’라고도 합니다."
拒,막을 거,巨手,扌(손 수) 巨(클 거),ok,막을 거(拒),http://tonghanja.com/%eb%a7%89%ec%9d%84-%ea%b1%b0%e6%8b%92/,"拒 .4급 扌: 손 수 巨: 클 거 손(扌)을 크게(巨) 펴서 하는 것은? 손 을 크게 펴서 하는 것은 상대를 ‘ 막음 ’이지요. 막을 거 거 절 (拒 絶 : 상대의 요구나 제안 따위를 막음) , 거부(拒否), 거역(拒逆)"
巨,클 거,,,none,클 거(巨),http://tonghanja.com/%ed%81%b4-%ea%b1%b0%e5%b7%a8/,"巨 .4급 직각자( )인데 손잡이( )가 달린 것은? 직각자 인데 손잡이 가 달린 것은 모양이 ‘ 큼 ’이지요. 클 거 거 대 (巨 大 : 큼) , 거물(巨物), 거인(巨人)"
錦,비단 금,巾白金,金(쇠(금속) 금) 白(흰 백) 巾(수건(천) 건),ok,비단 금(錦),http://tonghanja.com/%eb%b9%84%eb%8b%a8-%ea%b8%88%e9%8c%a6/,"錦 .3급Ⅱ 金: 쇠(금속) 금 白: 흰 백 巾: 수건(천) 건 금속(金) 같은 흰(白) 천(巾)은? 금속 같이 빛나는 흰 천 은 ‘ 비단 (緋緞)’이지요. 비단 금 금 포 (錦 布 : 비단 베 ) , 금의환향(錦衣還鄕), 금수강산(錦繡江山) * 비단: 명주실로 광택이 나게 짠 피륙."
綿,솜 면,巾白糸,糸(실 사) 白(흰 백) 巾(수건(천) 건),ok,솜 면(綿),http://tonghanja.com/%ec%86%9c-%eb%a9%b4%e7%b6%bf/,"綿 .3급Ⅱ 糸: 실 사 白: 흰 백 巾: 수건(천) 건 실(糸)인데 흰(白) 천(巾)을 만들 때 쓰는 것은? 실 인데 흰 천 인 무명을 만들 때 쓰는 것은 ‘ 솜 ’이지요. 솜 면 면 (綿: 솜 / 무명 ) , 면사(綿絲), 순면(純綿) * 무명: 솜을 자아 만든 실로 짠 피륙."
帛,비단 백,巾白,白(흰 백) 巾(수건(천) 건),ok,비단 백(帛),http://tonghanja.com/%eb%b9%84%eb%8b%a8-%eb%b0%b1%e5%b8%9b/,"帛 .1급 白: 흰 백 巾: 수건(천) 건 흰(白) 천(巾)은? ‘ 帛 ’은 무명이나 명주 따위의 ‘ 흰 천 ’을 나타낸 글자였으나, 후에 ‘ 비단 ’으로 뜻이 바뀌었답니다. 비단 백"
顧,돌아볼 고,戶隹頁,戶(집(지게) 호) 隹(새 추) 頁(머리 혈),ok,돌아볼 고(顧),http://tonghanja.com/%eb%8f%8c%ec%95%84%eb%b3%bc-%ea%b3%a0%e9%a1%a7/,"顧 .3급 戶: 집(지게) 호 隹: 새 추 頁: 머리 혈 지게(戶)같이 새(隹)가 머리(頁)를 돌리는 것은? 지게 같이 새 가 머리 를 돌리는 것은 ‘ 돌아봄 ’이지요. 돌아볼 고 회 고 ( 回 顧 : 뒤를 돌아봄 / 돌이켜 생각함 ) , 고객(顧客), 고문(顧問)"
肩,어깨 견,戶月,戶(집(지게) 호) 月(고기(몸) 육),ok,어깨 견(肩),http://tonghanja.com/%ec%96%b4%ea%b9%a8-%ea%b2%ac%e8%82%a9/,"肩 .3급 戶: 집(지게) 호 月: 고기(몸) 육 지게(戶) 같은 몸(月)의 부위는? 지게 같이 팔이 돌아가는 몸 의 부위는 ‘ 어깨 ’이지요. 어깨 견 강견(強肩), 비견(比肩), 오십견(五十肩) * 지게: 마루와 방 사이의 외짝 여닫이문."
淚,눈물 루,戾水,氵(물 수) 戾(어그러질 려),ok,눈물 루(淚),http://tonghanja.com/%eb%88%88%eb%ac%bc-%eb%a3%a8%e6%b7%9a/,"淚 .3급 氵: 물 수 戾: 어그러질 려 물(氵)인데 어그러질(戾) 때 나는 것은? 물 인데 어떤 일이 어그러질 때 나는 것은 ‘ 눈물 ’이지요. 눈물 루 누 액 (淚 液 : 눈물) , 혈루(血淚), 최루탄(催淚彈)"
戾,어그러질 려,戶犬,戶(집 호) 犬(개 견),ok,어그러질 려(戾),http://tonghanja.com/%ec%96%b4%ea%b7%b8%eb%9f%ac%ec%a7%88-%eb%a0%a4%e6%88%be/,戾 .1급 戶: 집 호 犬: 개 견 집(戶)에서 개(犬)가 나오면? 집 에서 개 가 튀어나오면 행인의 경로가 ‘ 어그러짐 ’이지요. 어그러질 려 * 어그러지다: 계획이나 예상 따위가 빗나가 틀어지다.
罰,벌할 벌,刀网言,罒(그물 망) 言(말씀(말) 언) 刂(칼 도),ok,벌할 벌(罰),http://tonghanja.com/%eb%b2%8c%ed%95%a0-%eb%b2%8c%e7%bd%b0/,"罰 .4급Ⅱ 罒: 그물 망 言: 말씀(말) 언 刂: 칼 도 그물(罒)에 걸려 말(言)로 꾸짖고 칼(刂)로 베는 것은? 법의 그물 에 걸려 말 로 꾸짖고 칼 로 베는 것은 ‘ 벌함 ’이지요. 벌할 벌 벌 함 (罰 함 : 잘못하거나 죄를 지은 사람에게 고통을 줌 ) , 형벌(刑罰), 엄벌(嚴罰)"
罪,허물 죄,网非,罒(그물 망) 非(아닐 비),ok,허물 죄(罪),http://tonghanja.com/%ed%97%88%eb%ac%bc-%ec%a3%84%e7%bd%aa/,"罪 .5급 罒: 그물 망 非: 아닐 비 그물(罒)에 걸리는 아니(非) 될 일은? 법의 그물 에 걸리는 해서는 아니 될 일은 ‘ 허물 ’이지요. 허물 죄 죄 (罪: 허물) , 범죄(犯罪), 죄악(罪惡)"
輩,무리 배,車非,車(수레 차) 非(모양),ok,무리 배(輩),http://tonghanja.com/%eb%ac%b4%eb%a6%ac-%eb%b0%b0%e8%bc%a9/,"輩 .3급Ⅱ 車: 수레 차 非: 모양 수레(車)를 탄 사람들(非)은? 한 수레 를 탄 사람들 은 ‘ 무리 ’이지요. 무리 배 선배(先輩), 후배(後輩), 동년배(同年輩)"
排,물리칠 배,手非,扌(손 수) 非(아닐 비),ok,물리칠 배(排),http://tonghanja.com/%eb%ac%bc%eb%a6%ac%ec%b9%a0-%eb%b0%b0%e6%8e%92/,"排 .3급Ⅱ 扌: 손 수 非: 아닐 비 손(扌)으로 아닌(非) 상대에게 하는 것은? 손 으로 아닌 상대, 즉 등진 상대에게 하는 것은 ‘ 물리침 ’이지요. 물리칠 배 배 척 (排 斥 : 물리침) , 배타(排他), 배제(排除)"
悲,슬플 비,心非,非(아닐 비) 心(마음 심),ok,슬플 비(悲),http://tonghanja.com/%ec%8a%ac%ed%94%8c-%eb%b9%84%e6%82%b2/,"悲 .4급Ⅱ 非: 아닐 비 心: 마음 심 아니(非) 될 때의 마음(心)은? 뜻대로 아니 될 때의 마음 은 ‘ 슬픔 ’이지요. 슬플 비 비 감 (悲 感 : 슬픈 느낌 ) , 비애(悲哀), 비탄(悲歎)"
非,아닐 비,,,none,아닐 비(非),http://tonghanja.com/%ec%95%84%eb%8b%90-%eb%b9%84%e9%9d%9e/,"非 .4급Ⅱ 등지는(非) 것은? 등지는 것은 ‘ 아님 ’이지요. 아닐 비 비정상(非正常), 비리(非理), 시비(是非) * 아니다 싶은 상대에게는 등을 지게 되지요."
髮,터럭 발,彡犮镸,镸(長(길 장)의 이형) 彡(터럭 삼) 犮(빠질 발),ok,터럭 발(髮),http://tonghanja.com/%ed%84%b0%eb%9f%ad-%eb%b0%9c%e9%ab%ae/,"髮 .4급 镸: 長(길 장)의 이형 彡: 터럭 삼 犮: 빠질 발 긴(镸) 터럭(彡)인데 빠지는(犮) 것은? 긴 터럭 인데 빠지는 것은 길게 자라다가 빠지는 터럭인 ‘머리털( 터럭 )’이지요. 터럭 발 두 발 ( 頭 髮: 머리 털) , 모발(毛髮), 장발(長髮) * ‘ 髮’은 주로 ‘머리털’을 뜻합니다."
拔,뽑을 발,手犮,扌(손 수) 犮(빠질 발),ok,뽑을 발(拔),http://tonghanja.com/%eb%bd%91%ec%9d%84-%eb%b0%9c%e6%8b%94/,"拔 .3급Ⅱ 扌: 손 수 犮: 빠질 발 손(扌)으로 빠지게(犮) 하는 것은? 손 으로 무엇을 빠지게 하는 것은 무엇을 ‘ 뽑음 ’이지요. 뽑을 발 발 탁 (拔 擢 : 뽑음 *擢·1급·뽑을 탁 ) , 발본(拔本), 발치(拔齒)"
犮,빠질 발,犬,犬(개) 견(모양),ok,빠질 발(犮),http://tonghanja.com/%eb%b9%a0%ec%a7%88-%eb%b0%9c%e7%8a%ae/,犮 .무급 犬: 개 견 : 모양 개(犬)를 손( )으로 잡아당기면? 개 를 손 으로 잡아당기면 터럭이 ‘ 빠짐 ’이지요. 빠질 발
蜜,꿀 밀,宓虫,宓(감출 밀) 虫(벌레 충),ok,꿀 밀(蜜),http://tonghanja.com/%ea%bf%80-%eb%b0%80%e8%9c%9c/,"蜜 .3급 宓: 감출 밀 虫: 벌레 충 벌레(虫)가 감추어(宓) 둔 것은? 벌레 가 감추어 둔 것은 벌집에 들어 있는 ‘ 꿀 ’이지요. 꿀 밀 봉 밀 ( 蜂 蜜: 벌 꿀) , 밀월여행(蜜月旅行)"
密,빽빽할 밀,宓山,宓(감출 밀) 山(뫼 산),ok,빽빽할 밀(密),http://tonghanja.com/%eb%b9%bd%eb%b9%bd%ed%95%a0-%eb%b0%80%e5%af%86/,"密 .4급Ⅱ 宓: 감출 밀 山: 뫼 산 감추는(宓) 산(山)은? 안에 있는 것들을 감추는 산 은 나무가 ‘ 빽빽함 ’이지요. 빽빽할 밀 밀 림 (密 林 : 빽빽한 숲 ) , 밀집(密集), 은밀(隱密)"
宓,감출 밀,宀必,宀(집 면) 必(반드시 필),ok,감출 밀(宓),http://tonghanja.com/%ea%b0%90%ec%b6%9c-%eb%b0%80%e5%ae%93/,宓 .특급Ⅱ 宀: 집 면 必: 반드시 필 집(宀) 안에 반드시(必) 있게 하는 것은? 무엇을 집 안에 반드시 있게 하는 것은 무엇을 집 안에 ‘ 감춤 ’이지요. 감출 밀
祕,숨길 비,必示,示(보일(신) 시) 必(반드시 필),ok,숨길 비(祕),http://tonghanja.com/%ec%88%a8%ea%b8%b8-%eb%b9%84%e7%a5%95/,"祕 .4급 示: 보일(신) 시 必: 반드시 필 신(示)이 반드시(必) 하는 것은? 신 이 제단에서 반드시 하는 것은 몸을 ‘ 숨김 ’이지요. 숨길 비 신비(神祕), 비밀(祕密), 비법(祕法)"
必,반드시 필,心,心(마음) 심(모양),ok,반드시 필(必),http://tonghanja.com/%eb%b0%98%eb%93%9c%ec%8b%9c-%ed%95%84%e5%bf%85/,"必 .5급Ⅱ 心: 마음 심 : 모양 마음(心)에 꽂힌( ) 것은? 마음 에 꽂힌 것은 ‘ 반드시 ’ 해야 하거나 있어야 하지요. 반드시 필 필 수 (必 須 : 반드시 모름지기 해야 하거나 있어야 함 ) , 필요(必要), 필연(必然)"
事,일 사,,,none,일 사(事),http://tonghanja.com/%ec%9d%bc-%ec%82%ac%e4%ba%8b/,"事 .7급Ⅱ 붓( )을 손( )에 들고 쓰는 것은? 붓 을 손 에 들고 쓰는 것은 문제가 되거나 주목을 받을 만한 ‘ 일 ’이지요. 일 사 사 건 (事 件 : 문제가 되거나 주목을 받을 만한 일) , 사고(事故), 사실(事實)"
使,부릴 사,人吏,亻(사람 인) 吏(관리 리),ok,부릴 사(使),http://tonghanja.com/%eb%b6%80%eb%a6%b4-%ec%82%ac%e4%bd%bf/,"使 .6급 亻: 사람 인 吏: 관리 리 사람(亻)에게 관리(吏)가 하는 것은? 사람 에게 관리 가 하는 것은 ‘ 부림 ’이지요. 부릴 사 사 역 (使 役 : 부리어 일을 시킴 ) , 사용(使用), 구사(驅使)"
吏,관리 리,,,none,관리 리(吏),http://tonghanja.com/%ea%b4%80%eb%a6%ac-%eb%a6%ac%e5%90%8f/,"吏 .3급Ⅱ 붓( )을 손( )에 들고 쓰는 이는? 붓 을 손 에 들고 역사(史)를 쓰는 이는 ‘ 관리 ’이지요. 관리 리 관 리 ( 官 吏: 관직에 있는 사람 ) , 향리(鄕吏), 청백리(淸白吏)"
史,역사 사,,,none,역사 사(史),http://tonghanja.com/%ec%97%ad%ec%82%ac-%ec%82%ac%e5%8f%b2/,"史 .5급Ⅱ 붓(中)을 손( )에 들고 쓰는 것은? 붓 을 손 에 들고 중립(中立)을 지키며 쓰는 것은 ‘ 역사 ’이지요. 역사 사 역 사 ( 歷 史: 인류 사회의 변천과 흥망의 과정 또는 그 기록 ) , 사기(史記), 사료(史料)"
憫,민망할 민,心文門,忄(마음 심) 門(문 문) 文(글월 문),ok,민망할 민(憫),http://tonghanja.com/%eb%af%bc%eb%a7%9d%ed%95%a0-%eb%af%bc%e6%86%ab/,"憫 .3급 忄: 마음 심 門: 문 문 文: 글월 문 마음(忄)인데 문(門)에 붙은 조문(文)을 볼 때 드는 것은? 마음 인데 문 에 붙은 조문 을 볼 때 드는 것은 ‘ 민망함 ’이지요. 민망할 민 민 망 (憫 惘 : 보기에 딱하여 안타까움/ 낯을 들고 대하기가 부끄러움 ) , 연민(憐憫) * 조문(弔文): 고인의 명복을 비는 글."
潤,윤택할 윤,水閏,氵(물 수) 閏(윤달 윤),ok,윤택할 윤(潤),http://tonghanja.com/%ec%9c%a4%ed%83%9d%ed%95%a0-%ec%9c%a4%e6%bd%a4/,"潤 .3급Ⅱ 氵: 물 수 閏: 윤달 윤 물(氵)이 윤달(閏)처럼 남는 것은? 물 이 윤달 처럼 남아도는 것은 ‘ 윤택함 ’이지요. 윤택할 윤 윤 택 (潤 澤 : 넉넉하고 풍요로움 ) , 이윤(利潤)"
閏,윤달 윤,王門,門(문 문) 王(임금 왕),ok,윤달 윤(閏),http://tonghanja.com/%ec%9c%a4%eb%8b%ac-%ec%9c%a4%e9%96%8f/,"閏 .3급 門: 문 문 王: 임금 왕 문(門) 안에서만 임금(王)이 있는 때는? 문 안에서만 임금 이 있는 때는 자연의 질서가 깨져 천재지변이 발생할 가능성이 높은 때인 ‘ 윤달 ’이지요. 윤달 윤 윤 달 (閏 달 : 음력에서 계절이 어긋나는 것을 막기 위해 추가로 넣는 달/ 남는 달, 여벌 달, 썩은 달이라고도 함 ) , 윤월(閏月), 윤년(閏年) * 고대에는 윤달에 임금이 궐문 밖으로 나가지 않고 궐 안에 머물며 천재지변을 대비했답니다."
簡,대쪽 간,竹間,竹(대 죽) 間(사이 간),ok,대쪽 간(簡),http://tonghanja.com/%eb%8c%80%ec%aa%bd-%ea%b0%84%e7%b0%a1/,"簡 .4급 竹: 대 죽 間: 사이 간 대나무(竹)인데 사이(間)를 낸 것은? 대나무 인데 쪼개서 사이 를 낸 것은 ‘ 대쪽 ’이지요. 대쪽 간 죽 간 ( 竹 簡: 종이가 발명되기 전에 문자를 기록하던 대쪽 / 대쪽을 엮어 만든 책 ) , 간략(簡略), 간단(簡單) * ‘簡’은 대쪽에는 내용을 간략하게 적는다 하여 ‘간략할 간’이라고도 합니다."
間,사이 간,日門,門(문 문) 日(날(해) 일),ok,사이 간(間),http://tonghanja.com/%ec%82%ac%ec%9d%b4-%ea%b0%84%e9%96%93/,"間 .7급Ⅱ 門: 문 문 日: 날(해) 일 문(門)에서 햇빛(日)이 들어오는 곳은? 문 에서 햇빛 이 들어오는 곳은 문짝과 문짝의 ‘ 사이 ’이지요. 사이 간 간 격 (間 隔 : 뜬 사이) , 공간(空間), 중간(中間)"
關,관계할 관,門,門(문) 문(꿸 관),ok,관계할 관(關),http://tonghanja.com/%ea%b4%80%ea%b3%84%ed%95%a0-%ea%b4%80%e9%97%9c/,"關 .5급Ⅱ 門: 문 문 : 꿸 관 문(門)에서 빗장을 꿰는( ) 것은? 문 에서 빗장을 빗장걸이에 꿰는 것은 빗장과 빗장걸이가 ‘ 관계함 ’이지요. 관계할 관 관 계 (關 係 : 둘 이상의 것이 서로 관련을 맺음 ) , 관련(關聯), 상관(相關)"
聯,연이을 련,耳,耳(귀) 이(꿸 관),ok,연이을 련(聯),http://tonghanja.com/%ec%97%b0%ec%9d%b4%ec%9d%84-%eb%a0%a8%e8%81%af/,"聯 .3급Ⅱ 耳: 귀 이 : 꿸 관 귀(耳)를 꿰는( ) 것은? 귀 를 꿰는 것은 적군의 귀들을 ‘ 연이음 (連이음)’이지요. 연이을 련 연 계 (聯 繫 : 연이어 맴 ) , 연합(聯合), 연관(聯關)"
誕,태어날 탄,延言,言(말씀(말) 언) 延(끌 연),ok,태어날 탄(誕),http://tonghanja.com/%ed%83%9c%ec%96%b4%eb%82%a0-%ed%83%84%e8%aa%95/,"誕 .3급 言: 말씀(말) 언 延: 끌 연 말(言)을 끌면서(延) 하는 것은? 말 을 “응애~ 응애~ 응애~”라고 끌면서 (늘이면서) 하는 것은 ‘ 태어남 ’이지요. 태어날 탄 탄 생 (誕 生 : 태어남) , 탄신(誕辰), 성탄(聖誕)"
延,끌 연,廴,급(발 끌 연) 廴(길게 걸을 인),ok,끌 연(延),http://tonghanja.com/%eb%81%8c-%ec%97%b0%e5%bb%b6/,"延 .4급 : 발 끌 연 廴: 길게 걸을 인 발을 끌며( ) 길게 걷는(廴) 것은? 발을 끌며 길게 걷는 것은 시간을 ‘ 끎 ’이지요. ☞ : 끌 예, 止: 발 지, : 발 끌 연. 끌 연 지 연 ( 遲 延: 더디게 끎) , 연기(延期), 연장(延長) * ‘延’은 시간을 끄는 것은 시간을 늘이는 것이라 하여, ‘늘일 연’이라고도 합니다."
紫,자줏빛 자,此糸,此(이 차) 糸(실 사),ok,자줏빛 자(紫),http://tonghanja.com/%ec%9e%90%ec%a4%8f%eb%b9%9b-%ec%9e%90%e7%b4%ab/,"紫 .3급Ⅱ 此: 이 차 糸: 실 사 이(此) 실(糸)은? 발을 사람이 그치며 “ 이 실 은 무엇입니까?” 하고 묻는 빛은 매우 특별한 빛인 ‘ 자줏빛 ’이지요. 자줏빛 자 자 줏빛 (紫 朱빛 : 짙은 남빛에 붉은빛을 띤 빛 ) , 자색(紫色), 자외선(紫外線) * 고대 사회에서 자줏빛 실은 귀한 염료로 인해, 황제나 귀족처럼 부유하고 권위 있는 이들만 쓸 수 있는 아주 특별한 실이었답니다."
此,이 차,匕止,止(그칠(발) 지) 匕(모양),ok,이 차(此),http://tonghanja.com/%ec%9d%b4-%ec%b0%a8%e6%ad%a4/,"此 .3급Ⅱ 止: 그칠(발) 지 匕: 모양 발(止)로 사람(匕)이 딛고 있는 곳은? 발 로 사람 이 딛고 있는 곳은 ‘ 이 ’ 곳이지요. 이 차 차 처 (此 處 : 이 곳 ) , 차후(此後), 피차(彼此)"
孤,외로울 고,子瓜,子(아들(아이) 자) 瓜(오이 과),ok,외로울 고(孤),http://tonghanja.com/%ec%99%b8%eb%a1%9c%ec%9a%b8-%ea%b3%a0%e5%ad%a4/,"孤 .4급 子: 아들(아이) 자 瓜: 오이 과 아이(子)가 오이(瓜)처럼 된 것은? 아이 가 오이 처럼 된 것은 ‘ 외로움 ’이지요. 외로울 고 고 아 (孤 兒 : 부모가 없어 외로운 아이 ) , 고독(孤獨), 고립(孤立) * 오이 덩굴은 열매를 맺으면 바로 시들어 죽는답니다."
瓜,오이 과,,,none,오이 과(瓜),http://tonghanja.com/%ec%98%a4%ec%9d%b4-%ea%b3%bc%e7%93%9c/,瓜 .2급 덩굴( )에 매달린 굽은 열매(厶)는? 덩굴 에 매달린 굽은 열매 는 ‘ 오이 ’이지요. 오이 과
叫,부르짖을 규,丩口,口(입 구) 丩(덩굴 구),ok,부르짖을 규(叫),http://tonghanja.com/%eb%b6%80%eb%a5%b4%ec%a7%96%ec%9d%84-%ea%b7%9c%e5%8f%ab/,叫 .3급 口: 입 구 丩: 덩굴 구 입(口)으로 덩굴(丩) 같은 소리를 내는 것은? 입 으로 덩굴 같이 길게 뻗어나가는 소리를 내는 것은 ‘ 부르짖음 ’이지요. 부르짖을 규 절 규 ( 絶 叫: 힘을 다하여 부르짖음)
糾,얽힐 규,丩糸,糸(실 사) 丩(덩굴 구),ok,얽힐 규(糾),http://tonghanja.com/%ec%96%bd%ed%9e%90-%ea%b7%9c%e7%b3%be/,"糾 .3급 糸: 실 사 丩: 덩굴 구 실(糸)이 덩굴(丩)처럼 된 것은? 실 이 덩굴 처럼 된 것은 ‘ 얽힘 ’이지요. 얽힐 규 분 규 ( 紛 糾 : 어지럽게 얽혀서 말썽이 많음 ) , 규합(糾合), 규명(糾明)"
收,거둘 수,丩攵,丩(덩굴 구) 攵(칠 복),ok,거둘 수(收),http://tonghanja.com/%ea%b1%b0%eb%91%98-%ec%88%98%e6%94%b6/,"收 .4급Ⅱ 丩: 덩굴 구 攵: 칠 복 덩굴(丩)을 치는(攵) 것은? 덩굴 을 막대로 치는 것은 덩굴에 매달린 열매를 ‘ 거둠 ’이지요. 거둘 수 수 확 (收 穫 : 농작물을 거둠) , 수익(收益), 수금(收金)"
丩,덩굴 구,,,none,덩굴 구(丩),http://tonghanja.com/%eb%8d%a9%ea%b5%b4-%ea%b5%ac%e4%b8%a9/,丩 .무급 덩굴(丩)은? ‘ 丩 ‘는 갈라지며 위로 뻗어오르는 줄기인 ‘ 덩굴 ’을 본뜬 글자입니다. 덩굴 구
盜,도둑 도,㳄皿,㳄(침 연) 皿(그릇 명),ok,도둑 도(盜),http://tonghanja.com/%eb%8f%84%eb%91%91-%eb%8f%84%e7%9b%9c/,"盜 .4급 㳄: 침 연 皿: 그릇 명 침(㳄)을 그릇(皿)을 보며 흘리는 이는? 침 을 남의 밥 그릇 을 보며 흘리는 이는 ‘ 도둑 ’이지요. 도둑 도 도 적 (盜 賊 : 도둑 ) , 강도(強盜), 절도(竊盜)"
㳄,침 연,欠水,氵(물 수) 欠(하품(입 벌린 사람) 흠),ok,침 연(㳄),http://tonghanja.com/%ec%b9%a8-%ec%97%b0%e3%b3%84/,㳄 .무급 氵: 물 수 欠: 하품(입 벌린 사람) 흠 물(氵)인데 입 벌린 사람(欠)한테서 나오는 것은? 물 인데 입 벌린 사람 한테서 나오는 것은 ‘ 침 ’이지요. 침 연
恣,방자할 자,心次,次(버금 차) 心(마음 심),ok,방자할 자(恣),http://tonghanja.com/%eb%b0%a9%ec%9e%90%ed%95%a0-%ec%9e%90%e6%81%a3/,"恣 .3급 次: 버금 차 心: 마음 심 버금(次)에 놓는 마음(心)은? 자기 버금 에 남을 놓는 마음 은 ‘ 방자함 ’이지요. 방자할 자 방 자 ( 放 恣: 남을 깔보고 제 마음대로 함 ) , 자행(恣行), 자의(恣意) * ‘恣’는 ‘마음대로 자’라고도 합니다."
資,재물 자,次貝,次(버금 차) 貝(조개(재물) 패),ok,재물 자(資),http://tonghanja.com/%ec%9e%ac%eb%ac%bc-%ec%9e%90%e8%b3%87/,"資 .4급 次: 버금 차 貝: 조개(재물) 패 버금(次)으로 중요한 재물(貝)은? 사업할 때 사람 버금 으로 중요한 재물 은 ‘ 재물 (財物)’이지요. 재물 자 자 본 (資 本 : 사업의 밑천이 되는 재물) , 자금(資金), 투자(投資)"
姿,모양 자,女次,次(버금 차) 女(여자 녀),ok,모양 자(姿),http://tonghanja.com/%eb%aa%a8%ec%96%91-%ec%9e%90%e5%a7%bf/,"姿 .4급 次: 버금 차 女: 여자 녀 버금(次)으로 여자(女)에게 중요한 것은? 마음씨 버금 으로 여자 에게 중요한 것은 ‘ 모양 (模樣)’이지요. 모양 자 자 태 (姿 態 : 모양 새 ) , 자세(姿勢)"
次,버금 차,二欠,二(두 이) 欠(하품(흠) 흠),ok,버금 차(次),http://tonghanja.com/%eb%b2%84%ea%b8%88-%ec%b0%a8%e6%ac%a1/,"次 .4급Ⅱ 二: 두 이 欠: 하품(흠) 흠 두(二) 번째가 될 흠(欠)이 있는 것은? 첫 번째인 으뜸에 비해, 두 번째가 될 만한 흠 이 있는 것은 ‘ 버금 ’이지요. 버금 차 차 선 (次 善 : 버금 으로 좋은 것 ) , 차석(次席), 차례(次例)"
超,뛰어넘을 초,召走,走(달릴 주) 召(부를 소),ok,뛰어넘을 초(超),http://tonghanja.com/%eb%9b%b0%ec%96%b4%eb%84%98%ec%9d%84-%ec%b4%88%e8%b6%85/,"超 .3급Ⅱ 走: 달릴 주 召: 부를 소 달려(走)라고 부르면(召)? “ 달려 , ㅇㅇ야~”라고 부르면 상대가 한계를 ‘ 뛰어넘음 ’이지요. 뛰어넘을 초 초 월 (超 越 : 어떤 한계를 뛰어넘음) , 초과(超過), 초능력(超能力)"
招,부를 초,召手,扌(손 수) 召(부를 소),ok,부를 초(招),http://tonghanja.com/%eb%b6%80%eb%a5%bc-%ec%b4%88%e6%8b%9b/,"招 .4급 扌: 손 수 召: 부를 소 손(扌)짓하며 부르는(召) 것은? 손 짓하며 이리 오라고 부르는 것은 상대를 ‘ 부름 ’이지요. 부를 초 초 청 (招 請 : 사람을 청하여 부름) , 초대(招待), 초빙(招聘)"
照,비칠 조,昭火,昭(밝을 소) 灬(불 화),ok,비칠 조(照),http://tonghanja.com/%eb%b9%84%ec%b9%a0-%ec%a1%b0%e7%85%a7/,"照 .3급Ⅱ 昭: 밝을 소 灬: 불 화 밝게(昭) 불(灬)이 하는 것은? 밝게 불 이 하는 것은 빛을 ‘ 비춤 ’이지요. 비출 조 조 명 (照 明 : 광선으로 밝게 비춤 또는 그 광선 ) , 대조(對照), 참조(參照)"
昭,밝을 소,召日,日(날(해) 일) 召(부를 소),ok,밝을 소(昭),http://tonghanja.com/%eb%b0%9d%ec%9d%84-%ec%86%8c%e6%98%ad/,"昭 .3급 日: 날(해) 일 召: 부를 소 해(日)를 부르면(召)? 해 를 땅 위로 부르면 세상이 ‘ 밝음 ’이지요. 밝을 소 소소 (昭昭: 밝음) , 소상(昭詳)"
召,부를 소,刀,刀(칼 도  ㅁ: 입(말) 구),ok,부를 소(召),http://tonghanja.com/%eb%b6%80%eb%a5%bc-%ec%86%8c%e5%8f%ac/,"召 .3급 刀: 칼 도 ㅁ: 입(말) 구 칼(刀)같이 말(ㅁ)하는 것은? 칼 같이 날카롭게 말 하는 것은 상대를 ‘ 부름 ’이지요. 부를 소 소 환 (召 喚 : 부름 *喚·1급·부를 환 ) , 소집(召集)"
鈍,둔할 둔,屯金,金(쇠 금) 屯(모양),ok,둔할 둔(鈍),http://tonghanja.com/%eb%91%94%ed%95%a0-%eb%91%94%e9%88%8d/,"鈍 .3급 金: 쇠 금 屯: 모양 쇠(金) 망치(屯)는? 쇠 로 된 망치 는 ‘ 둔함 ’이지요. ☞ 여기서의 ‘屯’은 머리( )와 자루( )로 된 ‘망치’를 본뜬 글자입니다. 둔할 둔 둔 함 (鈍 함 : 무딤/ 느리고 무거움 ) , 둔기(鈍器), 둔탁(鈍濁)"
純,순수할 순,一糸,糸(실 사) 一(모) 양((풀 초)의 이형),ok,순수할 순(純),http://tonghanja.com/%ec%88%9c%ec%88%98%ed%95%a0-%ec%88%9c%e7%b4%94/,"純 .4급Ⅱ 糸: 실 사 一: 모양 : (풀 초)의 이형 실(糸)처럼 땅(一) 위로 솟은 풀( )은? 실 처럼 땅 위로 솟은 풀 은 ‘ 순수함 ’이지요. 순수할 순 순 수 (純 粹 : 티 없이 맑음 *粹·1급·순수할 수 ) , 순결(純潔), 청순(淸純)"
屯,진칠 둔,一,一(모) 양((풀 초)의 이형),ok,진칠 둔(屯),http://tonghanja.com/%ec%a7%84%ec%b9%a0-%eb%91%94%e5%b1%af/,屯 .3급 一: 모양 : (풀 초)의 이형 땅(一)에서 풀( )이 하는 것은? 땅 에서 풀 이 하는 것은 ‘ 진침 (陣침)’이지요. 진칠 둔 주 둔 ( 駐 屯: 진치고 머무름 *駐·2급·머무를 주 ) * 진치다: 자리를 잡고 머무르다.
球,공 구,求王,王(구슬 옥) 求(구할(짐승가죽) 구),ok,공 구(球),http://tonghanja.com/%ea%b3%b5-%ea%b5%ac%e7%90%83/,"球 .6급Ⅱ 王: 구슬 옥 求: 구할(짐승가죽) 구 구슬(王)인데 짐승가죽(求)으로 만든 것은? 구슬 인데 짐승가죽 으로 만든 것은 ‘ 공 ’이지요. 공 구 구 (球: 공 같이 생긴 둥근 물체 ) , 축구(蹴球 *蹴·2급·찰 축), 야구(野球)"
救,구원할 구,攵求,求(구할(짐승가죽) 구) 攵(칠 복),ok,구원할 구(救),http://tonghanja.com/%ea%b5%ac%ec%9b%90%ed%95%a0-%ea%b5%ac%e6%95%91/,"救 .5급 求: 구할(짐승가죽) 구 攵: 칠 복 짐승가죽(求)이 침(攵)을 당할 때 하는 것은? 짐승가죽 이 적에게 침 을 당할 때 하는 것은 착용자를 ‘ 구원함 ’이지요. 구원할 구 구 원 (救 援 : 위험으로부터 벗어나게 도움 ) , 구조(救助), 구명(求命)"
求,구할 구,,,none,구할 구(求),http://tonghanja.com/%ea%b5%ac%ed%95%a0-%ea%b5%ac%e6%b1%82/,"求 .4급Ⅱ 짐승가죽(求)은? ‘ 求 ’는 ‘ 짐승가죽 ’을 본뜬 글자였으나, 후에 짐승가죽은 누구나 구한다 하여 ‘ 구함 ’을 뜻하게 되었답니다. 구할 구 구 함 (求 함 : 무엇을 얻고자 함 ) , 희구(希求), 갈구(渴求)"
沈,잠길 침,冘水,氵(물 수) 冘(머무를 유),ok,잠길 침(沈),http://tonghanja.com/%ec%9e%a0%ea%b8%b8-%ec%b9%a8%e6%b2%88/,"沈 .3급Ⅱ 氵: 물 수 冘: 머무를 유 물(氵)속에서 머무르는(冘) 것은? 물 속에서 머무르는 것은 물에 ‘ 잠김 ’이지요. 잠길 침 침 잠 (沈 潛 : 잠김) , 침몰(沈沒), 심청전(沈淸傳) * ‘沈’은 ‘성씨(姓氏) 심’이라고도 합니다."
枕,베개 침,冘木,木(나무 목) 冘(머무를 유),ok,베개 침(枕),http://tonghanja.com/%eb%b2%a0%ea%b0%9c-%ec%b9%a8%e6%9e%95/,"枕 .3급 木: 나무 목 冘: 머무를 유 나무(木)인데 머무르는(冘) 것은? 나무 인데 사람이 머무르는 것은 ‘ 베개 ’이지요. 베개 침 목 침 ( 木 枕: 나무 베개) , 기침(起枕)"
冘,머무를 유,冖,冖(모) 양(人(사람 인)의 이형),ok,머무를 유(冘),http://tonghanja.com/%eb%a8%b8%eb%ac%b4%eb%a5%bc-%ec%9c%a0%e5%86%98/,冘 .무급 冖: 모양 : 人(사람 인)의 이형 베개(冖)에서 사람( )이 하는 것은? 베개 에서 사람 이 하는 것은 ‘ 머무름 ’이지요. 머무를 유
謂,이를 위,胃言,言(말씀(말) 언) 胃(밥통 위),ok,이를 위(謂),http://tonghanja.com/%ec%9d%b4%eb%a5%bc-%ec%9c%84%e8%ac%82/,"謂 .3급Ⅱ 言: 말씀(말) 언 胃: 밥통 위 말(言)이 위(胃)에서 나오는 것은? 말 이 위 에서 나오는 것은 ‘ 이름 ’이지요. 이를 위 운 위 ( 云 謂: 이름) , 소위(所謂) * 이르다: 무엇이라고 말하다. * 옛날 사람들은 말이 위에서 나온다고 여겼답니다."
胃,밥통 위,月田,田(밭 전) 月(고기(몸) 육),ok,밥통 위(胃),http://tonghanja.com/%eb%b0%a5%ed%86%b5-%ec%9c%84%e8%83%83/,"胃 .3급Ⅱ 田: 밭 전 月: 고기(몸) 육 밭(田) 같은 몸(月)의 부위는? 밭 같이 주름진 몸 의 부위는 ‘ 밥통 ’이지요. 밥통 위 위 (胃: 밥통) , 위장(胃臟), 위염(胃炎)"
細,가늘 세,田糸,糸(실 사) 田(밭 전),ok,가늘 세(細),http://tonghanja.com/%ea%b0%80%eb%8a%98-%ec%84%b8%e7%b4%b0/,"細 .4급Ⅱ 糸: 실 사 田: 밭 전 실(糸)인데 밭(田)에 있는 것은? 실 인데 뽕 밭 에 있는 것은 ‘ 가늚 ’이지요. 가늘 세 세세 (細細: 매우 가늚) , 세밀(細密), 미세(微細)"
累,여러 루,田糸,田(밭 전) 糸(실 사),ok,여러 루(累),http://tonghanja.com/%ec%97%ac%eb%9f%ac-%eb%a3%a8%e7%b4%af/,"累 .3급Ⅱ 田: 밭 전 糸: 실 사 밭(田)에 매달린 실(糸)은? 뽕 밭 에 매달린 누에고치의 실 은 ‘ 여러 ’이지요. 여러 루 누 적 (累 積 : 포개어 여러 번 쌓음 ) , 누차(累次), 누진세(累進稅)"
思,생각 사,心田,田(밭 전) 心(마음 심),ok,생각 사(思),http://tonghanja.com/%ec%83%9d%ea%b0%81-%ec%82%ac%e6%80%9d/,"思 .5급 田: 밭 전 心: 마음 심 밭(田)인데 마음(心)속에 있는 것은? 밭 인데 마음 속에 있는 것은 ‘ 생각 ’이지요. 생각 사 사 유 (思 惟 : 생각) , 사고(思考), 사상(思想) * 생각이라는 마음의 밭에서 인간은 온갖 작물(作物)을 기르고 거두지요."
男,사내 남,力田,田(밭 전) 力(힘 력),ok,사내 남(男),http://tonghanja.com/%ec%82%ac%eb%82%b4-%eb%82%a8%e7%94%b7/,"男 .7급Ⅱ 田: 밭 전 力: 힘 력 밭(田)에서 힘(力)쓰는 이는? 밭 에서 힘 쓰는 이는 ‘ 사내 ’이지요. 사내 남 남 자 (男 子 : 사내) , 남성(男性), 남편(男便)"
禍,재앙 화,咼示,示(보일(신) 시) 咼(비뚤(입 비뚤어질) 괘),ok,재앙 화(禍),http://tonghanja.com/%ec%9e%ac%ec%95%99-%ed%99%94%e7%a6%8d/,"禍 .3급Ⅱ 示: 보일(신) 시 咼: 비뚤(입 비뚤어질) 괘 신(示)이 입을 비뚤어지게(咼) 하는 것은? 신 이 불시에 입 을 비뚤어지게 하는 것은 ‘ 재앙 (災殃)’이지요. 재앙 화 화 (禍: 재앙) , 화근(禍根), 재화(災禍)"
過,지날 과,咼辵,咼(비뚤 괘) 辶(갈 착),ok,지날 과(過),http://tonghanja.com/%ec%a7%80%eb%82%a0-%ea%b3%bc%e9%81%8e/,"過 .5급Ⅱ 咼: 비뚤 괘 辶: 갈 착 비뚤게(咼) 가는(辶) 것은? 비뚤게 가는 것은 어디를 ‘ 지남 ’이지요. 지날 과 과 정 (過 程 : 지나는 길 ) , 통과(通過), 경과(經過)"
咼,비뚤 괘,,급(骨(뼈 골)의 이형  ㅁ: 입 구),image,비뚤 괘(咼),http://tonghanja.com/%eb%b9%84%eb%9a%a4-%ea%b4%98%e5%92%bc/,咼 .무급 : 骨(뼈 골)의 이형 ㅁ: 입 구 뼈( )가 드러난 입(ㅁ)은? 풍을 맞아 뼈 (치아)가 드러난 입 은 모양이 ‘ 비뚦 ’이지요. 비뚤 괘 * ‘咼’는 ‘입 비뚤어질 괘’라고도 합니다.
那,어찌 나,二刀,刀(칼 도) 二(두) 이(고을 읍),ok,어찌 나(那),http://tonghanja.com/%ec%96%b4%ec%b0%8c-%eb%82%98%e9%82%a3/,"那 .3급 刀: 칼 도 二: 두 이 : 고을 읍 칼(刀)을 두(二) 자루씩 차는 고을(阝)은? ‘ 那 ’는 칼 을 두 자루씩 차는 고을 인 ‘ 서역 ‘을 나타낸 글자였으나, 후에 서역에서는 어찌 칼을 두 자루씩 차는가 하여 ‘ 어찌 ’란 뜻으로 쓰이게 되었답니다. 어찌 나 찰나(刹那), 나락(那落)"
製,지을 제,制衣,制(절제할(마를) 제) 衣(옷 의),ok,지을 제(製),http://tonghanja.com/%ec%a7%80%ec%9d%84-%ec%a0%9c%e8%a3%bd/,"製 .4급Ⅱ 制: 절제할(마를) 제 衣: 옷 의 말라서(制) 옷(衣)을 만드는 것은? 말라서 옷 을 만드는 것은 옷을 ‘ 지음 ’이지요. 지을 제 제 작 (製 作 : 지음) , 제조(製造), 창제(創製)"
制,절제할 제,刀巾,巾(수건(천) 건) 刂(칼 도),ok,절제할 제(制),http://tonghanja.com/%ec%a0%88%ec%a0%9c%ed%95%a0-%ec%a0%9c%e5%88%b6/,"制 .4급Ⅱ : 모양 ㅡ: 접힌 곳 巾: 수건(천) 건 刂: 칼 도 천을 접어( ) 칼(刂)로 자르는 것은? ‘ 制 ’는 천을 접어 칼 로 자르는 것인 ‘ 마름 ’을 나타낸 글자였으나, 후에 마름질은 무엇을 절제하는 것이라 하여 ‘ 절제함 ’을 뜻하게 되었답니다. ☞ : 巾을 거꾸로 나타낸 모양. 절제할 제 절 제 ( 節 制: 알맞게 조절하여 제한함 ) , 제한(制限), 제재(制裁) * 마르다: 옷감이나 재목 따위의 재료를 치수에 맞게 자르다 ."
別,다를 별,刀,양(力(힘 력)의 이형) 刂(칼 도),ok,다를 별(別),http://tonghanja.com/%eb%8b%a4%eb%a5%bc-%eb%b3%84%e5%88%a5/,"別 .6급 ㅁ: 모양 : 力(힘 력)의 이형 刂: 칼 도 물건(ㅁ)에 힘( )껏 칼(刂)질하여 만드는 것은? 물건 에 힘 껏 칼 질하여 만드는 것은 ‘ 다름 ’이지요. 다를 별 별 개 (別 個 : 다른 것 ) , 별도(別途), 분별(分別) * ‘別’은 물건에 힘껏 칼질하는 것은 물건을 나누는 것이라 하여, ‘나눌 별’이라고도 합니다."
評,평할 평,平言,言(말씀(말) 언) 平(평평할(저울) 평),ok,평할 평(評),http://tonghanja.com/%ed%8f%89%ed%95%a0-%ed%8f%89%e8%a9%95/,"評 .4급 言: 말씀(말) 언 平: 평평할(저울) 평 말(言)로 저울(平)질하는 것은? 말 로 선악·시비·미추 등을 저울 질하는 것은 ‘ 평함 ’이지요. 평할 평 평 함 (評 함 : 선악·시비·미추 등을 따져 말함 ) , 평가(評價), 비평(批評)"
平,평평할 평,,,none,평평할 평(平),http://tonghanja.com/%ed%8f%89%ed%8f%89%ed%95%a0-%ed%8f%89%e5%b9%b3/,"平 .7급Ⅱ 저울(平)의 상태는? 양팔 저울 의 상태는 ‘ 평평함 ’이지요. 평평할 평 평평 (平平: 어느 한쪽으로도 기울지 않은 상태 ) , 평형(平衡), 평균(平均)"
浮,뜰 부,子水爫,氵(물 수) 爫(손톱(손) 조) 子(아들(아이) 자),ok,뜰 부(浮),http://tonghanja.com/%eb%9c%b0-%eb%b6%80%e6%b5%ae/,"浮 .3급Ⅱ 氵: 물 수 爫: 손톱(손) 조 子: 아들(아이) 자 물(氵)에서 손(爫)으로 아이(子)를 들면? 물 에서 손 으로 아이 를 들면 아이가 ‘ 뜸 ’이지요. 뜰 부 부 양 (浮 揚 : 떠 오름 ) , 부상(浮上), 부력(浮力)"
乳,젖 유,子爫,爫(손톱(손) 조) 子(아들(아이)) 자(모양),ok,젖 유(乳),http://tonghanja.com/%ec%a0%96-%ec%9c%a0%e4%b9%b3/,"乳 .4급 爫: 손톱(손) 조 子: 아들(아이) 자 : 모양 손(爫)으로 아이(子)를 들어 가슴( )에 대고 먹이는 것은? 손 으로 아이 를 들어 가슴 에 대고 먹이는 것은 ‘ 젖 ’이지요. 젖 유 모 유 ( 母 乳: 엄마 젖) , 수유(授乳), 유방(乳房)"
孔,구멍 공,子,子(아들(아이)) 자(모양),ok,구멍 공(孔),http://tonghanja.com/%ea%b5%ac%eb%a9%8d-%ea%b3%b5%e5%ad%94/,"孔 .4급 子: 아들(아이) 자 : 모양 아이(子)가 가슴( )에서 빠는 것은? 아이 가 가슴 에서 빠는 것은 ‘ 구멍 ’이지요. 구멍 공 유 공 ( 乳 孔: 젖 구멍) , 모공(毛孔), 공자(孔子) * ‘孔’은 중국 춘추 시대의 사상가인 공자(孔子)의 약칭으로도 쓰입니다."
話,말씀 화,舌言,言(말씀(말) 언) 舌(혀 설),ok,말씀 화(話),http://tonghanja.com/%eb%a7%90%ec%94%80-%ed%99%94%e8%a9%b1/,"話 .7급Ⅱ 言: 말씀(말) 언 舌: 혀 설 말(言)인데 혀(舌)로 하는 것은? 말 인데 혀 로 하는 것은 ‘ 말씀 (말)’이지요. 말씀 화 대 화 ( 對 話: 마주 대하여 말함) , 담화(談話), 회화(會話)"
活,살 활,水舌,氵(물 수) 舌(혀 설),ok,살 활(活),http://tonghanja.com/%ec%82%b4-%ed%99%9c%e6%b4%bb/,"活 .7급Ⅱ 氵: 물 수 舌: 혀 설 물(氵)기가 혀(舌)에 있는 것은? ‘ 물 기’가 즉 ‘침’이 혀 에 있는 것은 ‘ 삶 ’이지요. 살 활 활 기 (活 氣 : 살아 있는 기운 ) , 활력(活力), 생활(生活)"
舌,혀 설,千口,千(모양) 口(입 구),ok,혀 설(舌),http://tonghanja.com/%ed%98%80-%ec%84%a4%e8%88%8c/,"舌 .4급 千: 모양 口: 입 구 혀(千)인데 입(口) 안에 있는 것은? 혀 인데 입 안에 들어 있는 것은 ‘ 혀 ’이지요. 혀 설 구설(口舌), 독설(毒舌), 설전(舌戰)"
漸,점점 점,斬水,氵(물 수) 斬(벨 참),ok,점점 점(漸),http://tonghanja.com/%ec%a0%90%ec%a0%90-%ec%a0%90%e6%bc%b8/,"漸 .3급Ⅱ 氵: 물 수 斬: 벨 참 물(氵)이 베는(斬) 방식은? 물 이 기슭 등을 베는 방식은 ‘ 점점 ’이지요. 점점 점 점점 (漸漸: 조금씩 조금씩 ) , 점차(漸次), 점진(漸進)"
暫,잠깐 잠,斬日,斬(벨 참) 日(날(시간) 일),ok,잠깐 잠(暫),http://tonghanja.com/%ec%9e%a0%ea%b9%90-%ec%9e%a0%e6%9a%ab/,"暫 .3급Ⅱ 斬: 벨 참 日: 날(시간) 일 베는(斬) 데 걸리는 시간(日)은? 무엇을 베는 데 걸리는 시간 은 ‘ 잠깐 ’이지요. 잠깐 잠 잠 시 (暫 時 : 잠깐 동안 ) , 잠정(暫定)"
慙,부끄러울 참,心斬,斬(벨 참) 心(마음 심),ok,부끄러울 참(慙),http://tonghanja.com/%eb%b6%80%eb%81%84%eb%9f%ac%ec%9a%b8-%ec%b0%b8%e6%85%99/,"慙 .3급 斬: 벨 참 心: 마음 심 베어내고(斬) 싶은 마음(心)은? 베어내고 싶은 마음 은 ‘ 부끄러움 ’이지요. 부끄러울 참 참 괴 (慙 愧 : 부끄러움) , 참회(慙悔)"
斬,벨 참,斤車,車(수레 차) 斤(근(도끼) 근),ok,벨 참(斬),http://tonghanja.com/%eb%b2%a8-%ec%b0%b8%e6%96%ac/,"斬 .2급 車: 수레 차 斤: 근(도끼) 근 수레(車)처럼 도끼(斤)를 휘두르는 것은? 수레 처럼 빠른 속도로 도끼 를 휘두르는 것은 ‘ 벰 ’이지요. 벨 참 참수(斬首), 참형(斬刑), 참살(斬殺)"
軟,연할 연,欠車,車(수레 차) 欠(하품(흠) 흠),ok,연할 연(軟),http://tonghanja.com/%ec%97%b0%ed%95%a0-%ec%97%b0%e8%bb%9f/,"軟 .3급Ⅱ 車: 수레 차 欠: 하품(흠) 흠 수레(車)가 흠(欠)을 내는 곳은? 수레 가 흠 (바퀴 자국)을 내는 곳은 땅이 ‘ 연함 ’이지요. 연할 연 연 함 (軟 함 : 부드럽고 무름 ) , 연약(軟弱), 유연(柔軟)"
器,그릇 기,犬,犬(개 견),ok,그릇 기(器),http://tonghanja.com/%ea%b7%b8%eb%a6%87-%ea%b8%b0%e5%99%a8/,"器 .4급Ⅱ : 모양 犬: 개 견 그릇( )인데 개(犬)고기를 담는 것은? 그릇 인데 개 고기를 덜어 담는 것은 ‘ 그릇 ’이지요. 그릇 기 식 기 ( 食 器: 밥 그릇) , 용기(容器), 기물(器物)"
哭,울 곡,吅犬,吅(부르짖을 훤) 犬(개 견),ok,울 곡(哭),http://tonghanja.com/%ec%9a%b8-%ea%b3%a1%e5%93%ad/,"哭 .3급Ⅱ 吅: 부르짖을 훤 犬: 개 견 개(犬)가 부르짖는(吅) 것은? 개 가 “아우우~” 하고 부르짖는 것은 ‘ 욺 ’이지요. 울 곡 곡 (哭: 욺) , 곡성(哭聲), 통곡(痛哭)"
獄,옥 옥,犬言,犭(개 견) 言(말씀(말) 언) 犬(개 견),ok,옥 옥(獄),http://tonghanja.com/%ec%98%a5-%ec%98%a5%e7%8d%84/,"獄 .3급Ⅱ 犭: 개 견 言: 말씀(말) 언 犬: 개 견 서로 으르렁거리다(獄) 가는 곳은? 개들처럼 서로 으르렁거리다 가는 곳은 ‘ 옥 ’이지요. 옥 옥 옥 (獄: 죄인을 가두어 두는 곳 ) , 감옥(監獄), 투옥(投獄)"
狺,으르렁거릴 은,犬言,犭(개 견) 言(말씀(말) 언),ok,으르렁거릴 은(狺),http://tonghanja.com/%ec%9c%bc%eb%a5%b4%eb%a0%81%ea%b1%b0%eb%a6%b4-%ec%9d%80%e7%8b%ba/,狺 .무급 犭: 개 견 言: 말씀(말) 언 개(犭)가 말(言)하듯 하는 것은? 개 가 말 하듯이 하는 것은 ‘ 으르렁거림 ’이지요. 으르렁거릴 은
溫,따뜻할 온,人水,氵(물 수) 人(사람) 인(모양),ok,따뜻할 온(溫),http://tonghanja.com/%eb%94%b0%eb%9c%bb%ed%95%a0-%ec%98%a8%e6%ba%ab/,"溫 .6급 氵: 물 수 人: 사람 인 : 모양 물(氵)인데 사람(人)이 욕조( )에서 쓰는 것은? 물 인데 사람 이 욕조 에서 쓰는 것은 ‘ 따뜻함 ’이지요. 따뜻할 온 온 수 (溫 水 : 따뜻한 물 ) , 온탕(溫湯), 고온(高溫)"
謁,뵐 알,曷言,言(말씀(말) 언) 曷(어찌(빌) 갈),ok,뵐 알(謁),http://tonghanja.com/%eb%b5%90-%ec%95%8c%e8%ac%81/,"謁 .3급 言: 말씀(말) 언 曷: 어찌(빌) 갈 말(言)을 빌어서(曷) 하는 것은? 말 을, 기회를 빌어서 하는 것은 높은 이를 ‘ 뵘 ’이지요. 뵐 알 알 현 (謁 見 : 높은 이를 뵘) , 배알(拜謁)"
渴,목마를 갈,曷水,氵(물 수) 曷(어찌(빌) 갈),ok,목마를 갈(渴),http://tonghanja.com/%eb%aa%a9%eb%a7%88%eb%a5%bc-%ea%b0%88%e6%b8%b4/,"渴 .3급 氵: 물 수 曷: 어찌(빌) 갈 물(氵)을 빌게(曷) 하는 것은? 물 을 빌어 먹게 하는 것은 ‘ 목마름 ’이지요. 목마를 갈 갈 증 (渴 症 : 목마른 증세 ) , 갈망(渴望), 갈구(渴求)"
曷,어찌 갈,匃曰,曰(가로(말할) 왈) 匃(모양),ok,어찌 갈(曷),http://tonghanja.com/%ec%96%b4%ec%b0%8c-%ea%b0%88%e6%9b%b7/,"曷 .특급Ⅱ 曰: 가로(말할) 왈 匃: 모양 말(曰)을 허리 굽히고(勹) 무릎 꿇은( ) 사람(人)이 하는 것은? ‘ 曷 ’은 말 을 허리 굽히고 무릎 꿇은 사람 이 하는 것인 ‘ 빎 (남에게 무엇을 공짜로 달라고 호소함)’을 나타낸 글자였으나 , 후에 ‘ 어찌 ’란 뜻으로 쓰이게 되었답니다. 어찌 갈"
匃,빌 개,勹,勹(모양),ok,빌 개(匃),http://tonghanja.com/%eb%b9%8c-%ea%b0%9c%e5%8c%83/,匃 .무급 勹: 모양 : 모양 人: 사람 인 허리 굽히고(勹) 무릎 꿇은( ) 사람(人)이 하는 것은? 허리 굽히고 무릎 꿇은 사람 이 하는 것은 ‘ 빎 (남에게 무엇을 공짜로 달라고 호소함)’이지요. 빌 개
囚,가둘 수,人囗,囗(모양) 人(사람 인),ok,가둘 수(囚),http://tonghanja.com/%ea%b0%80%eb%91%98-%ec%88%98%e5%9b%9a/,"囚 .3급 囗: 모양 人: 사람 인 감옥(囗)에 사람(人)을 넣는 것은? 감옥 에 사람 을 넣는 것은 ‘ 가둠 ’이지요. 가둘 수 죄 수 ( 罪 囚: 죄를 지어 감옥에 가둔 사람 ) , 모범수(模範囚), 사형수(死刑囚)"
技,재주 기,手支,扌(손 수) 支(지탱할(가지) 지),ok,재주 기(技),http://tonghanja.com/%ec%9e%ac%ec%a3%bc-%ea%b8%b0%e6%8a%80/,"技 .5급 扌: 손 수 支: 지탱할(가지) 지 손(扌)의 가지(支)로 부리는 것은? 손 의 가지 인 손가락으로 부리는 것은 ‘ 재주 ’이지요. 재주 기 기 술 (技 術 : 재주) , 기교(技巧), 기능(技能)"
枝,가지 지,支木,木(나무 목) 支(지탱할(가지) 지),ok,가지 지(枝),http://tonghanja.com/%ea%b0%80%ec%a7%80-%ec%a7%80%e6%9e%9d/,"枝 .3급Ⅱ 木: 나무 목 支: 지탱할(가지) 지 나무(木)의 가지(支)는? 나무 의 가지 는 ‘ 가지 ’이지요. 가지 지 지엽적(枝葉的), 삼지창(三枝槍)"
支,지탱할 지,十又,十(모양) 又(또(손) 우),ok,지탱할 지(支),http://tonghanja.com/%ec%a7%80%ed%83%b1%ed%95%a0-%ec%a7%80%e6%94%af/,"支 .4급Ⅱ 十: 모양 又: 또(손) 우 가지(十)를 손(又)으로 잡고 있는 것은? 가지 를 손 으로 잡고 있는 것은 ‘ 지탱함 ’이지요. 지탱할 지 지 탱 (支 撐 : 오래 배겨 내거나 버팀 *撐·1급·버틸 탱 ) , 지지(支持), 지원(支援) * ‘支’는 다른 글자에서 ‘가지’를 뜻하기도 합니다."
船,배 선,㕣舟,舟(배 주) 㕣(늪 연),ok,배 선(船),http://tonghanja.com/%eb%b0%b0-%ec%84%a0%e8%88%b9/,"船 .5급 舟: 배 주 㕣: 늪 연 배(舟)인데 늪(㕣)에서 타는 것은? 배 인데 늪 에서 타는 것은 ‘ 배 ’이지요. 배 선 선 박 (船 舶 : 배) , 어선(漁船), 여객선(旅客船)"
鉛,납 연,㕣金,金(쇠(금속) 금) 㕣(늪 연),ok,납 연(鉛),http://tonghanja.com/%eb%82%a9-%ec%97%b0%e9%89%9b/,"鉛 .4급 金: 쇠(금속) 금 㕣: 늪 연 금속(金)인데 늪(㕣)의 흙 같은 것은? 금속 인데 늪 의 흙같이 무르고 잿빛을 띠는 것은 ‘ 납 ’이지요. 납 연 연 ( 鉛 : 납 ), 아연(亞鉛), 흑연(黑鉛)"
沿,물 따라갈 연,㕣水,氵(물 수) 㕣(늪 연),ok,물 따라갈 연(沿),http://tonghanja.com/%eb%ac%bc-%eb%94%b0%eb%9d%bc%ea%b0%88-%ec%97%b0%e6%b2%bf/,"沿 .3급Ⅱ 氵: 물 수 㕣: 늪 연 물(氵)을 따라 늪(㕣)으로 가는 것은? 물 길을 따라 늪 으로 가는 것은 ‘ 물 따라감 ’이지요. 물 따라갈 연 연변(沿邊), 연안(沿岸), 연해(沿海)"
㕣,늪 연,,,none,늪 연(㕣),http://tonghanja.com/%eb%8a%aa-%ec%97%b0%e3%95%a3/,㕣 .무급 물길(八)과 늪(口)은? 물길 과 늪 은 ‘ 늪 ’이지요. 늪 연
惡,미워할 오/ 악할 악,亞心,亞(버금 아) 心(마음 심),ok,미워할 오/ 악할 악(惡),http://tonghanja.com/%eb%af%b8%ec%9b%8c%ed%95%a0-%ec%98%a4-%ec%95%85%ed%95%a0-%ec%95%85%e6%83%a1/,"惡 .5급Ⅱ 亞: 버금 아 心: 마음 심 버금(亞)의 마음(心)은? 버금 의 마음 은 으뜸을 ‘ 미워함 ’ 그래서 ‘ 악함 ’이지요. 미워할 오 /악할 악 증 오 ( 憎 惡: 미워함) , 혐오(嫌惡) 악 함 (惡 함 : 성질이 흉하고 나쁨 ) , 사악(邪惡), 흉악( 凶 惡)"
亞,버금 아,,,none,버금 아(亞),http://tonghanja.com/%eb%b2%84%ea%b8%88-%ec%95%84%e4%ba%9e/,"亞 .3급Ⅱ 사합원(亞)은? ‘ 亞 ’는 중국의 전통 가옥인 ‘사합원( 四 合院 )’을 본뜬 글자였으나, 후에 사합원은 궁궐에 버금간다 하여 ‘ 버금 ’을 뜻하게 되었답니다. 버금 아 아 류 (亞 流 : 버금 가는 것 ) , 동아(東亞), 아세아(亞細亞) * ‘亞’는 아세아( 亞 細 亞: Asia의 음역어)의 준말로도 쓰입니다."
拜,절 배,手,手(손 수) 手(손 수  ㅜ: 下(아래 하)의 이형),ok,절 배(拜),http://tonghanja.com/%ec%a0%88-%eb%b0%b0%e6%8b%9c/,"拜 .4급Ⅱ 手: 손 수 手: 손 수 ㅜ: 下(아래 하)의 이형 손(手)과 손(手)을 모아 아래(ㅜ)로 내리는 것은? 손 과 손 을 모아 아래 로 내리는 것은 ‘ 절 ’이지요. 출처: 채널경북 – 설 명절 대비!! 절하는 법 절 배 배 례 (拜 禮 : 절 하는 예 ) , 재배(再拜), 백팔배(百八拜)"
下,아래 하,,,none,아래 하(下),http://tonghanja.com/%ec%95%84%eb%9e%98-%ed%95%98%e4%b8%8b/,"下 .7급Ⅱ 기준선(￣)의 아래쪽( )은? 기준선 의 아래쪽 은 ‘ 아래 ’이지요. 아래 하 하 (下: 아래) , 하부(下部), 하향(下向)"
上,위 상,,,none,위 상(上),http://tonghanja.com/%ec%9c%84-%ec%83%81%e4%b8%8a/,"上 .7급Ⅱ 기준선( )의 위쪽( )은? 기준선 의 위쪽 은 ‘ 위 ’이지요. 위 상 상 (上: 위) , 상부(上部), 상향(上向)"
寡,적을 과,,,none,적을 과(寡),http://tonghanja.com/%ec%a0%81%ec%9d%84-%ea%b3%bc%e5%af%a1/,"寡 .3급Ⅱ 宀: 집 면 : 頁(머리 혈)의 이형 分: 나눌 분 집(宀)에서 머리( ) 수대로 나누면(分)? 집 에서 머릿 수대로 나누면 자기 몫이 ‘ 적음 ’이지요. 적을 과 과 소 (寡 少 : 적음) , 과점(寡占)"
貧,가난할 빈,分貝,分(나눌 분) 貝(조개(재물) 패),ok,가난할 빈(貧),http://tonghanja.com/%ea%b0%80%eb%82%9c%ed%95%a0-%eb%b9%88%e8%b2%a7/,"貧 .4급Ⅱ 分: 나눌 분 貝: 조개(재물) 패 재물(貝)을 나누면(分)? 재물 을 나누면 자기 몫이 적어지니 ‘ 가난함 ’이지요. 가난할 빈 빈 곤 (貧 困 : 가난하여 괴로움 ) , 빈궁(貧窮), 극빈(極貧)"
紛,어지러울 분,分糸,糸(실 사) 分(나눌 분),ok,어지러울 분(紛),http://tonghanja.com/%ec%96%b4%ec%a7%80%eb%9f%ac%ec%9a%b8-%eb%b6%84%e7%b4%9b/,"紛 .3급Ⅱ 糸: 실 사 分: 나눌 분 실(糸)을 나누면(分)? 실 을 실타래와 나누면 실이 얽혀 ‘ 어지러움 ’이지요. 어지러울 분 분 규 (紛 糾 : 어지럽게 얽힘 ) , 분란(紛亂), 분쟁(紛爭)"
粉,가루 분,分米,米(쌀 미) 分(나눌 분),ok,가루 분(粉),http://tonghanja.com/%ea%b0%80%eb%a3%a8-%eb%b6%84%e7%b2%89/,"粉 .4급 米: 쌀 미 分: 나눌 분 쌀(米)을 나눈(分) 것은? 쌀 을 잘게 부수거나 갈아서 나눈 것은 ‘ 가루 ’이지요. 가루 분 분 말 (粉 末 : 가루) , 제분(製粉)"
分,나눌 분,八刀,八(여덟(나눌) 팔) 刀(칼 도),ok,나눌 분(分),http://tonghanja.com/%eb%82%98%eb%88%8c-%eb%b6%84%e5%88%86/,"分 .6급Ⅱ 八: 여덟(나눌) 팔 刀: 칼 도 칼(刀)로 나누는(八) 것은? 칼 로 무엇을 나누는 것은 ‘ 나눔 ’이지요. 나눌 분 분 할 (分 割 : 나눔) , 분리(分離), 분해(分解)"
規,법 규,夫見,夫(지아비(사내) 부) 見(볼 견),ok,법 규(規),http://tonghanja.com/%eb%b2%95-%ea%b7%9c%e8%a6%8f/,"規 .5급 夫: 지아비(사내) 부 見: 볼 견 사내(夫)가 보는(見) 것은? 바깥일을 하는 사내 가 국민의 권리와 의무를 알기 위해 보는 것은 ‘ 법 (法)’이지요. 법 규 법 규 ( 法 規: 일반 국민의 권리와 의무에 관계있는 법 규범 ) , 규칙(規則), 규정(規定)"
替,바꿀 체,夫曰,夫(지아비(사내) 부) 夫(지아비(사내) 부) 曰(가로(말할) 왈),ok,바꿀 체(替),http://tonghanja.com/%eb%b0%94%ea%bf%80-%ec%b2%b4%e6%9b%bf/,"替 .3급 夫: 지아비(사내) 부 夫: 지아비(사내) 부 曰: 가로(말할) 왈 사내들(夫夫)이 말하여(曰) 하는 것은? 사내 와 사내 가 말하여 하는 것은 서로의 역할이나 차례 등을 ‘ 바꿈 ’이지요. 바꿀 체 교 체 ( 交 替: 서로 바꿈) , 대체(代替), 이체(移替)"
扶,도울 부,夫手,扌(손 수) 夫(지아비(사내) 부),ok,도울 부(扶),http://tonghanja.com/%eb%8f%84%ec%9a%b8-%eb%b6%80%e6%89%b6/,"扶 .3급Ⅱ 扌: 손 수 夫: 지아비(사내) 부 손(扌)으로 사내(夫)가 하는 것은? 손 으로 사내 가 하는 것은 남을 ‘ 도움 ’이지요. 도울 부 부 조 (扶 助 : 남을 도움) , 부양(扶養), 상부(相扶)"
夫,지아비 부,大,급(모양) 大(큰(사람) 대),ok,지아비 부(夫),http://tonghanja.com/%ec%a7%80%ec%95%84%eb%b9%84-%eb%b6%80%e5%a4%ab/,"夫 .7급 : 모양 大: 큰(사람) 대 비녀( )를 꽂은 사람( )은? 비녀 를 상투에 꽂은 사람 은 ‘ 지아비 ’이지요. 지아비 부 장 부 ( 丈 夫: 어른이 된 사내 ) , 농부(農夫), 어부(漁夫) * 지아비: ‘남편’의 예스러운 말. * ‘夫’는 비녀를 상투에 꽂은 사람인 ‘사내’를 뜻하기도 합니다."
患,근심 환,心串,串(꿸 관) 心(마음 심),ok,근심 환(患),http://tonghanja.com/%ea%b7%bc%ec%8b%ac-%ed%99%98%e6%82%a3/,"患 .5급 串: 꿸 관 心: 마음 심 마음(心)에 꿰여(串) 있는 것은? 마음 에 해결될 때까지 꿰여 있는 것은 ‘ 근심 ’이지요. 근심 환 우 환 ( 憂 患: 근심) , 후환(後患), 질환(疾患)"
串,꿸 관,,,none,꿸 관(串),http://tonghanja.com/%ea%bf%b8-%ea%b4%80%ef%a4%85/,串 .1급Ⅱ 물건들( )을 꼬챙이(丨)에 꿰는 것은? 물건들 을 꼬챙이 에 꿰는 것은 ‘ 뀀 ’이지요. 꿸 관
忠,충성 충,中心,中(가운데 중) 心(마음 심),ok,충성 충(忠),http://tonghanja.com/%ec%b6%a9%ec%84%b1-%ec%b6%a9%e5%bf%a0/,"忠 .4급Ⅱ 中: 가운데 중 心: 마음 심 가운데(中)에 있는 마음(心)에서 우러나오는 것은? 가운데 에 있는 마음 , 즉 겉마음이 아닌 속마음 에서 우러나오는 것 은 ‘ 충성 ’이지요. 충성 충 충 성 (忠 誠 : 진심에서 우러나오는 정성 ) , 충심(忠心), 충정(忠情)"
仲,버금 중,中人,亻(사람 인) 中(가운데 중),ok,버금 중(仲),http://tonghanja.com/%eb%b2%84%ea%b8%88-%ec%a4%91%e4%bb%b2/,"仲 .3급Ⅱ 亻: 사람 인 中: 가운데 중 사람(亻)인데 가운데(中)에 있는 이는? 사람 인데 첫째와 셋째의 가운데 에 있는 이는 ‘둘째’ 즉 ‘ 버금 ’이지요. 버금 중 중 자 (仲 子 : 둘째 아들 ) , 중개(仲介), 중재(仲裁) * ‘仲’은 사람이 가운데에서 하는 것인 ‘중개(仲介함: 제삼자가 두 당사자 사이에서 일을 주선함)함’을 뜻하기도 합니다."
中,가운데 중,,,none,가운데 중(中),http://tonghanja.com/%ea%b0%80%ec%9a%b4%eb%8d%b0-%ec%a4%91%e4%b8%ad/,"中 .8급 물건(ㅁ)의 가운데(丨)는? 물건 의 가운데 는 ‘ 가운데 ’이지요. 가운데 중 중 간 (中 間 : 가운데) , 중앙(中央), 중심(中心)"
霜,서리 상,相雨,雨(비 우) 相(서로 상),ok,서리 상(霜),http://tonghanja.com/%ec%84%9c%eb%a6%ac-%ec%83%81%e9%9c%9c/,"霜 .3급Ⅱ 雨: 비 우 相: 서로 상 비(雨) 같은 건데 서로(相) 얼어붙은 것은? 비 같은 건데 수증기가 서로 얼어붙은 것은 ‘ 서리 ’이지요. 서리 상 상 강 (霜 降: 서리 가 내림 ) , 추상(秋霜), 풍상(風霜)"
想,생각 상,心相,相(서로 상) 心(마음 심),ok,생각 상(想),http://tonghanja.com/%ec%83%9d%ea%b0%81-%ec%83%81%e6%83%b3/,"想 .4급Ⅱ 相: 서로 상 心: 마음 심 서로(相) 마음(心)속으로 하는 것은? 서로 제각각 마음 속으로 하는 것은 ‘ 생각 ’이지요. 생각 상 상 념 (想 念 : 생각) , 상상(想像), 사상(思想)"
相,서로 상,木目,木(나무 목) 目(눈 목),ok,서로 상(相),http://tonghanja.com/%ec%84%9c%eb%a1%9c-%ec%83%81%e7%9b%b8/,"相 .5급Ⅱ 木: 나무 목 目: 눈 목 나무(木)를 눈(目)으로 보는 것은? ‘ 相 ’은 잘 자라는지 나무 를 눈 으로 보는 것인 ‘ 살펴봄 ’을 나타낸 글자였으나, 후에 ‘살펴봄’은 관찰자와 관찰 대상 간의 상호 작용이라는 데서 ‘ 서로 ’를 뜻하게 되었답니다. 서로 상 상 호 (相 互 : 서로) , 상관(相關), 상대(相對)"
輝,빛날 휘,光軍,光(빛 광) 軍(군사 군),ok,빛날 휘(輝),http://tonghanja.com/%eb%b9%9b%eb%82%a0-%ed%9c%98%e8%bc%9d/,"輝 .3급 光: 빛 광 軍: 군사 군 빛(光)이 군사(軍)에게서 나는 것은? 빛 이 군사 의 금속 무기나 갑옷에서 나는 것은 ‘ 빛남 ’이지요. 빛날 휘 휘 황 (輝 煌 : 빛남 *煌·1급·빛날 황 ) , 광휘(光輝)"
揮,휘두를 휘,手軍,扌(손 수) 軍(군사 군),ok,휘두를 휘(揮),http://tonghanja.com/%ed%9c%98%eb%91%90%eb%a5%bc-%ed%9c%98%e6%8f%ae/,"揮 .4급 扌: 손 수 軍: 군사 군 손(扌)으로 군사(軍)가 하는 것은? 손 으로 군사 가 하는 것은 칼이나 창 등을 ‘ 휘두름 ’이지요. 휘두를 휘 휘 검 (揮 劍 : 칼을 휘두름) , 지휘(指揮)"
運,옮길 운,軍辵,軍(군사 군) 辶(갈 착),ok,옮길 운(運),http://tonghanja.com/%ec%98%ae%ea%b8%b8-%ec%9a%b4%e9%81%8b/,"運 .6급Ⅱ 軍: 군사 군 辶: 갈 착 군사(軍)가 가는(辶) 것은? 군사 가 가는 것은 전장을 ‘ 옮김 ’이지요. 옮길 운 운 행 (運 行 : 옮겨 다님 ) , 운전(運轉), 운동(運動)"
軍,군사 군,冖車,冖(덮을 멱) 車(수레 차),ok,군사 군(軍),http://tonghanja.com/%ea%b5%b0%ec%82%ac-%ea%b5%b0%e8%bb%8d/,"軍 .8급 冖: 덮을 멱 車: 수레 차 덮개(冖) 달린 수레(車)에 타는 이는? 덮개 달린 수레 인 전차에 타는 이는 ‘ 군사 ’이지요. 군사 군 군 사 (軍 士 : 군에서 복무하는 사람 ) , 육군(陸軍), 국군(國軍)"
庫,곳집 고,广車,广(집 엄) 車(수레 차),ok,곳집 고(庫),http://tonghanja.com/%ea%b3%b3%ec%a7%91-%ea%b3%a0%e5%ba%ab/,"庫 .4급 广: 집 엄 車: 수레 차 집(广)인데 수레(車)를 넣어두는 곳은? 집 인데 수레 를 넣어두는 곳은 ‘ 곳집 ’이지요. 곳집 고 곳 집 (庫 집 : 물품이나 수레 등을 넣어두는 집 ) , 차고(車庫), 창고(倉庫)"
醉,취할 취,卒酉,酉(닭(술) 유) 卒(군사(마칠) 졸),ok,취할 취(醉),http://tonghanja.com/%ec%b7%a8%ed%95%a0-%ec%b7%a8%e9%86%89/,"醉 .3급Ⅱ 酉: 닭(술) 유 卒: 군사(마칠) 졸 술(酉)을 마시고 정신을 마치는(卒) 것은? 술 을 마시고 제정신을 마치는 것은 ‘ 취함 ’이지요. 취할 취 취 함 (醉 함 : 술기운으로 인해 정신이 흐려짐 ) , 취기(醉氣), 만취(滿醉)"
卒,군사 졸,十,十(열(여러) 십),ok,군사 졸(卒),http://tonghanja.com/%ea%b5%b0%ec%82%ac-%ec%a1%b8%e5%8d%92/,"卒 .5급Ⅱ : 衣(옷 의)의 이형 十: 열(여러) 십 옷( )이 같은 여럿(十)은? 옷 이 같은 여러 사람은 ‘ 군사 (軍士)’이지요. 군사 졸 졸 병 (卒 兵 : 군사 / 지위가 낮은 군사를 이르는 말 ) , 군졸(軍卒), 졸업(卒業) * ‘卒’은 군사는 전장에서 생을 마친다 하여 ‘마칠 졸’이라고도 합니다."
造,지을 조,告辵,告(고할 고) 辶(갈 착),ok,지을 조(造),http://tonghanja.com/%ec%a7%80%ec%9d%84-%ec%a1%b0%e9%80%a0/,"造 .4급Ⅱ 告: 고할 고 辶: 갈 착 고하러(告) 가서(辶) 하는 것은? 고하러 가서 하는 것은 고할 내용을 ‘ 지음 ’이지요. 지을 조 조 작 (造 作 : 지음) , 조성(造成), 제조(製造)"
浩,넓을 호,告水,氵(물 수) 告(고할 고),ok,넓을 호(浩),http://tonghanja.com/%eb%84%93%ec%9d%84-%ed%98%b8%e6%b5%a9/,浩 .3급Ⅱ 氵: 물 수 告: 고할 고 물(氵)의 상황인데 고하는(告) 것은? 물 의 상황인데 신에게 고하는 것은 황하의 강물이 범람할 정도로 ‘ 넒음 ’이지요. 넓을 호 호 연 (浩 然 : 넓고 큰 꼴 )
告,고할 고,,,image,고할 고(告),http://tonghanja.com/%ea%b3%a0%ed%95%a0-%ea%b3%a0%e5%91%8a/,"告 .5급Ⅱ : 牛(소 우)의 이형 ㅁ: 입(말) 구 소( )를 바치며 말(ㅁ)하는 것은? 소 를 희생물(犧牲物)로 바치며 말 하는 것은 신에게 바람 따위를 ‘ 고함 ’이지요. 고할 고 고 함 (告 함 : 어떤 사실을 말하여 알림 ) , 고사(告祀), 보고(報告)"
翁,늙은이 옹,公羽,公(공평할 공) 羽(깃 우),ok,늙은이 옹(翁),http://tonghanja.com/%eb%8a%99%ec%9d%80%ec%9d%b4-%ec%98%b9%e7%bf%81/,"翁 .3급 公: 공평할 공 羽: 깃 우 공평하게(公) 깃(羽)이 난 이는? 공평하게 , 머리카락과 수염이 한 쌍의 깃 처럼 난 이는 ‘ 늙은이 ’이지요. 늙은이 옹 옹 (翁: 남자 늙은이 를 높여 이르는 말 ) , 노옹(老翁), 새옹지마(塞翁之馬)"
頌,기릴 송,公頁,公(공평할 공) 頁(머리 혈),ok,기릴 송(頌),http://tonghanja.com/%ea%b8%b0%eb%a6%b4-%ec%86%a1%e9%a0%8c/,"頌 .4급 公: 공평할 공 頁: 머리 혈 공평한(公) 우두머리(頁)에게 하는 것은? 공평한 우두 머리 에게 하는 것은 ‘ 기림 ’이지요. 기릴 송 칭 송 ( 稱 頌: 일컬어 기림) , 찬송(讚頌), 송가(頌歌)"
訟,송사할 송,公言,言(말씀(말) 언) 公(공평할 공),ok,송사할 송(訟),http://tonghanja.com/%ec%86%a1%ec%82%ac%ed%95%a0-%ec%86%a1%e8%a8%9f/,"訟 .3급Ⅱ 言: 말씀(말) 언 公: 공평할 공 말(言)을 공평한(公) 이에게 하는 것은? 말 을 공평한 이인 판관에게 하는 것은 ‘ 송사함 ’이지요. 송사할 송 송 사 (訟 事 : 분쟁이 있을 때 관부에 호소하여 판결을 구하는 일 ) , 소송(訴訟), 쟁송(爭訟)"
松,소나무 송,公木,木(나무 목) 公(공평할 공),ok,소나무 송(松),http://tonghanja.com/%ec%86%8c%eb%82%98%eb%ac%b4-%ec%86%a1%e6%9d%be/,"松 .4급 木: 나무 목 公: 공평할 공 나무(木)인데 공평한(公) 것은? 나무 인데 사시사철 공평하게 푸른 것은 ‘ 소나무 ’이지요. 소나무 송 청 송 ( 靑 松: 푸른 소나무) , 노송(老松), 송화(松花)"
公,공평할 공,八厶,八(여덟(나눌) 팔) 厶(사사로울 사),ok,공평할 공(公),http://tonghanja.com/%ea%b3%b5%ed%8f%89%ed%95%a0-%ea%b3%b5%e5%85%ac/,"公 .6급Ⅱ 八: 여덟(나눌) 팔 厶: 사사로울 사 나누어(八) 사사로이(厶) 가지는 것은? 반반 나누어 사사로이 가지는 것은 ‘ 공평함 ’이지요. 공평할 공 공 평 (公 平 : 치우침 없이 평등함 ) , 공정(公正), 공적(公的)"
已,이미 이,,,none,이미 이(已),http://tonghanja.com/%ec%9d%b4%eb%af%b8-%ec%9d%b4%e5%b7%b2/,"已 .3급Ⅱ 태아(已)는? 태아 는 태내에서부터 ‘ 이미 ’ 사람이지요. 이미 이 이 왕 (已 往 : 이미 지나간 때 ) , 이왕지사(已往之事)"
改,고칠 개,己攵,己(몸 기) 攵(칠(때릴) 복),ok,고칠 개(改),http://tonghanja.com/%ea%b3%a0%ec%b9%a0-%ea%b0%9c%e6%94%b9/,"改 .5급 己: 몸 기 攵: 칠(때릴) 복 몸(己)을 때리는(攵) 것은? 몸 을 때리는 것은 잘못을 ‘ 고침 ’이지요. 고칠 개 개 선 (改 善 : 좋게 고침) , 개량(改良), 개혁(改革)"
配,짝 배,己酉,酉(닭(술) 유) 己(몸 기),ok,짝 배(配),http://tonghanja.com/%ec%a7%9d-%eb%b0%b0%e9%85%8d/,"配 .4급Ⅱ 酉: 닭(술) 유 己: 몸 기 술(酉)을 몸(己)을 굽혀 따르는 이는? 술 을 몸 을 굽혀 나에게 따르는 이는 ‘ 짝 ’이지요. 짝 배 배 필 (配 匹 : 부부로서의 짝) , 배우(配偶), 분배(分配) * ‘配’는 술을 몸을 굽혀 따르는 것은 술을 나누는 것이라 하여, ‘나눌 배’라고도 합니다."
妃,왕비 비,女己,女(여자 녀) 己(몸 기),ok,왕비 비(妃),http://tonghanja.com/%ec%99%95%eb%b9%84-%eb%b9%84%e5%a6%83/,"妃 .3급Ⅱ 女: 여자 녀 己: 몸 기 여자(女)인데 몸(己)을 굽히는 이는? 여자 인데 백성들이 몸 을 굽히는 이는 ‘ 왕비 ’이지요. 왕비 비 왕 비 ( 王 妃: 임금의 아내 ) , 황태자비(皇太子妃)"
脈,줄기 맥,月,月(고기(몸) 육  𠂢: 갈라져 흐를 비),ok,줄기 맥(脈),http://tonghanja.com/%ec%a4%84%ea%b8%b0-%eb%a7%a5%e8%84%88/,"脈 .4급Ⅱ 月: 고기(몸) 육 𠂢: 갈라져 흐를 비 몸(月)에서 갈라져 흐르는(𠂢) 것은? 몸 에서 갈라져 흐르는 것은 ‘ 줄기 ’이지요. 줄기 맥 혈 맥 ( 血 脈: 핏 줄기) , 산맥(山脈), 맥락(脈絡)"
派,갈래 파,水,氵(물 수  𠂢: 갈라져 흐를 비),ok,갈래 파(派),http://tonghanja.com/%ea%b0%88%eb%9e%98-%ed%8c%8c%e6%b4%be/,"派 .4급 氵: 물 수 𠂢: 갈라져 흐를 비 물(氵)인데 갈라져 흐르는(𠂢) 것은? 물 인데 본류에서 갈라져 흐르는 것은 ‘ 갈래 ’이지요. 갈래 파 유 파 ( 流 派: 본류에서 흘러나온 갈래) , 분파(分派), 파생(派生)"
頭,머리 두,豆頁,豆(콩(머리) 두) 頁(머리 혈),ok,머리 두(頭),http://tonghanja.com/%eb%a8%b8%eb%a6%ac-%eb%91%90%e9%a0%ad/,"頭 .6급 豆: 콩(머리) 두 頁: 머리 혈 머리카락( )과 얼굴( )과 목( )과 어깨( )로 된 머리(頁)는? 머리카락 과 얼굴 과 목 과 어깨 로 된 머리 는 ‘ 머리 ’이지요. 머리 두 두 상 (頭 相 : 머리 의 모양 ) , 두뇌(頭腦), 두통(頭痛)"
豆,콩 두,,,none,콩 두(豆),http://tonghanja.com/%ec%bd%a9-%eb%91%90%e8%b1%86/,"豆 .4급Ⅱ 껍질( )과 콩( )과 줄기( )와 땅( )은? 껍질 과 콩 과 줄기 와 땅 으로 된 것은 발아된 ‘ 콩 ’이지요. 콩 두 대 두 ( 大 豆: 콩) , 녹두(綠豆), 두부(豆腐) * ‘豆’는 뚜껑(￣)과 용기(ㅁ)과 다리( )와 발(__)로 된 제기(祭器)를 뜻하여, ‘제기 두’라고도 합니다. * ‘豆’는 머리카락(￣)과 얼굴(ㅁ)과 목( )과 어깨(__)로 된 ‘머리’ 같다 하여, 다른 글자에서 ‘머리’를 뜻하기도 합니다."
麗,고울 려,鹿,鹿(사슴 록),ok,고울 려(麗),http://tonghanja.com/%ea%b3%a0%ec%9a%b8-%eb%a0%a4%e9%ba%97/,"麗 .4급Ⅱ : 모양 鹿: 사슴 록 뿔( ) 난 사슴(鹿)의 모습은? 뿔 난 사슴 의 모습은 ‘ 고움 ’이지요. 고울 려 미 려 ( 美 麗: 아름답고 고움) , 수려(秀麗), 화려(華麗)"
鹿,사슴 록,,,none,사슴 록(鹿),http://tonghanja.com/%ec%82%ac%ec%8a%b4-%eb%a1%9d%e9%b9%bf/,"鹿 .3급 머리( )와 목( )과 꼬리( )와 몸통( )과 다리( )는? 머리 와 목 과 꼬리 와 몸통 과 다리 로 된 것은 ‘ 사슴 ’이지요. 사슴 록 순록(馴鹿), 녹용(鹿茸)"
誇,자랑할 과,二大言,言(말씀(말) 언) 大(큰 대) 二(모) 양(모양),ok,자랑할 과(誇),http://tonghanja.com/%ec%9e%90%eb%9e%91%ed%95%a0-%ea%b3%bc%e8%aa%87/,"誇 .3급Ⅱ 言: 말씀(말) 언 大: 큰 대 二: 모양 : 모양 말(言)하는 것인데 큰(大) 소리로 입술(二) 벌리고 숨( )을 내쉬며 하는 것은? 말 하는 것인데 큰 소리로, 입술 벌리고 숨 을 내쉬며 하는 것은 ‘ 자랑함 ’이지요. 자랑할 과 과 시 (誇 示 : 자랑하여 보임 ) , 과대(誇大), 과장(誇張)"
兮,어조사 혜,丂八,八(여덟(나눌) 팔) 丂(숨 고),ok,어조사 혜(兮),http://tonghanja.com/%ec%96%b4%ec%a1%b0%ec%82%ac-%ed%98%9c%e5%85%ae/,兮 .3급 八: 여덟(나눌) 팔 丂: 숨 고 숨(丂)을 나눌(八) 때 쓰는 것은? 숨 을 나눌 때 쓰는 것은 ‘ 어조사 (語助辭) 혜’이지요. 어조사 혜 혜 (兮: 말을 멈췄다가 다시 할 때 쓰는 어조사) * 어조사(語助辭): 다른 글자를 보조해주는 ‘한문의 토’.
巧,공교할 교,丂工,工(장인 공) 丂(숨 고),ok,공교할 교(巧),http://tonghanja.com/%ea%b3%b5%ea%b5%90%ed%95%a0-%ea%b5%90%e5%b7%a7/,"巧 .3급Ⅱ 工: 장인 공 丂: 숨 고 장인(工)의 숨(丂)이 깃든 것은? 장인 의 숨 결이 깃든 것은 ‘ 공교함 ’이지요. 공교할 교 공 교 ( 工 巧: 꼼꼼하게 정성과 기술을 들여 놀라움 ) , 정교(精巧), 교묘(巧妙)"
丂,숨 고,,,none,숨 고(丂),http://tonghanja.com/%ec%88%a8-%ea%b3%a0%e4%b8%82/,丂 .무급 입(￣)에서 나오는 김( )은? 입 에서 나오는 김 은 ‘ 숨 ’이지요. 숨 고
昇,오를 승,升日,日(날(해) 일) 升(되(오를) 승),ok,오를 승(昇),http://tonghanja.com/%ec%98%a4%eb%a5%bc-%ec%8a%b9%e6%98%87/,"昇 .3급Ⅱ 日: 날(해) 일 升: 되(오를) 승 해(日)가 오르는(升) 것은? 해 가 위로 오르는 것은 ‘ 오름 ’이지요. 오를 승 상 승 ( 上 昇: 위로 오름) , 승진(昇進), 승천(昇天)"
升,되 승,,,none,되 승(升),http://tonghanja.com/%eb%90%98-%ec%8a%b9%e5%8d%87/,升 .2급 곡물( )을 퍼올리는 국자( ) 모양의 기구는? 곡물 을 수북하게 퍼올리는 국자 모양의 기구는 ‘ 되 (말의 1/10)’이지요. 되 승 * ‘升’은 곡물을 되로 퍼올리는 것은 되가 위로 오르는 것이라 하여 ‘오를 승’이라고도 합니다.
科,과목 과,斗禾,禾(벼(곡물) 화) 斗(말 두),ok,과목 과(科),http://tonghanja.com/%ea%b3%bc%eb%aa%a9-%ea%b3%bc%e7%a7%91/,"科 .6급Ⅱ 禾: 벼(곡물) 화 斗: 말 두 곡물(禾)을 말(斗)로 되놓은 것은? 쌀·보리·콩 등의 곡물 을 종류에 따라 말 로 되놓은 것은 ‘ 과목 ’이지요. 과목 과 과 목 (科 目 : 종류에 따라 나눈 낱낱의 부분이나 갈래 ) , 교과(敎科), 학과(學科)"
料,헤아릴 료,斗米,米(쌀 미) 斗(말 두),ok,헤아릴 료(料),http://tonghanja.com/%ed%97%a4%ec%95%84%eb%a6%b4-%eb%a3%8c%e6%96%99/,"料 .5급 米: 쌀 미 斗: 말 두 쌀(米)을 말(斗)로 되는 것은? 쌀 을 말 로 되는 것은 쌀의 양을 ‘ 헤아림 ’이지요. 헤아릴 료 요 량 (料 量 : 헤아림) , 요리(料理), 재료(材料)"
斗,말 두,,,none,말 두(斗),http://tonghanja.com/%eb%a7%90-%eb%91%90%e6%96%97/,"斗 .4급Ⅱ 곡물( )을 되는 국자( ) 모양의 기구는? 곡물 을 되는 국자 모양의 기구는 ‘ 말 ’이지요. 말 두 북두칠성(北斗七星), 두주불사(斗酒不辭) * 되다: 말, 되, 홉 따위로 분량을 헤아리다. * 말: 곡물이나 액체 따위를 되는 데 쓰는 기구."
飢,주릴 기,几食,食(밥 식) 几(안석 궤),ok,주릴 기(飢),http://tonghanja.com/%ec%a3%bc%eb%a6%b4-%ea%b8%b0%e9%a3%a2/,"飢 .3급 食: 밥 식 几: 안석 궤 밥(食)을 못 먹어 안석(几)처럼 배가 납작해지는 것은? 밥 을 못 먹어 안석 처럼 배가 납작해지는 것은 ‘ 주림 ’이지요. 주릴 기 기 아 (飢 餓 : 주림) , 기근(飢饉), 허기(虛飢)"
几,안석 궤,,,none,안석 궤(几),http://tonghanja.com/%ec%95%88%ec%84%9d-%ea%b6%a4%e5%87%a0/,"几 .1급 세워놓는 방석(几)은? 벽에 세워놓는 방석 은 ‘ 안석 ’이지요. 안석 궤 * 안석(案席): 벽에 세워놓고, 앉을 때 몸을 기대는 방석. * ‘几’는 판( )과 다리( )로 된 책상을 뜻하여, ‘책상 궤’라고도 합니다."
尖,뾰족할 첨,大小,小(작을 소) 大(큰 대),ok,뾰족할 첨(尖),http://tonghanja.com/%eb%be%b0%ec%a1%b1%ed%95%a0-%ec%b2%a8%e5%b0%96/,"尖 .3급 小: 작을 소 大: 큰 대 위는 작고(小) 아래는 큰(大) 것은? 위는 작고 아래는 큰 것은 ‘ 뾰족함 ’이지요. 뾰족할 첨 첨 단 (尖 端 : 뾰족한 끝 ) , 첨예(尖銳), 첨탑(尖塔)"
小,작을 소,,,none,작을 소(小),http://tonghanja.com/%ec%9e%91%ec%9d%84-%ec%86%8c%e5%b0%8f/,"小 .8급 모래알(小)의 크기는? 모래알 의 크기는 ‘ 작음 ’이지요. 작을 소 소 형 (小 型 : 작은 규모나 규격 *型·2급·모형 형 ) , 최소(最小), 극소(極小)"
唯,오직 유,口隹,口(입 구) 隹(새 추),ok,오직 유(唯),http://tonghanja.com/%ec%98%a4%ec%a7%81-%ec%9c%a0%e5%94%af/,"唯 .3급 口: 입 구 隹: 새 추 입(口)으로 새(隹)가 내는 소리는? 입 으로 새 가 내는 소리는 ‘ 오직 ’ 하나뿐이지요. 오직 유 유 일 (唯 一 : 오직 하나 ) * 참새는 ‘짹짹’, 오리는 ‘꽥꽥’, 병아리는 ‘삐약삐약’, 비둘기는 ‘구구’, 부엉이는 ‘부엉부엉’."
惟,생각할 유,心隹,忄(마음 심) 隹(새 추),ok,생각할 유(惟),http://tonghanja.com/%ec%83%9d%ea%b0%81%ed%95%a0-%ec%9c%a0%e6%83%9f/,惟 .3급 忄: 마음 심 隹: 새 추 마음(忄)속에서 새(隹)처럼 하는 것은? 마음 속에서 새 처럼 상상의 나래를 펼치는 것은 ‘ 생각함 ’이지요. 생각할 유 사 유 ( 思 惟: 생각함)
稚,어릴 치,禾隹,禾(벼 화) 隹(새 추),ok,어릴 치(稚),http://tonghanja.com/%ec%96%b4%eb%a6%b4-%ec%b9%98%e7%a8%9a/,"稚 .3급Ⅱ 禾: 벼 화 隹: 새 추 벼(禾)가 새(隹)처럼 생긴 것은? 벼 가 새 처럼 생긴 것은 벼가 ‘ 어림 ’이지요. 어릴 치 치 묘 (稚 苗 : 어린 모 ) , 치졸(稚拙), 유치(幼稚)"
進,나아갈 진,辵隹,隹(새 추) 辶(갈 착),ok,나아갈 진(進),http://tonghanja.com/%eb%82%98%ec%95%84%ea%b0%88-%ec%a7%84%e9%80%b2/,"進 .4급Ⅱ 隹: 새 추 辶: 갈 착 새(隹)가 가는(辶) 것은? 새 가 가는 것은 앞으로 ‘ 나아감 ’이지요. 나아갈 진 진 행 (進 行 : 나아감) , 진출(進出), 전진(前進) * 나아가다: 앞으로 향하여 가다."
推,밀 추,手隹,扌(손 수) 隹(새 추),ok,밀 추(推),http://tonghanja.com/%eb%b0%80-%ec%b6%94%e6%8e%a8/,"推 .4급 扌: 손 수 隹: 새 추 손(扌)으로 새(隹)가 하는 것은? 손 같은 날개로 새 가 하는 것은 공기를 ‘ 밂 ’이지요. 밀 추 추 진 (推 進 : 밀어서 나아감 ) , 추이(推移), 추천(推薦)"
隹,새 추,,,none,새 추(隹),http://tonghanja.com/%ec%83%88-%ec%b6%94%e9%9a%b9/,隹 .무급 부리( )와 머리( )와 몸통( )과 양날개( )는? 부리 와 머리 와 몸통 과 양날개 로 된 것은 ‘ 새 ’이지요. 새 추
喪,잃을 상,,양(부르짖을 훤),image,잃을 상(喪),http://tonghanja.com/%ec%9e%83%ec%9d%84-%ec%83%81%e5%96%aa/,"喪 .3급Ⅱ : 모양 : 부르짖을 훤 상제( )가 부르짖는( ) 것은? 상제 가 “아이고, 아이고” 하며 부르짖는 것은 가족을 ‘ 잃음 ’이지요. 잃을 상 상 실 (喪 失 : 잃음) , 상제(喪制), 초상(初喪) * 상제(喪制): 부모나 조부모가 세상을 떠나서 거상 중에 있는 사람."
張,베풀 장,弓長,弓(활 궁) 長(길 장),ok,베풀 장(張),http://tonghanja.com/%eb%b2%a0%ed%92%80-%ec%9e%a5%e5%bc%b5/,"張 .4급 弓: 활 궁 長: 길 장 활(弓)줄을 길게(長) 당기는 것은? ‘ 張 ’은 활 줄을 길게 당기는 것인 ‘ 벌림 ’이나 ‘ 넓힘 ’이나 ‘ 폄 ’을 나타낸 글자였으나, 후에 일을 벌이는(≒벌리는) 것인 ‘ 베풂 ’을 뜻하게 되었답니다. 베풀 장 확 장 ( 擴 張: 넓게 벌림 ) , 신장(伸張), 긴장(緊張) * 베풀다: 1. 일을 계획하여 벌이다. 2. 남에게 혜택을 받게 하다."
帳,장막 장,巾長,巾(수건(천) 건) 長(길 장),ok,장막 장(帳),http://tonghanja.com/%ec%9e%a5%eb%a7%89-%ec%9e%a5%e5%b8%b3/,"帳 .4급 巾: 수건(천) 건 長: 길 장 천(巾)인데 길게(長) 쳐놓는 것은? 천 인데 길게 쳐놓는 것은 ‘ 장막 ’이지요. 장막 장 장 막 (帳 幕 : 볕 또는 비를 막거나 안을 볼 수 없게 치는 천 ) , 포장(布帳)"
長,길 장,,,none,길 장(長),http://tonghanja.com/%ea%b8%b8-%ec%9e%a5%e9%95%b7/,"長 .8급 머리털 길고( ) 지팡이 짚고( ) 허리 굽은( ) 이는? 머리털 길고 지팡이 짚고 허리 굽은 이인 어른은 머리털이 ‘ 긺 ’이지요. 길 장 장 발 (長 髮 : 길게 기른 머리털 ) , 장수(長壽), 장로(長老) * ‘長’은 ‘어른 장’이라고도 합니다."
剛,굳셀 강,刀岡,岡(산등성이 강) 刂(칼 도),ok,굳셀 강(剛),http://tonghanja.com/%ea%b5%b3%ec%85%80-%ea%b0%95%e5%89%9b/,"剛 .3급Ⅱ 岡: 산등성이 강 刂: 칼 도 산등성이(岡)처럼 날을 세운 칼(刂)은? 산등성이 모양처럼 날을 세운 칼 은 재질이 ‘ 굳셈 ’이지요. 굳셀 강 강 함 (剛 함 : 굳셈) , 강직(剛直), 강건(剛健) * 剛(굳셀 강)-柔(부드러울 유), 強(강할 강)-弱(약할 약)."
鋼,강철 강,岡金,金(쇠 금) 岡(산등성이 강),ok,강철 강(鋼),http://tonghanja.com/%ea%b0%95%ec%b2%a0-%ea%b0%95%e9%8b%bc/,"鋼 .3급Ⅱ 金: 쇠 금 岡: 산등성이 강 쇠(金)인데 산등성이(岡)처럼 날을 세우는 것은? 쇠 인데 산등성이 모양처럼 날을 세우는 것은, 쉽게 무뎌지지 않는 철인 ‘ 강철 ’이지요. 강철 강 강 철 (鋼 鐵 : 아주 단단한 쇠 ) , 철강(鐵鋼), 제강(製鋼)"
綱,벼리 강,岡糸,糸(실(줄) 사) 岡(산등성이 강),ok,벼리 강(綱),http://tonghanja.com/%eb%b2%bc%eb%a6%ac-%ea%b0%95%e7%b6%b1/,"綱 .3급Ⅱ 糸: 실(줄) 사 岡: 산등성이 강 줄(糸)인데 산등성이(岡) 같은 것은? 줄 인데 산등성이 같이 생긴 것은 ‘ 벼리 ’이지요. 벼리 강 기 강 ( 紀 綱: 벼리 / 인간이 기본적으로 지켜야 하는 법도와 규율을 비유적으로 이르는 말 ) , 대강(大綱), 요강(要綱)"
岡,산등성이 강,山,山(뫼 산),ok,산등성이 강(岡),http://tonghanja.com/%ec%82%b0%eb%93%b1%ec%84%b1%ec%9d%b4-%ea%b0%95%e5%b2%a1/,岡 .1급Ⅱ : 그물 망 山: 뫼 산 그물( ) 모양으로 산(山)에서 줄기를 이루는 곳은? 그물 모양으로 산 에서 줄기를 이루는 곳은 ‘ 산등성이 ’이지요. 산등성이 강
网,그물 망,,,none,그물 망(网),http://tonghanja.com/%ea%b7%b8%eb%ac%bc-%eb%a7%9d%e7%bd%91/,"网 .무급 벼리(冂)와 그물눈( )으로 된 것은? 벼리 와 그물눈 으로 된 것은 새나 물고기 등을 잡는 ‘ 그물 ’이지요. 그물 망 * 벼리: 그물의 위쪽 눈들을 꿰어 놓은 줄로, 이를 잡아당겨 그물을 오므렸다 폈다 조절하여 물고기 따위를 잡음. * ."
井,우물 정,,,none,우물 정(井),http://tonghanja.com/%ec%9a%b0%eb%ac%bc-%ec%a0%95%e4%ba%95/,井 .3급Ⅱ 우물틀(井)이 있는 곳은? 우물틀 이 있는 곳은 ‘ 우물 ’이지요. 우물 정 정화수(井華水) * 우물틀: 우물 위에 통나무나 각재(角材)로 네모나게 짜놓은 틀.
毫,터럭 호,毛,급(높을 고) 毛(털 모),ok,터럭 호(毫),http://tonghanja.com/%ed%84%b0%eb%9f%ad-%ed%98%b8%e6%af%ab/,"毫 .3급 : 높을 고 毛: 털 모 높이( ) 자라는 털(毛)은? 높이 자라는 털 은 사람이나 짐승의 몸에 나는 털인 ‘ 터럭 ’이지요. 터럭 호 섬 호 ( 纖 毫: 가는 터럭 *纖·2급·가늘 섬 ) , 휘호(揮毫) * ‘毫’는 터럭으로 만든 것인 붓을 뜻하여 ‘붓 호’라고도 합니다."
稿,볏짚 고/ 원고 고,禾高,禾(벼 화) 高(높을 고),ok,볏짚 고/ 원고 고(稿),http://tonghanja.com/%eb%b3%8f%ec%a7%9a-%ea%b3%a0-%ec%9b%90%ea%b3%a0-%ea%b3%a0%e7%a8%bf/,"稿 .3급Ⅱ 禾: 벼 화 高: 높을 고 벼(禾)인데 높이(高) 쌓아놓는 것은? ‘ 稿 ’는 벼 인 데 높이 쌓아놓는 것인 ‘ 볏짚 ’을 나타낸 글자였으나, 후에 그런 볏짚같이 높이 쌓아놓는 것인 ‘ 원고 ’를 뜻하게 되었답니다. 볏짚/원고 고 원 고 ( 原 稿: 출판 전의 원본 문서 ) , 초고(草稿), 투고(投稿) * 볏짚: 벼의 이삭을 떨어낸 줄기."
高,높을 고,,,none,높을 고(高),http://tonghanja.com/%eb%86%92%ec%9d%84-%ea%b3%a0%e9%ab%98/,"高 .6급Ⅱ 지붕( )과 2층( )과 1층( )과 입구( )로 된 것은? 지붕 과 2층 과 1층 과 입구 로 된 건물은 ‘ 높음 ’이지요. 높을 고 고 각 (高 閣 : 높은 누각 ) , 고성(高城), 고층(高層) * : 高의 이형."
岸,언덕 안,厂山干,山(뫼 산) 厂(기슭 엄) 干(방패 간),ok,언덕 안(岸),http://tonghanja.com/%ec%96%b8%eb%8d%95-%ec%95%88%e5%b2%b8/,"岸 .3급Ⅱ 山: 뫼 산 厂: 기슭 엄 干: 방패 간 산(山)의 기슭(厂)인데 방패(干) 같은 곳은? 산 의 기슭 인데 방패 같이 강물이나 바닷물 등을 막는 곳은 ‘ 언덕 ’이지요. 언덕 안 안 벽 (岸 壁 : 물가의 절벽 ) , 연안(沿岸), 해안(海岸) * ‘岸’은 깎아지른 듯한 언덕인 ‘낭떠러지’를 뜻하기도 하고, 낭떠러지가 있는 곳인 ‘물가’를 뜻하기도 합니다."
旱,가물 한,干日,日(날(해) 일) 干(방패(막을) 간),ok,가물 한(旱),http://tonghanja.com/%ea%b0%80%eb%ac%bc-%ed%95%9c%e6%97%b1/,"旱 .3급 日: 날(해) 일 干: 방패(막을) 간 햇(日)볕을 방패(干)로 막는 상황은? 농작물이 말라죽지 않도록, 햇 볕을 방패 같은 차양막으로 막는 상황은 ‘ 가뭄 ’이지요. 가물 한 한 발 (旱 魃 : 가뭄 *魃·1급·가물 발 ) , 한천(旱天), 한재(旱災)"
軒,집 헌,干車,車(수레 차) 干(방패 간),ok,집 헌(軒),http://tonghanja.com/%ec%a7%91-%ed%97%8c%e8%bb%92/,"軒 .3급 車: 수레 차 干: 방패 간 수레(車)인데 방패(干) 같은 양산이 달린 것은? ‘ 軒 ’은 수레 인데 방패 같은 양산(陽傘)이 달린 것인 ‘ 초헌 ’을 나타낸 글자였으나, 후에 초헌의 양산 같은 처마가 있는 곳인 ‘ 집 ’을 뜻하게 되었답니다. 집 헌 초 헌 ( 軺 軒: 벼슬아치가 타던 수레 *軺·특급·수레 초 ) , 오죽헌(烏竹軒) * 처마: 지붕에서 서까래가 기둥 밖으로 나온 부분."
汗,땀 한,干水,氵(물 수) 干(방패 간),ok,땀 한(汗),http://tonghanja.com/%eb%95%80-%ed%95%9c%e6%b1%97/,"汗 .3급Ⅱ 氵: 물 수 干: 방패 간 물(氵)인데 방패(干) 같은 역할을 하는 것은? 물 인데 체온이 오르는 것을 방패 같이 막아주는 역할을 하는 것은 ‘ 땀 ’이지요. 땀 한 한 적 (汗 滴 : 땀 방울 ) , 발한(發汗), 다한증(多汗症)"
刊,책 펴낼 간,刀干,干(방패 간) 刂(칼 도),ok,책 펴낼 간(刊),http://tonghanja.com/%ec%b1%85-%ed%8e%b4%eb%82%bc-%ea%b0%84%e5%88%8a/,"刊 .3급Ⅱ 干: 방패 간 刂: 칼 도 방패(干) 같은 판에 칼(刂)로 새겨서 하는 것은? 방패 같은 판에 칼 로 글자나 그림을 새겨서 종이에 찍는 것은 ‘ 책 (冊) 펴냄 ’이지요. 책 펴낼 간 출 간 ( 出 刊: 책 을 펴냄) , 발간(發刊), 간행(刊行)"
肝,간 간,干月,月(고기(몸) 육) 干(방패 간),ok,간 간(肝),http://tonghanja.com/%ea%b0%84-%ea%b0%84%e8%82%9d/,"肝 .3급Ⅱ 月: 고기(몸) 육 干: 방패 간 몸(月)에서 방패(干) 같은 역할을 하는 것은? 몸 에서 독소를 방패 같이 막아주는 역할을 하는 것은 ‘ 간 ’이지요. 간 간 간 (肝: 해독 작용 등을 하는 장기 ) , 간장(肝臟), 간염(肝炎)"
干,방패 간,,,none,방패 간(干),http://tonghanja.com/%eb%b0%a9%ed%8c%a8-%ea%b0%84%e5%b9%b2/,"干 .4급 방패(干)는? ‘ 干 ’은 아래가 뾰족한 ‘ 방패 (防牌)’를 본뜬 글자입니다. 방패 간 간섭(干涉), 난간(欄干)"
閑,한가할 한,木門,門(문 문) 木(나무 목),ok,한가할 한(閑),http://tonghanja.com/%ed%95%9c%ea%b0%80%ed%95%a0-%ed%95%9c%e9%96%91/,"閑 .4급 門: 문 문 木: 나무 목 문(門) 안에서 나무(木)를 가꾸는 것은? 문 안에서 정원수 등의 나무 를 가꾸는 것은 ‘ 한가함 ’이지요. 한가할 한 한 가 (閑 暇 : 할 일이 없어 여유가 있음 ) , 한산(閑散), 한적(閑寂)"
閉,닫을 폐,才門,門(문 문) 才(모양),ok,닫을 폐(閉),http://tonghanja.com/%eb%8b%ab%ec%9d%84-%ed%8f%90%e9%96%89/,"閉 .4급 門: 문 문 才: 모양 문(門)의 빗장( )을 빗장걸이( )에 걸고 막대( )를 꽂는 것은? 문 의 빗장 을 빗장걸이 에 걸고 막대 를 빗장과 빗장걸이의 구멍에 꽂는 것은 문을 ‘ 닫음 ’이지요. 닫을 폐 폐 쇄 (閉 鎖 : 닫아 걺 ) , 폐관(閉館), 폐장(閉場)"
開,열 개,門,門(문) 문(모) 양(양손 공),ok,열 개(開),http://tonghanja.com/%ec%97%b4-%ea%b0%9c%e9%96%8b/,"開 .6급 門: 문 문 : 모양 : 양손 공 문(門)의 빗장( )을 양손( )으로 드는 것은? 문 의 빗장 을 양손 으로 드는 것은 문을 ‘ 엶 ’이지요. 열 개 개 방 (開 放 : 열어 놓음 ) , 개관(開館), 개장(開場)"
聞,들을 문,耳門,門(문 문) 耳(귀 이),ok,들을 문(聞),http://tonghanja.com/%eb%93%a4%ec%9d%84-%eb%ac%b8%e8%81%9e/,"聞 .6급Ⅱ 門: 문 문 耳: 귀 이 문(門)에 귀(耳)를 대는 것은? 문 에 귀 를 대는 것은 남의 대화 따위를 ‘ 들음 ’이지요. 들을 문 청 문 ( 聽 聞: 들음 / 연설이나 설교 등을 들음 ) , 소문(所聞), 풍문(風聞)"
問,물을 문,口門,門(문 문) 口(입(말) 구),ok,물을 문(問),http://tonghanja.com/%eb%ac%bc%ec%9d%84-%eb%ac%b8%e5%95%8f/,"問 .7급 門: 문 문 口: 입(말) 구 문(門)에 말(ㅁ)하는 것은? 문 에 “들어가도 좋습니까?” 하고 말 하는 것은 ‘ 물음 ’이지요. 물을 문 문 의 (問 議 : 물어서 의논함 ) , 방문(訪問), 질문(質問)"
門,문 문,,,none,문 문(門),http://tonghanja.com/%eb%ac%b8-%eb%ac%b8%e9%96%80/,"門 .8급 문기둥( )과 문짝( )은? 문기둥 과 문짝 으로 된 것은 ‘ 문 ’이지요. 문 문 문 (門: 출입하려고 여닫는 시설 ) , 대문(大門), 방문(房門)"
童,아이 동,立里,立(설 립) 里(마을 리),ok,아이 동(童),http://tonghanja.com/%ec%95%84%ec%9d%b4-%eb%8f%99%e7%ab%a5/,"童 .6급Ⅱ 立: 설 립 里: 마을 리 서서(立) 마을(里)에서 노는 사람은? 서서 온종일 마을 에서 노는 사람은 ‘ 아이 ’이지요. 아이 동 아 동 ( 兒 童: 아이) , 동자(童子), 동심(童心)"
埋,묻을 매,土里,土(흙(땅) 토) 里(마을 리),ok,묻을 매(埋),http://tonghanja.com/%eb%ac%bb%ec%9d%84-%eb%a7%a4%e5%9f%8b/,"埋 .3급 土: 흙(땅) 토 里: 마을 리 땅(土)에 마을(里) 단위로 하는 것은? 땅 에 마을 단위로 하는 것은 토지신에게 바치려고 제물을 ‘ 묻음 ’이지요. 묻을 매 매 몰 (埋 沒 : 보이지 않게 파 묻음) , 매장(埋葬), 매복(埋伏) * 상나라 시대의 황하 유역 마을에서는 땅에 소나 양 등을 제물로 묻는 의식을 통해 토지신에게 풍요와 안녕을 기원하는 제사를 지냈답니다."
裏,속 리,里,里(마을 리),ok,속 리(裏),http://tonghanja.com/%ec%86%8d-%eb%a6%ac%e8%a3%8f/,"裏 .3급Ⅱ : 옷 의 里: 마을 리 옷( )에서 마을(里)처럼 생긴 곳은? 옷 에서 천과 이음매가 마을 의 밭과 두둑처럼 생긴 곳은 ‘ 속 ’이지요. 속 리 이 면 (裏 面 : 속 에 있는 면/ 안쪽에 있는 면 ) , 뇌리(腦裏), 암암리(暗暗裡)"
理,다스릴 리,王里,王(임금 왕) 里(마을 리),ok,다스릴 리(理),http://tonghanja.com/%eb%8b%a4%ec%8a%a4%eb%a6%b4-%eb%a6%ac%e7%90%86/,"理 .6급Ⅱ 王: 임금 왕 里: 마을 리 임금(王)이 마을(里)에 하는 것은? 임금 이 마을 에 하는 것은 ‘ 다스림 ’이지요. 다스릴 리 관 리 ( 管 理: 주관하여 다스림) , 처리(處理), 이치(理致) * ‘理’는 임금이 마을을 다스릴 때 따지는 것인 이치(理致: 사물의 정당한 조리)를 뜻하여, ‘이치 리’라고도 합니다."
里,마을 리,土田,田(밭 전) 土(흙(땅) 토),ok,마을 리(里),http://tonghanja.com/%eb%a7%88%ec%9d%84-%eb%a6%ac%e9%87%8c/,"里 .7급 田: 밭 전 土: 흙(땅) 토 밭(田)을 일군 땅(土)에 생기는 것은? 밭 을 일군 땅 에 생기는 것은 함께 농사짓는 이들이 모여 사는 곳인 ‘ 마을 ’이지요. 마을 리 동 리 ( 洞 里: 마을) , 향리(鄕里), 이장(里長)"
戱,놀 희,戈虛,虛(빌 허) 戈(창 과),ok,놀 희(戱),http://tonghanja.com/%eb%86%80-%ed%9d%ac%e6%88%b1/,"戱 .3급Ⅱ 虛: 빌 허 戈: 창 과 빈(虛) 곳에 창(戈)을 휘두르는 것은? 빈 곳에 창 을 휘두르는 것은 창을 가지고 ‘ 놂 ’이지요. 놀 희 유 희 ( 遊 戱: 즐겁게 놂) , 연희(演戱), 희롱(戲弄)"
虛,빌 허,虍,虍(범) 호(모양),ok,빌 허(虛),http://tonghanja.com/%eb%b9%8c-%ed%97%88%e8%99%9b/,"虛 .4급Ⅱ 虍: 범 호 : 모양 범(虍)이 사는 언덕( )은? 범 이 사는 언덕 은 다른 짐승들이 범을 피해 떠나버려 ‘ 빔 ’이지요. 빌 허 공 허 ( 空 虛: 빔) , 허무(虛無), 허탈(虛脫)"
遞,갈릴 체,厂虎辵,厂(기슭(벼랑) 엄) 虎(범 호) 辶(갈 착),ok,갈릴 체(遞),http://tonghanja.com/%ea%b0%88%eb%a6%b4-%ec%b2%b4%e9%81%9e/,"遞 .3급 厂: 기슭(벼랑) 엄 虎: 범 호 辶: 갈 착 벼랑(厂)을 범(虎)이 올라가는(辶) 것은? 벼랑 을 범 이 펄쩍펄쩍 뛰어서 올라 가는 것은 범의 위치가 ‘ 갈림 ’이지요. 갈릴 체 체증(遞增), 체감(遞減), 우체국(郵遞局) * 갈리다: 무엇이 다른 것으로 바뀌다."
虎,범 호,,,none,범 호(虎),http://tonghanja.com/%eb%b2%94-%ed%98%b8%e8%99%8e/,"虎 .3급Ⅱ 이마( )와 줄무늬( )와 입( )과 눈( )과 몸통 및 꼬리( )와 다리( )는? 이마 와 줄무늬 와 입 과 눈 과 몸통 및 꼬리 와 다리 로 된 것은 ‘ 범 ’이지요. 범 호 호 랑이 (虎 狼이 : 범 *狼·1급·이리 랑 ) , 맹호(猛虎), 비호(飛虎) ."
怨,원망할 원,夗心,夗(누워 뒹굴 원) 心(마음 심),ok,원망할 원(怨),http://tonghanja.com/%ec%9b%90%eb%a7%9d%ed%95%a0-%ec%9b%90%e6%80%a8/,"怨 .4급 夗: 누워 뒹굴 원 心: 마음 심 누워 뒹굴게(夗) 되는 마음(心)은? 바닥에 누워 뒹굴게 되는 마음 은 남을 ‘ 원망함 ’이지요. 원망할 원 원 망 (怨 望 : 억울하거나 분하여 불평을 품고 미워함 ) , 원한(怨恨), 숙원(宿怨) * 너무 원망스러우면 바닥에 누워 뒹굴게 되지요."
夗,누워 뒹굴 원,,,none,누워 뒹굴 원(夗),http://tonghanja.com/%eb%88%84%ec%9b%8c-%eb%92%b9%ea%b5%b4-%ec%9b%90%e5%a4%97/,夗 .무급 웅크리고 이리(夕) 저리(㔾) 뒹구는 것은? 몸을 웅크리고 이리 저리 뒹구는 것은 ‘ 누워 뒹굶 ’이지요. 누워 뒹굴 원
危,위태할 위,厄,厄(액 액),ok,위태할 위(危),http://tonghanja.com/%ec%9c%84%ed%83%9c%ed%95%a0-%ec%9c%84%e5%8d%b1/,"危 .4급 ⺈: 사람 인 厄: 액 액 사람(⺈)이 액(厄)을 입을 처지에 있는 것은? 벼랑 위의 사람 이 액 을 입을 처지에 있는 것은 ‘ 위태함 ’이지요. 위태할 위 위 태 (危 殆 : 처지나 형편이 마음을 놓을 수 없을 정도로 안전하지 못함 ) , 위험(危險), 위기(危機)"
厄,액 액,㔾厂,厂(기슭(벼랑) 엄) 㔾(병부(웅크릴) 절),ok,액 액(厄),http://tonghanja.com/%ec%95%a1-%ec%95%a1%e5%8e%84/,"厄 .3급 厂: 기슭(벼랑) 엄 㔾: 병부(웅크릴) 절 벼랑(厂)에서 떨어져 웅크리고(㔾) 있는 것은? 벼랑 에서 떨어져 몸을 웅크리고 있는 것은 ‘ 액 ’이지요. 액 액 액 (厄: 모질고 사나운 운수 ) , 액운(厄運)"
範,법 범,㔾竹車,竹(대 죽) 車(수레 차) 㔾(병부(웅크릴) 절),ok,법 범(範),http://tonghanja.com/%eb%b2%95-%eb%b2%94%e7%af%84/,"範 .4급 竹: 대 죽 車: 수레 차 㔾: 병부(웅크릴) 절 대나무(竹) 지붕이 달린 수레(車)에서 웅크리고(㔾) 있는 이가 만드는 것은? ‘ 대나무 지붕이 달린 고급 수레 에서 몸을 웅크리고 있는 이’인 ‘높은 사람’이 만드는 것은 ‘ 법 (法)’이지요. 법 범 규 범 ( 規 範: 법) , 모범(模範), 사범(師範)"
犯,범할 범,㔾犬,犭(개 견) 㔾(병부(웅크릴) 절),ok,범할 범(犯),http://tonghanja.com/%eb%b2%94%ed%95%a0-%eb%b2%94%e7%8a%af/,"犯 .4급 犭: 개 견 㔾: 병부(웅크릴) 절 개(犭)가 사람을 웅크리게(㔾) 하는 것은? 개 가 덤벼들어 사람을 웅크리게 하는 것은 ‘ 범함 ’이지요. 범할 범 범 함 (犯 함 : 잘못을 저지름/ 들어가면 안 되는 곳을 넘어 들어감 ) , 범죄(犯罪), 침범(侵犯)"
㔾,병부 절,,,none,병부 절(㔾),http://tonghanja.com/%eb%b3%91%eb%b6%80-%ec%a0%88%e3%94%be/,"㔾 .무급 네모난 나무패(㔾)는? ‘ 㔾 ’은 몸을 둥글게 마는 것 인 ‘ 웅크림 ’을 나타낸 글자였으나, 후에 자형이 병부(兵符: 병사를 동원할 때 쓰던 네모난 나무패)와 같다 하여 ‘ 병부 ’를 뜻하게 되었답니다. 병부 절"
祥,상서로울 상,示羊,示(보일(제단) 시) 羊(양 양),ok,상서로울 상(祥),http://tonghanja.com/%ec%83%81%ec%84%9c%eb%a1%9c%ec%9a%b8-%ec%83%81%e7%a5%a5/,"祥 .3급 示: 보일(제단) 시 羊: 양 양 제단(示)에 양(羊)을 바치면? 제단 에 희생 양 을 바치면 ‘ 상서로움 ’이지요. 상서로울 상 상 서로움 (祥 瑞로움 : 복되고 길한 일이 있을 듯함 *瑞·2급·상서로울 서 ) , 길상(吉祥), 불상사(不祥事)"
詳,자세할 상,羊言,言(말씀(말) 언) 羊(양 양),ok,자세할 상(詳),http://tonghanja.com/%ec%9e%90%ec%84%b8%ed%95%a0-%ec%83%81%e8%a9%b3/,"詳 .3급Ⅱ 言: 말씀(말) 언 羊: 양 양 말(言)을 양(羊)떼처럼 하는 것은? 말 을 양 떼처럼 길게 또는 줄줄이 하는 것은 ‘ 자세함 (仔細함)’이지요. 자세할 상 상 술 (詳 述 : 자세히 말함 ) , 상세(詳細), 소상(昭詳)"
養,기를 양,羊食,羊(양 양) 食(밥 식),ok,기를 양(養),http://tonghanja.com/%ea%b8%b0%eb%a5%bc-%ec%96%91%e9%a4%8a/,"養 .5급Ⅱ 羊: 양 양 食: 밥 식 양(羊)에게 밥(食)을 먹이는 것은? 양 에게 밥 을 먹이는 것은 양을 ‘ 기름 ’이지요. 기를 양 양 육 (養 育 : 기름) , 양성(養成), 부양(扶養)"
洋,큰 바다 양,水羊,氵(물 수) 羊(양 양),ok,큰 바다 양(洋),http://tonghanja.com/%ed%81%b0-%eb%b0%94%eb%8b%a4-%ec%96%91%e6%b4%8b/,"洋 .6급 氵: 물 수 羊: 양 양 물(氵)이 양(羊)떼처럼 일렁이는 곳은? 물 결이 양 떼처럼 일렁이는 곳은 ‘ 큰 바다 ’이지요. 큰 바다 양 대 양 ( 大 洋: 큰 바다) , 해양(海洋), 원양(遠洋)"
羊,양 양,,,none,양 양(羊),http://tonghanja.com/%ec%96%91-%ec%96%91%e7%be%8a/,"羊 .4급Ⅱ 뿔( )과 정수리( )와 귀( )와 머리통( )은? 뿔 과 정수리 와 귀 와 머리통 으로 된 것은 ‘ 양 ’의 머리이지요. 양 양 양 (羊: 솟과의 동물 ) , 산양(山羊), 희생양(犧牲羊)"
片,조각 편,,,none,조각 편(片),http://tonghanja.com/%ec%a1%b0%ea%b0%81-%ed%8e%b8%e7%89%87/,"片 .3급Ⅱ 나무를 쪼갠 것(片)은? 나무를 쪼갠 것 은 ‘ 조각 ’이지요. 조각 편 목 편 ( 木 片: 나뭇 조각) , 파편(破片), 편지(片紙)"
奬,장려할 장,大將,將(장수 장) 大(큰 대),ok,장려할 장(奬),http://tonghanja.com/%ec%9e%a5%eb%a0%a4%ed%95%a0-%ec%9e%a5%e5%a5%ac/,"奬 .4급 將: 장수 장 大: 큰 대 장수(將) 같은 큰(大) 사람이 돼라고 하는 것은? ‘ 장수 같은 큰 사람이 돼라’고 하는 것은 ‘ 장려함 ’이지요. 장려할 장 장 려 (奬 勵 : 좋은 일에 힘쓰도록 북돋아 줌 ) , 권장(勸奬)"
將,장수 장,寸月爿,爿(모양) 月(고기 육) 寸(마디(손) 촌),ok,장수 장(將),http://tonghanja.com/%ec%9e%a5%ec%88%98-%ec%9e%a5%e5%b0%87/,"將 .4급Ⅱ 爿: 모양 月: 고기 육 寸: 마디(손) 촌 제단(爿)에 고기(月)를 손(寸)으로 올리는 이는? 제단 에 고기 제물을 손 으로 올리며 전장에서의 승리를 기원하는 이는 ‘ 장수 ’이지요. 장수 장 장 수 (將 帥 : 군사를 지휘하는 사람 ) , 장군(將軍), 무장(武將) * ‘將’은 제단에 제물을 올리는 모습을 세워서 나타낸 글자입니다."
裝,꾸밀 장,壯衣,壯(장할 장) 衣(옷 의),ok,꾸밀 장(裝),http://tonghanja.com/%ea%be%b8%eb%b0%80-%ec%9e%a5%e8%a3%9d/,"裝 .4급 壯: 장할 장 衣: 옷 의 장하게(壯) 보이려고 옷(衣)에 하는 것은? ‘ 장하게 ’ 즉 ‘매우 훌륭하게’ 보이려고 옷 에 하는 것은 ‘ 꾸밈 ’이지요. 꾸밀 장 장 식 (裝 飾 : 꾸밈) , 장착(裝着), 장치(裝置)"
莊,장엄할 장,壯艸,艹(풀 초) 壯(장할 장),ok,장엄할 장(莊),http://tonghanja.com/%ec%9e%a5%ec%97%84%ed%95%a0-%ec%9e%a5%e8%8e%8a/,"莊 .3급Ⅱ 艹: 풀 초 壯: 장할 장 초목(艹)이 장하게(壯) 자란 모습은? 초목 이 ‘ 장하게 ’ 즉 ‘크고 성대하게’ 자란 모습은 ‘ 장엄함 ’이지요. 장엄할 장 장 엄 (莊 嚴 : 으리으리하게 크고 위엄이 있음 ) , 장중(莊重)"
壯,장할 장,士爿,爿(나뭇조각 장) 士(선비 사),ok,장할 장(壯),http://tonghanja.com/%ec%9e%a5%ed%95%a0-%ec%9e%a5%e5%a3%af/,"壯 .4급 爿: 나뭇조각 장 士: 선비 사 나뭇조각(爿)을 패는 선비(士)는? 나뭇조각 을 패는 선비 (사내)는 기운이나 모습 등이 ‘ 장함 ’이지요. 장할 장 장 함 (壯 함 : 매우 훌륭함/ 크고 성대함 ) , 건장(健壯), 웅장(雄壯)"
狀,형상 상/ 문서 장,爿犬,爿(나뭇조각 장) 犬(개 견),ok,형상 상/ 문서 장(狀),http://tonghanja.com/%ed%98%95%ec%83%81-%ec%83%81-%eb%ac%b8%ec%84%9c-%ec%9e%a5%e7%8b%80/,"狀 .4급Ⅱ 爿: 나뭇조각 장 犬: 개 견 나뭇조각(爿)을 개(犬)가 긁으면 생기는 것은? 나뭇조각 을 개 가 발톱으로 긁으면 생기는 것은 ‘ 형상 ’이지요. 형상 상 형 상 ( 形 狀: 모양 ) , 실상(實狀), 상태(狀態) 狀 .4급Ⅱ 爿: 나뭇조각 장 犬: 개 견 나뭇조각(爿)을 개(犬)가 긁은 형상처럼 생긴 것은? 나뭇조각 을 개 가 긁은 형상처럼 생긴 것은 목간 등의 ‘ 문서 (文書)’이지요. 문서 장 문서 장 ( 文書 狀: 문건이나 서류 등의 문서 ) , 초대장(招待狀), 졸업장(卒業狀) * 목간(木簡): 종이가 없던 시대에 문서로 사용된, 글씨를 새기거나 적는 나뭇조각."
爿,나뭇조각 장,,,none,나뭇조각 장(爿),http://tonghanja.com/%eb%82%98%eb%ad%87%ec%a1%b0%ea%b0%81-%ec%9e%a5%e7%88%bf/,爿 .무급 나무를 쪼갠 것(爿)은? 나무를 쪼갠 것 은 ‘ 나뭇조각 ’이지요. 나뭇조각 장
嗚,탄식할 오,口烏,口(입 구) 烏(까마귀 오),ok,탄식할 오(嗚),http://tonghanja.com/%ed%83%84%ec%8b%9d%ed%95%a0-%ec%98%a4%e5%97%9a/,"嗚 .3급 口: 입 구 烏: 까마귀 오 입(口)으로 까마귀(烏)가 우는 것은? 입 으로 까마귀 가 ‘까악까악’ 하고 우는 것은 ‘ 탄식함 (歎息함)’이지요. 탄식할 오 오 열 (嗚 咽 : 목메어 욺 *咽·1급·목멜 열 ) , 오호(嗚呼) * ‘嗚’는 입으로 까마귀가 ‘까악까악’ 하고 우는 것은 슬프게 목메어 우는 것이라 하여, ‘슬플/목메어 울 오’라고도 합니다."
烏,까마귀 오,,,none,까마귀 오(烏),http://tonghanja.com/%ea%b9%8c%eb%a7%88%ea%b7%80-%ec%98%a4%e7%83%8f/,"烏 .3급Ⅱ 눈을 구분할 수 없는 새(烏)는? 까만 눈을 구분할 수 없는 새 는 까만 새인 ‘ 까마귀 ’이지요. 까마귀 오 삼족오(三足烏), 오죽헌(烏竹軒)"
島,섬 도,山,급(鳥(새 조)의 이형) 山(뫼 산),ok,섬 도(島),http://tonghanja.com/%ec%84%ac-%eb%8f%84%e5%b3%b6/,"島 .5급 : 鳥(새 조)의 이형 山: 뫼 산 새( )들의 산(山)은? ‘ 새 들의 산 ’ 즉 ‘뭍에서 멀리 떨어져 날짐승들만 있는 산’은 ‘ 섬 ’이지요. 섬 도 도 서 (島 嶼 : 섬 *嶼·1급·섬 서 ) , 낙도(落島), 무인도(無人島)"
鳴,울 명,口鳥,口(입 구) 鳥(새 조),ok,울 명(鳴),http://tonghanja.com/%ec%9a%b8-%eb%aa%85%e9%b3%b4/,"鳴 .4급 口: 입 구 鳥: 새 조 입(口)으로 새(鳥)가 하는 것은? 입 으로 닭이나 학이나 까마귀 등의 새 가 하는 것은 ‘ 욺 ’이지요. 울 명 자 명 ( 自 鳴: 스스로 욺) , 공명(共鳴), 비명(悲鳴)"
鳥,새 조,,,none,새 조(鳥),http://tonghanja.com/%ec%83%88-%ec%a1%b0%e9%b3%a5/,"鳥 .4급Ⅱ 부리( )와 머리( )와 눈( )과 몸통( )과 날개( )와 꼬리( )는? 부리 와 머리 와 눈 과 몸통 과 날개 와 꼬리 로 된 것은 ‘ 새 ’이지요. 새 조 조 류 (鳥 類 : 새 에 속하는 무리를 통틀어 이르는 말 ) , 백조(白鳥), 구관조(九官鳥)"
紋,무늬 문,文糸,糸(실 사) 文(글월(무늬) 문),ok,무늬 문(紋),http://tonghanja.com/%eb%ac%b4%eb%8a%ac-%eb%ac%b8%e7%b4%8b/,"紋 .3급Ⅱ 糸: 실 사 文: 글월(무늬) 문 실(糸)로 새기는 무늬(文)는? 실 로 새기는 무늬 는 ‘ 무늬 ’이지요. 무늬 문 문 양 (紋 樣 : 무늬 의 모양 ) , 지문(指紋), 파문(波紋) * ‘紋’은 ‘文’이 ‘글월’이란 뜻으로 쓰이자, 후에 ‘糸’를 덧붙여 ‘무늬’란 뜻을 구별한 글자입니다."
文,글월 문,,,none,글월 문(文),http://tonghanja.com/%ea%b8%80%ec%9b%94-%eb%ac%b8%e6%96%87/,"文 .7급 몸통(文)에 새기는 것은? ‘ 文 ’은 몸통 에 실이나 염료로 새기는 것인 ‘ 무늬 ’를 나타낸 글자였으나, 후에 의미가 발전하여 ‘ 글월 ’을 뜻하게 되었답니다. 글월 문 문 자 (文 字 : 글월 / 글자 ) , 문구(文句), 문장(文章) * 글월: 1. 글. 2. 글자의 옛말."
默,잠잠할 묵,犬黑,黑(검을 흑) 犬(개 견),ok,잠잠할 묵(默),http://tonghanja.com/%ec%9e%a0%ec%9e%a0%ed%95%a0-%eb%ac%b5%e9%bb%98/,"默 .3급Ⅱ 黑: 검을 흑 犬: 개 견 검은(黑) 개(犬)의 특징은? 검은 개 의 특징은 적에게 자신이 잘 보이지 않음을 알기에 ‘ 잠잠함 (潛潛함)’이지요. 잠잠할 묵 묵묵 (默默: 잠잠함) , 침묵(沈默), 과묵(寡默)"
墨,먹 묵,土黑,黑(검을 흑) 土(흙 토),ok,먹 묵(墨),http://tonghanja.com/%eb%a8%b9-%eb%ac%b5%e5%a2%a8/,"墨 .3급Ⅱ 黑: 검을 흑 土: 흙 토 검은(黑) 흙(土)으로 만드는 것은? 검은 흙 인 그을음을 접착제와 반죽하여 만드는 것은 ‘ 먹 ’이지요. 먹 묵 묵향(墨香), 수묵화(水墨畫), 지필묵(紙筆墨)"
黑,검을 흑,土火,급(모양) 土(흙 토) 灬(불 화),ok,검을 흑(黑),http://tonghanja.com/%ea%b2%80%ec%9d%84-%ed%9d%91%e9%bb%91/,"黑 .5급 : 모양 土: 흙 토 灬: 불 화 아궁이( )의 흙(土)이 불(灬)에 그을린 것은? 아궁이 의 흙 이 불 에 그을린 것은 ‘ 검음 ’이지요. 검을 흑 흑 색 (黑 色 : 검은 색 ) , 암흑(暗黑), 칠흑(漆黑) * 아궁이: 음식을 익히거나 방을 데우기 위해 불을 피우는 구멍."
逐,쫓을 축,豕辵,豕(돼지 시) 辶(갈 착),ok,쫓을 축(逐),http://tonghanja.com/%ec%ab%93%ec%9d%84-%ec%b6%95%e9%80%90/,"逐 .3급 豕: 돼지 시 辶: 갈 착 돼지(豕)를 따라가는(辶) 것은? 돼지 를 따라 가는 것은 돼지를 ‘ 쫓음 ’이지요. 쫓을 축 축 출 (逐 出 : 쫓아서 내보냄 ) , 축객(逐客), 구축(驅逐)"
豚,돼지 돈,月豕,月(고기 육) 豕(돼지 시),ok,돼지 돈(豚),http://tonghanja.com/%eb%8f%bc%ec%a7%80-%eb%8f%88%e8%b1%9a/,"豚 .3급 月: 고기 육 豕: 돼지 시 고기(月)가 많은 돼지(豕)는? 고기 가 많은 돼지 는 ‘ 돼지 ’이지요. 돼지 돈 육 돈 ( 肉 豚: 고기를 얻으려고 기르는 돼지) , 양돈(養豚), 돈육(豚肉)"
豕,돼지 시,,,none,돼지 시(豕),http://tonghanja.com/%eb%8f%bc%ec%a7%80-%ec%8b%9c%e8%b1%95/,豕 .특급Ⅱ 머리(￣)와 몸통 및 다리( )와 꼬리( )는? 머리 와 몸통 및 네 다리 와 말린 꼬리 로 된 것은 ‘ 돼지 ’이지요. 돼지 시
星,별 성,日生,日(날(해) 일) 生(날 생),ok,별 성(星),http://tonghanja.com/%eb%b3%84-%ec%84%b1%e6%98%9f/,"星 .4급Ⅱ 日: 날(해) 일 生: 날 생 해(日)처럼 빛이 나는(生) 것은? 해 처럼 빛이 나는 것은 ‘ 별 ’이지요. 별 성 항 성 ( 恒 星: 항상 그 자리에 있는 별) , 행성(行星), 위성(衛星)"
姓,성씨 성,女生,女(여자 녀) 生(날 생),ok,성씨 성(姓),http://tonghanja.com/%ec%84%b1%ec%94%a8-%ec%84%b1%e5%a7%93/,"姓 .7급Ⅱ 女: 여자 녀 生: 날 생 여자(女)를 따라서 날(生) 때부터 생기는 것은? ‘ 여자 를 따라서’ 즉 ‘어머니를 따라서’ 태어 날 때부터 생기는 것은 ‘ 성씨 ’이지요. 성씨 성 성 씨 (姓 氏 : 가족 이름 ) , 성명(姓名) * 고대 중국은 모계(母系: 어머니 쪽의 계통) 중심 사회였답니다."
性,성품 성,心生,忄(마음 심) 生(날 생),ok,성품 성(性),http://tonghanja.com/%ec%84%b1%ed%92%88-%ec%84%b1%e6%80%a7/,"性 .5급Ⅱ 忄: 마음 심 生: 날 생 마음(忄)인데 날(生) 때부터 생기는 것은? 마음 인데 태어 날 때부터 생기는 것은 ‘ 성품 ’이지요. 성품 성 성 품 (性 品 : 타고난 마음씨 ) , 성격(性格), 성질(性質)"
生,날 생,土,급(모양) 土(흙 토),ok,날 생(生),http://tonghanja.com/%eb%82%a0-%ec%83%9d%e7%94%9f/,"生 .8급 : 모양 土: 흙 토 풀( )이 흙(土) 위로 나는 것은? 풀 이 흙 위로 나는 것은 ‘ 남 ’이지요. 날 생 출 생 ( 出 生: 남) , 발생(發生), 생존(生存) * ."
醫,의원 의,匚殳矢酉,匚(모양) 矢(화살 시) 殳(창 수) 酉(닭(술) 유),ok,의원 의(醫),http://tonghanja.com/%ec%9d%98%ec%9b%90-%ec%9d%98%e9%86%ab/,"醫 .6급 匚: 모양 矢: 화살 시 殳: 창 수 酉: 닭(술) 유 상자(匚)에 담긴 화살(矢)과 창(殳)과 술(酉)을 지닌 이는? 상자 에 담긴 화살 (작은 수술칼)과 창 (큰 수술칼)과 술 (의료용 알코올)을 지닌 이는 ‘ 의원 ’이지요. 의원 의 의 원 (醫 員 : 병 고치는 일을 직업으로 하는 사람 ) , 의사(醫師), 의술(醫術)"
酒,술 주,水酉,氵(물 수) 酉(닭(술) 유),ok,술 주(酒),http://tonghanja.com/%ec%88%a0-%ec%a3%bc%e9%85%92/,"酒 .4급 氵: 물 수 酉: 닭(술) 유 물(氵) 같은 술(酉)은? 물 같이 액체 상태인 술 은 ‘ 술 ’이지요. 술 주 주 류 (酒 類 : 술 에 속하는 무리를 통틀어 이르는 말 ) , 소주(燒酒), 맥주(麥酒) * ‘酒’는 ‘酉’가 다른 뜻으로 쓰이자, 후에 ‘氵(물 수)’를 덧붙여 ‘술’이란 뜻을 구별한 글자입니다."
酉,닭 유,,,none,닭 유(酉),http://tonghanja.com/%eb%8b%ad-%ec%9c%a0%e9%85%89/,"酉 .3급 몸(￣)과 다리(儿)로 된 새인데 해(日) 위에 서 있는 것은? ‘ 酉 ’는 마개 (兀) 꽂힌 병 (口) 안의 물 (一), 즉 김이 빠지지 않도록 마개로 밀폐한 병 안의 물인 ‘ 술 ’을 나타낸 글자였으나, 후에 십이지(十二支)에서는 아침에 닭 이 해 위에 서 있는 모양 같다 하여 ‘ 닭 ’을 뜻하게 되었답니다. 닭 유 * ‘酉’는 다른 글자에서 주로 ‘술’이란 뜻으로 쓰입니다."
漂,떠다닐 표,水票,氵(물 수) 票(표 표),ok,떠다닐 표(漂),http://tonghanja.com/%eb%96%a0%eb%8b%a4%eb%8b%90-%ed%91%9c%e6%bc%82/,漂 .3급 氵: 물 수 票: 표 표 물(氵) 위에 표(票)처럼 붙어 있는 것은? 물 위에 어떤 물체가 표 처럼 붙어 있는 것은 ‘ 떠다님 ’이지요. 떠다닐 표 표 류 (漂 流 : 물 위에 떠서 흘러 다님)
標,표할 표,木票,木(나무 목) 票(표 표),ok,표할 표(標),http://tonghanja.com/%ed%91%9c%ed%95%a0-%ed%91%9c%e6%a8%99/,"標 .4급 木: 나무 목 票: 표 표 나무(木)에 표(票)를 붙이는 것은? 나무 에 어떤 내용이 적힌 표 를 붙이는 것은 ‘ 표함 ’이지요. 표할 표 표 함 (標 함 : 표(票)를 남김 ) , 표시(標示), 표지(標識)"
票,표 표,示覀,覀(덮을 아) 示(보일 시),ok,표 표(票),http://tonghanja.com/%ed%91%9c-%ed%91%9c%e7%a5%a8/,"票 .4급Ⅱ 覀: 덮을 아 示: 보일 시 덮어서(覀) 보이게(示) 하는 것은? 어떤 곳 위에 덮어서 내용을 보이게 하는 것은 ‘ 표 ’이지요. 표 표 표 (票: 어떤 내용을 기입하여 증거가 되게 한 쪽지 ) , 증표(證票), 우표(郵票)"
襾,덮을 아,,,none,덮을 아(襾),http://tonghanja.com/%eb%8d%ae%ec%9d%84-%ec%95%84%e8%a5%be/,襾 .무급 마개( )를 아가리( )에 꽂은 것은? 마개 (덮개)를 아가리 에 꽂은 것은 ‘ 덮음 ’이지요. 덮을 아 * 覀: 襾의 이형.
葬,장사지낼 장,廾死艸,艹(풀 초) 死(죽을 사) 廾(양손 공),ok,장사지낼 장(葬),http://tonghanja.com/%ec%9e%a5%ec%82%ac%ec%a7%80%eb%82%bc-%ec%9e%a5%e8%91%ac/,"葬 .3급Ⅱ 艹: 풀 초 死: 죽을 사 廾: 양손 공 풀(艹) 속에 죽은(死) 이를 양손(廾)으로 들어다놓는 것은? 풀 속에 죽은 이를 양손 으로 들어다놓는 것은 ‘ 장사지냄 ’이지요. 장사지낼 장 장 사 (葬 事 : 죽은 이를 처리하는 일 ) , 장례(葬禮), 장의(葬儀) * ‘葬’은 고대의 장사 풍습 중 하나인 ‘임장(林葬: 시신을 숲에 버려 짐승에게 먹게 하는 장사)’을 나타낸 글자입니다."
死,죽을 사,匕歹,歹(앙상한 뼈 알) 匕(모양),ok,죽을 사(死),http://tonghanja.com/%ec%a3%bd%ec%9d%84-%ec%82%ac%e6%ad%bb/,"死 .6급 歹: 앙상한 뼈 알 匕: 모양 앙상한 뼈(歹)가 된 사람(匕)이 한 것은? 앙상한 뼈 가 된 사람 이 한 것은 ‘ 죽음 ’이지요. 죽을 사 사 망 (死 亡 : 죽음) , 병사(病死), 횡사(橫死)"
歹,앙상한 뼈 알,,,none,앙상한 뼈 알(歹),http://tonghanja.com/%ec%95%99%ec%83%81%ed%95%9c-%eb%bc%88-%ec%95%8c%e6%ad%b9/,歹 .특급 뼈( )인데 살( )과 가죽( ) 밖으로 나온 것은? 뼈 인데 살 과 가죽 밖으로 나온 것은 ‘ 앙상한 뼈 ’이지요. 앙상한 뼈 알 * ‘歹’은 앙상한 뼈가 나온 것은 죽은 것이라 하여 ‘죽음’을 뜻하기도 합니다.
骨,뼈 골,,,none,뼈 골(骨),http://tonghanja.com/%eb%bc%88-%ea%b3%a8%e9%aa%a8/,"骨 .4급 뼈( )인데 고기( ) 밖으로 나온 것은? 뼈 인데 고기 밖으로 나온 것은 ‘ 뼈 ’이지요. 뼈 골 골 격 (骨 格 : 뼈 대 ) , 골육(骨肉), 백골(白骨) * ‘ ’의 원래 자형은 ‘ ’이었으나, 후에 ‘ ’이 고기임을 나타내려고 ‘月(고기 육)’을 더한 것입니다. * ‘ ’은 ‘ ’로도 씁니다."
用,쓸 용,,,none,쓸 용(用),http://tonghanja.com/%ec%93%b8-%ec%9a%a9%e7%94%a8/,"用 .6급Ⅱ 통(用)으로 하는 것은? 나무 통 으로 하는 것은 빨래, 밥하기, 청소 따위의 온갖 일에 두루 ‘ 씀 ’이지요. 쓸 용 이 용 ( 利 用: 이롭게 씀) , 사용(使用), 활용(活用) * 고대의 나무통은 판자를 바닥을 기준으로 짜 맞추어 만들었기에, ‘用’의 옛 자형처럼 윗부분이 고르지 못하고 들쑥날쑥했답니다."
外,바깥 외,卜夕,夕(저녁 석) 卜(점 복),ok,바깥 외(外),http://tonghanja.com/%eb%b0%94%ea%b9%a5-%ec%99%b8%e5%a4%96/,"外 .8급 夕: 저녁 석 卜: 점 복 저녁(夕)에 점(卜)을 쳐보고 나가는 곳은? 저녁 에 위험할 수도 있어서 점 을 쳐보고 나가는 곳은 ‘ 바깥 ’이지요. 바깥 외 외 부 (外 部 : 바깥 부분 ) , 외출(外出), 야외(野外)"
赴,갈 부,卜走,走(달릴 주) 卜(점 복),ok,갈 부(赴),http://tonghanja.com/%ea%b0%88-%eb%b6%80%e8%b5%b4/,"赴 .3급 走: 달릴 주 卜: 점 복 점(卜)괘를 들고 달리는(走) 것은? 점 괘를 들고 달리는 것은 사람들에게 점괘의 내용을 알리러 ‘ 감 ’이지요. 갈 부 부임(赴任) * ‘赴’는 가는 것은 목적지에 다다르는 것이라 하여, ‘다다를 부’라고도 합니다."
朴,순박할 박,卜木,木(나무 목) 卜(점 복),ok,순박할 박(朴),http://tonghanja.com/%ec%88%9c%eb%b0%95%ed%95%a0-%eb%b0%95%e6%9c%b4/,"朴 .6급 木: 나무 목 卜: 점 복 나무(木)에서 점(卜)에 쓰는 딱지 같은 것은? ‘ 朴 ’은 나무 에서 점 에 쓰는 거북이 딱지같이 금 간 것인 ‘ 나무 껍질 ’을 나타낸 글자였으나, 후에 의미가 발전하여 ‘ 순박함 ’을 뜻하게 되었답니다. 순박할 박 순 박 ( 淳 朴: 꾸민 데가 없이 순수하며 인정이 두터움 *淳·2급·순박할 순 ) , 소박(素朴), 질박(質朴)"
卜,점 복,,,none,점 복(卜),http://tonghanja.com/%ec%a0%90-%eb%b3%b5%e5%8d%9c/,"卜 .3급 거북이 딱지를 금(卜)가게 하는 것은? 거북이 딱지를 인두로 지져 ‘복’ 하고 금 가게 하는 것은 ‘ 점 (占)’이지요. 점 복 점 복 ( 占 卜: 점 을 치는 일 ) , 복술(卜術) * 갑골문자(甲骨文字): 중국 은나라 시절의 문자. 거북이 딱지에 새긴 문자라는 데서 귀갑(龜甲) 문자라고도 함."
蛇,긴 뱀 사,它虫,虫(벌레 충) 它(뱀 사),ok,긴 뱀 사(蛇),http://tonghanja.com/%ea%b8%b4-%eb%b1%80-%ec%82%ac%e8%9b%87/,"蛇 .3급Ⅱ 虫: 벌레 충 它: 뱀 사 벌레(虫)인 뱀(它)은? 벌레 인 뱀 은 ‘ 긴 뱀 ’이지요. 긴 뱀 사 장 사 ( 長 蛇: 긴 뱀) , 독사(毒蛇), 살모사(殺母蛇) * ‘蛇’는 ‘它’가 ‘다르다’는 뜻으로 쓰이자, ‘虫’을 덧붙여 ‘뱀’이란 뜻을 구별한 글자입니다."
指,손가락 지,手旨,扌(손 수) 旨(맛 지),ok,손가락 지(指),http://tonghanja.com/%ec%86%90%ea%b0%80%eb%9d%bd-%ec%a7%80%e6%8c%87/,"指 .4급Ⅱ 扌: 손 수 旨: 맛 지 손(扌)에서 맛(旨)을 볼 때 쓰는 곳은? 손 에서 음식의 맛 을 볼 때 쓰는 곳은 음식을 찍는 부위인 ‘ 손가락 ’이지요. 손가락 지 식 지 ( 食 指: 음식의 맛을 볼 때 쓰는 손가락 / 둘째 손가락 ) , 지적(指摘), 지휘(指揮) * ‘指’는 손가락으로 대상을 가리킨다 하여, ‘가리킬 지’라고도 합니다."
旨,맛 지,一匕口,匕(숟가락 비) 口(입 구) 一(모양),ok,맛 지(旨),http://tonghanja.com/%eb%a7%9b-%ec%a7%80%e6%97%a8/,旨 .2급 匕: 숟가락 비 口: 입 구 一: 모양 숟가락(匕)으로 입(口)안의 혀(一)에 음식을 넣어 느끼는 것은? 숟가락 으로 입 안의 혀 에 음식을 떠넣어 느끼는 것은 음식의 ‘ 맛 ’이지요. 맛 지
泥,진흙 니,尼水,氵(물 수) 尼(여승(붙을) 니),ok,진흙 니(泥),http://tonghanja.com/%ec%a7%84%ed%9d%99-%eb%8b%88%e6%b3%a5/,"泥 .3급Ⅱ 氵: 물 수 尼: 여승(붙을) 니 물(氵)기가 있어 붙는(尼) 것은? 물 기가 있어 다른 곳에 잘 붙는 것은 ‘ 진흙 ’이지요. 진흙 니 이 토 (泥 土 : 진흙) , 이전(泥田)"
匕,숟가락 비,,,none,숟가락 비(匕),http://tonghanja.com/%ec%88%9f%ea%b0%80%eb%9d%bd-%eb%b9%84%e5%8c%95/,"匕 .1급 손잡이( )와 머리( )는? 손잡이 와 머리 로 된 것은 ‘ 숟가락 ’이지요. 숟가락 비 * ‘匕’는 숟가락처럼 짧은 칼인 ‘비수(匕首)’를 뜻하여, ‘비수 비’라고도 합니다."
吹,불 취,口欠,口(입 구) 欠(하품 흠),ok,불 취(吹),http://tonghanja.com/%eb%b6%88-%ec%b7%a8%e5%90%b9/,"吹 .3급Ⅱ 口: 입 구 欠: 하품 흠 입(口)으로 하품(欠)할 때 하는 것은? 입 으로 하품 할 때 하는 것은 공기를 ‘ 붊 ’이지요. 불 취 취 기 (吹 氣 : 입으로 공기를 붊) , 취주(吹奏), 고취(鼓吹)"
飮,마실 음,欠食,食(밥(먹을) 식) 欠(하품 흠),ok,마실 음(飮),http://tonghanja.com/%eb%a7%88%ec%8b%a4-%ec%9d%8c%e9%a3%ae/,"飮 .6급Ⅱ 食: 밥(먹을) 식 欠: 하품 흠 먹는(食) 건데 하품(欠)하듯이 하는 것은? 먹는 건데 하품 할 때 공기를 마시듯이 하는 것은 물이나 음료를 ‘ 마심 ’이지요. 마실 음 음 료 (飮 料 : 마실 거리 ) , 음주(飮酒), 음식(飮食)"
欠,하품 흠,人,급(모양) 人(사람 인),ok,하품 흠(欠),http://tonghanja.com/%ed%95%98%ed%92%88-%ed%9d%a0%e6%ac%a0/,欠 .1급 : 모양 人: 사람 인 입 벌린( ) 사람(人)이 하는 것은? 입 을 크게 벌린 사람 이 하는 것은 ‘ 하품 ’이지요. 하품 흠 * ‘欠’은 다른 글자에서 ‘입 벌린 사람’을 뜻하기도 합니다. * ‘欠’은 ‘입 벌린 사람’에게 생긴 것인 ‘흠(欠: 비거나 모자란 부분)’을 뜻하기도 합니다.
強,강할 강,弘虫,弘(클 홍) 虫(벌레 충),ok,강할 강(強),http://tonghanja.com/%ea%b0%95%ed%95%a0-%ea%b0%95%e5%bc%b7/,"強 .6급 弘: 클 홍 虫: 벌레 충 큰(弘) 벌레(虫)는? 딱정벌레 같은 넓고 큰 벌레 는 힘이 ‘ 강함 ’이지요. 강할 강 강 함 (強 함 : 힘 따위가 셈 ) , 강력(強力), 막강(莫強)"
弘,클 홍,厶弓,弓(활 궁) 厶(사사로울(팔을 굽힌 모양) 사),ok,클 홍(弘),http://tonghanja.com/%ed%81%b4-%ed%99%8d%e5%bc%98/,"弘 .3급 弓: 활 궁 厶: 사사로울(팔을 굽힌 모양) 사 활(弓)을 팔(厶)로 당긴 모양은? 활 시위를 팔 로 당긴 모양은 ‘ 큼 ’이지요. 클 홍 홍보(弘報), 홍익(弘益) * ‘弘’은 활시위를 팔로 당긴 모양은 넓다는 데서 ‘넓을 홍’이라고도 합니다."
窮,궁할 궁,弓穴身,穴(굴 혈) 身(몸 신) 弓(활 궁),ok,궁할 궁(窮),http://tonghanja.com/%ea%b6%81%ed%95%a0-%ea%b6%81%e7%aa%ae/,"窮 .4급 穴: 굴 혈 身: 몸 신 弓: 활 궁 굴(穴)에서 몸(身)을 활(弓)처럼 굽히는 것은? 굴 에서 몸 을 활 처럼 굽히는 것은 처지가 ‘ 궁함 ’이지요. 궁할 궁 궁 함 (窮 함 : 넉넉하지 못함 ) , 궁지(窮地), 궁극(窮極) * ‘窮’은 굴에서 몸을 활처럼 굽히는 것은 굴이 끝까지 다한 것이라 하여 ‘다할 궁’이라고도 합니다."
弓,활 궁,,,none,활 궁(弓),http://tonghanja.com/%ed%99%9c-%ea%b6%81%e5%bc%93/,"弓 .3급Ⅱ 활(弓)은? ‘ 弓 ’은 ‘ 활 ’의 몸체를 본뜬 글자입니다. 활 궁 국궁(國弓), 양궁(洋弓), 궁수(弓手)"
身,몸 신,,,none,몸 신(身),http://tonghanja.com/%eb%aa%b8-%ec%8b%a0%e8%ba%ab/,"身 .6급Ⅱ 임신부(身)가 기르는 것은? 임신부 가 배 안에서 기르는 것은 태아의 ‘ 몸 ’이지요. 몸 신 신 체 (身 體 : 몸) , 육신(肉身), 전신(全身)"
誌,기록할 지,志言,言(말씀(말) 언) 志(뜻 지),ok,기록할 지(誌),http://tonghanja.com/%ea%b8%b0%eb%a1%9d%ed%95%a0-%ec%a7%80%e8%aa%8c/,"誌 .4급 言: 말씀(말) 언 志: 뜻 지 말(言)을 뜻(志)글자로 적는 것은? 말 을 뜻 글자인 한자로 적는 것은 ‘ 기록함 (記錄함)’이지요. 기록할 지 잡지(雜誌), 주간지(週刊誌), 학술지(學術誌)"
志,뜻 지,士心,士(선비 사) 心(마음 심),ok,뜻 지(志),http://tonghanja.com/%eb%9c%bb-%ec%a7%80%e5%bf%97/,"志 .4급Ⅱ 士: 선비 사 心: 마음 심 선비(士)의 마음(心)에 있는 것은? 선비 의 마음 에 있는 것은 무엇을 이루고자 하는 ‘ 뜻 ’이지요. 뜻 지 의 지 ( 意 志: 어떤 일을 이루려는 마음이나 뜻) , 지조(志操), 지망(志望)"
仕,벼슬할 사,人士,亻(사람 인) 士(선비 사),ok,벼슬할 사(仕),http://tonghanja.com/%eb%b2%bc%ec%8a%ac%ed%95%a0-%ec%82%ac%e4%bb%95/,"仕 .5급Ⅱ 亻: 사람 인 士: 선비 사 사람(亻)이 선비(士)가 되어 하는 것은? 사람 이 선비 가 되어 하는 것은 ‘ 벼슬함 ’이지요. 벼슬할 사 출 사 ( 出 仕: 벼슬하여 관직에 나감 ) , 봉사(奉仕) * ‘仕’는 벼슬함은 임금을 섬기는 것이라 하여, ‘섬길 사’라고도 합니다."
士,선비 사,,,none,선비 사(士),http://tonghanja.com/%ec%84%a0%eb%b9%84-%ec%82%ac%e5%a3%ab/,"士 .5급Ⅱ 양반다리로 앉아 있는 사람(士)은? 양반다리로 앉아 있는 사람 은 ‘ 선비 ’이지요. 선비 사 문 사 ( 文 士: 학문으로 입신하는 선비 ) , 무사(武士), 장사(壯士)"
授,줄 수,受手,扌(손 수) 受(받을 수),ok,줄 수(授),http://tonghanja.com/%ec%a4%84-%ec%88%98%e6%8e%88/,"授 .4급Ⅱ 扌: 손 수 受: 받을 수 손(扌)이 받게(受) 하는 것은? 위쪽 손 이 아래쪽 손에게 무엇을 받게 하는 것은 ‘ 줌 ’이지요. 줄 수 수 여 (授 與 : 줌) , 전수(傳授)"
受,받을 수,冖又爫,爫(손톱(손) 조) 冖(덮을 멱) 又(또(손) 우),ok,받을 수(受),http://tonghanja.com/%eb%b0%9b%ec%9d%84-%ec%88%98%e5%8f%97/,"受 .4급Ⅱ 爫: 손톱(손) 조 冖: 덮을 멱 又: 또(손) 우 위쪽 손(爫)에 있는 무엇이 아래쪽 손(又)을 덮는(冖) 것은? 위쪽 손 에 있는 무엇이 아래쪽 손 을 덮는 것은 위쪽 손에 있는 무엇을 아래쪽 손이 ‘ 받음 ’이지요. 받을 수 수 취 (受 取 : 받아 가짐 ) , 수용(受容), 수령(受領)"
冖,덮을 멱,,,none,덮을 멱(冖),http://tonghanja.com/%eb%8d%ae%ec%9d%84-%eb%a9%b1%e5%86%96/,冖 .무급 덮개(冖)가 하는 것은? 덮개 가 하는 것은 ‘ 덮음 ’이지요. 덮을 멱
爪,손톱 조,,,none,손톱 조(爪),http://tonghanja.com/%ec%86%90%ed%86%b1-%ec%a1%b0%e7%88%aa/,爪 .1급 손(爫) 끝에서 자라는 조각들( )은? 손 끝에서 길게 자라는 조각들 은 ‘ 손톱 ’이지요. 손톱 조 * ‘爫’는 다른 글자에서 주로 ‘손’이라는 뜻으로 쓰입니다.
打,칠 타,丁手,扌(손 수) 丁(넷째 천간(못) 정),ok,칠 타(打),http://tonghanja.com/%ec%b9%a0-%ed%83%80%e6%89%93/,"打 .5급 扌: 손 수 丁: 넷째 천간(못) 정 손(扌)으로 못(丁)질을 하는 것은? 손 으로 못 질을 하는 것은 못을 ‘ 침 ’이지요. 칠 타 타 격 (打 擊 : 침) , 강타(強打), 난타(亂打)"
訂,바로잡을 정,丁言,言(말씀(말) 언) 丁(넷째 천간(못) 정),ok,바로잡을 정(訂),http://tonghanja.com/%eb%b0%94%eb%a1%9c%ec%9e%a1%ec%9d%84-%ec%a0%95%e8%a8%82/,"訂 .3급 言: 말씀(말) 언 丁: 넷째 천간(못) 정 말(言)에 못(丁)질을 하는 것은? 가구나 건축물에 못을 박아 틀어진 부분을 고치듯, 말 이나 글에 못 질을 하여 잘못된 부분을 고치는 것은 ‘ 바로잡음 ’이지요. 바로잡을 정 정 정 (訂 正 : 글이나 글자 따위를 바로잡음) , 개정판(改訂版)"
頂,정수리 정,丁頁,丁(넷째 천간(못) 정) 頁(머리 혈),ok,정수리 정(頂),http://tonghanja.com/%ec%a0%95%ec%88%98%eb%a6%ac-%ec%a0%95%e9%a0%82/,"頂 .3급Ⅱ 丁: 넷째 천간(못) 정 頁: 머리 혈 못(丁)의 머리(頁) 같은 곳은? 못 의 머리 같이 높은 곳은 ‘ 정수리 ’이지요. 정수리 정 정 수리 (頂 수리 : 머리 위의 숫구멍이 있는 자리 ) , 정문(頂門), 정점(頂點)"
丁,넷째 천간 정,,,none,넷째 천간 정(丁),http://tonghanja.com/%eb%84%b7%ec%a7%b8-%ec%b2%9c%ea%b0%84-%ec%a0%95%e4%b8%81/,"丁 .4급 머리(￣)와 몸체(亅)는? ‘ 丁 ’은 머리 와 몸체 로 된 것인 ‘ 못 ’을 본뜬 글자였으나, 후에 천간(天干: 갑을병정무기경신임계)에서 넷째로 쓰여 ‘ 넷째 천간 (天干) ’을 뜻하게 되었답니다. 넷째 천간 정 장정(壯丁), 병정(兵丁), 남정네(男丁네) * ‘丁’은 못질을 하는 이인 ‘장정’을 뜻하기도 합니다."
飜,뒤칠 번,番飛,番(차례 번) 飛(날 비),ok,뒤칠 번(飜),http://tonghanja.com/%eb%92%a4%ec%b9%a0-%eb%b2%88%e9%a3%9c/,"飜 .3급 番: 차례 번 飛: 날 비 차례(番)대로 날(飛) 때 하는 것은? 차례 대로, 새가 날 때 하는 것은 날개를 ‘ 뒤침 ’이지요. 뒤칠 번 번 복 (飜 覆 : 뒤침 / 뒤집음 ) , 번역(飜譯) * 뒤치다: 뒤로 젖히다."
審,살필 심,宀番,宀(집 면) 番(차례 번),ok,살필 심(審),http://tonghanja.com/%ec%82%b4%ed%95%84-%ec%8b%ac%e5%af%a9/,"審 .3급Ⅱ 宀: 집 면 番: 차례 번 집(宀)에서 차례(番)대로 하는 것은? 집 에서 차례 대로 하는 것은, 밭에 뿌릴 쌀을 가리려고 깨끗한 바닥에서 쌀을 차례대로 ‘ 살핌 ’이지요. 살필 심 심 사 (審 査 : 자세히 살펴 조사함 ) , 심의(審議), 심판(審判)"
播,뿌릴 파,手番,扌(손 수) 番(차례 번),ok,뿌릴 파(播),http://tonghanja.com/%eb%bf%8c%eb%a6%b4-%ed%8c%8c%e6%92%ad/,"播 .3급 扌: 손 수 番: 차례 번 손(扌)으로 차례(番)대로 하는 것은? 손 으로 차례 대로 하는 것은 분별한 쌀을 밭에 차례대로 ‘ 뿌림 ’이지요. 뿌릴 파 파 종 (播 種 : 씨를 뿌림) , 파다(播多), 전파(傳播)"
番,차례 번,田釆,釆(분별할 변) 田(밭 전),ok,차례 번(番),http://tonghanja.com/%ec%b0%a8%eb%a1%80-%eb%b2%88%e7%95%aa/,"番 .6급 釆: 분별할 변 田: 밭 전 분별한(釆) 쌀을 밭(田)에 뿌릴 때 지키는 것은? 분별한 쌀을 밭 에 뿌릴 때 지키는 것은 ‘ 차례 (次例)’이지요. 차례 번 순 번 ( 順 番: 차례 / 순서대로 매겨지는 번호 ) , 번호(番號), 번지(番地)"
釆,분별할 변,米,급(모양) 米(쌀 미),ok,분별할 변(釆),http://tonghanja.com/%eb%b6%84%eb%b3%84%ed%95%a0-%eb%b3%80%e9%87%86/,釆 .특급 : 모양 米: 쌀 미 손가락( )으로 쌀(米)을 가리는 것은? 손가락 으로 쌀 을 가리는 것은 종자로 쓸 쌀과 식량으로 쓸 쌀을 ‘ 분별함 ’이지요. 분별할 변 * 분별하다: 서로 다른 것을 구별하여 가르다.
菊,국화 국,勹米艸,艹(풀 초) 勹(쌀 포) 米(쌀 미),ok,국화 국(菊),http://tonghanja.com/%ea%b5%ad%ed%99%94-%ea%b5%ad%e8%8f%8a/,"菊 .3급Ⅱ 艹: 풀 초 勹: 쌀 포 米: 쌀 미 풀(艹)인데 쌀(米)에 싸인(勹) 것은? 풀 인데, 쌀 알 모양의 여러 꽃잎에 둘러 싸인 것은 ‘ 국화 ’이지요. 국화 국 국 화 (菊 花 : 가을에 꽃이 피는 여러해살이 화초 ) , 백국(白菊), 황국(黃菊)"
迷,미혹할 미,米辵,米(쌀(팔방) 미) 辶(갈 착),ok,미혹할 미(迷),http://tonghanja.com/%eb%af%b8%ed%98%b9%ed%95%a0-%eb%af%b8%e8%bf%b7/,"迷 .3급 米: 쌀(팔방) 미 辶: 갈 착 팔방(米)으로 왔다 갔다(辶) 하는 것은? 팔방 으로 왔다 갔다 하는 것은 ‘ 미혹함 ’이지요. 미혹할 미 미 혹 (迷 惑 : 정신이 헷갈려 갈팡질팡 헤맴 ) , 미로(迷路), 미아(迷兒)"
米,쌀 미,,,none,쌀 미(米),http://tonghanja.com/%ec%8c%80-%eb%af%b8%e7%b1%b3/,"米 .6급 팔방으로 흩어지는 낟알들(米)은? 바닥에서 팔방으로 흩어지는 낟알들 은 ‘ 쌀 ’이지요. 쌀 미 미 곡 (米 穀 : 쌀 / 쌀과 곡식 ) , 백미(白米), 현미(玄米) * 팔방(八方): 동·서·남·북·북동·남동·북서·남서의 여덟 방위/ 여러 방향/ 이곳저곳."
終,마칠 종,冬糸,糸(실 사) 冬(겨울 동),ok,마칠 종(終),http://tonghanja.com/%eb%a7%88%ec%b9%a0-%ec%a2%85%e7%b5%82/,"終 .5급 糸: 실 사 冬: 겨울 동 실(糸)처럼 이어온 일을 겨울(冬)에 끝내는 것은? 실 처럼 봄부터 이어온 농사일을 겨울 에 끝내는 것은 ‘ 마침 ’이지요. 마칠 종 종 료 (終 了 : 일을 마침) , 종결(終結), 최종(最終)"
冬,겨울 동,冫夂,夂(천천히 걸을(발) 쇠) 冫(얼음 빙),ok,겨울 동(冬),http://tonghanja.com/%ea%b2%a8%ec%9a%b8-%eb%8f%99%e5%86%ac/,"冬 .7급 夂: 천천히 걸을(발) 쇠 冫: 얼음 빙 발(夂)로 얼음(冫) 위를 천천히 걷는 때는? 발 로 미끄러운 얼음 위를 천천히 걷는 때는 ‘ 겨울 ’이지요. 겨울 동 동 계 (冬 季 : 겨울 철 ) , 동기(冬期), 월동(越冬)"
夏,여름 하,夂,급(頁(머리 혈)의 이형) 夂(천천히 걸을(발) 쇠),ok,여름 하(夏),http://tonghanja.com/%ec%97%ac%eb%a6%84-%ed%95%98%e5%a4%8f/,"夏 .7급 : 頁(머리 혈)의 이형 夂: 천천히 걸을(발) 쇠 머리( )와 발(夂)을 드러내는 때는? 머리 와 발 을 드러내고 지내는 때는 무더운 ‘ 여름 ’이지요. 여름 하 하 계 (夏 季 : 여름 철 ) , 하기(夏期), 하복(夏服)"
煩,번거로울 번,火頁,火(불 화) 頁(머리 혈),ok,번거로울 번(煩),http://tonghanja.com/%eb%b2%88%ea%b1%b0%eb%a1%9c%ec%9a%b8-%eb%b2%88%e7%85%a9/,"煩 .3급 火: 불 화 頁: 머리 혈 불(火)난 듯 머리(頁)가 뜨거워지는 것은? 불 난 듯 머리 가 뜨거워지는 것은 일이 ‘ 번거로움 ’이지요. 번거로울 번 번 잡 (煩 雜 : 번거롭고 혼잡함 ) , 번뇌(煩惱), 번민(煩悶) * 번거롭다: 일의 갈피가 얽히고 뒤섞여 어수선하고 복잡하다."
須,모름지기 수,彡頁,彡(터럭 삼) 頁(머리 혈),ok,모름지기 수(須),http://tonghanja.com/%eb%aa%a8%eb%a6%84%ec%a7%80%ea%b8%b0-%ec%88%98%e9%a0%88/,須 .3급 彡: 터럭 삼 頁: 머리 혈 터럭(彡)이 머리(頁)에 있어야 함은? 수염이나 머리카락 등의 터럭 이 머리 에 있어야 함은 ‘ 모름지기 ’이지요. 모름지기 수 필 수 ( 必 須: 반드시 모름지기 있어야 함 ) * 모름지기: 마땅히/ 반드시/ 꼭.
頁,머리 혈,,,none,머리 혈(頁),http://tonghanja.com/%eb%a8%b8%eb%a6%ac-%ed%98%88%e9%a0%81/,頁 .특급Ⅱ 머리통( )과 눈( )과 목( )은? 머리통 과 눈 과 목 으로 된 것은 ‘ 머리 ’이지요. 머리 혈
飛,날 비,,,none,날 비(飛),http://tonghanja.com/%eb%82%a0-%eb%b9%84%e9%a3%9b/,"飛 .4급Ⅱ 깃( )을 펼치고 다리( )를 접고 몸(丨)을 세워서 하는 것은? 깃 을 펼치고 다리 를 접고 몸 을 세워서 하는 것은 ‘ 낢 ’이지요. 날 비 비 상 (飛 上 : 위로 낢) , 비행(飛行), 비약(飛躍)"
弱,약할 약,羽,羽(깃 우),ok,약할 약(弱),http://tonghanja.com/%ec%95%bd%ed%95%a0-%ec%95%bd%e5%bc%b1/,"弱 .6급Ⅱ : 모양 羽: 깃 우 휘어지는( ) 깃(羽)은? 쉽게 휘어지는 깃 은 ‘ 약함 ’이지요. 약할 약 약 함 (弱 함 : 튼튼하지 못함 ) , 연약(軟弱), 허약(虛弱)"
習,익힐 습,羽,羽(깃 우),ok,익힐 습(習),http://tonghanja.com/%ec%9d%b5%ed%9e%90-%ec%8a%b5%e7%bf%92/,"習 .6급 羽: 깃 우 白: 모양 깃(羽)을 둥지(白 )에서 퍼덕이는 것은? 깃 을 새가 둥지 에서 퍼덕이는 것은 나는 법을 ‘ 익힘 ’이지요. 익힐 습 학 습 ( 學 習: 배우고 익힘) , 연습(練習), 자습(自習)"
羽,깃 우,,,none,깃 우(羽),http://tonghanja.com/%ea%b9%83-%ec%9a%b0%e7%be%bd/,"羽 .3급Ⅱ 날개(羽)는? 날개 는 ‘ 깃 ’이지요. 깃 우 우화등선(羽化登仙), 관우(關羽), 항우(項羽) * 깃: 1. 새의 털. 2. 새의 날개."
毛,털 모,彡,彡(터럭) 삼(모양),ok,털 모(毛),http://tonghanja.com/%ed%84%b8-%eb%aa%a8%e6%af%9b/,"毛 .4급Ⅱ 彡: 터럭 삼 : 모양 터럭(彡)과 모낭( )은? 많은 터럭 과 하나의 모낭 으로 된 것은 ‘ 털 ’이지요. 털 모 모 발 (毛 髮 : 머리 털) , 모근(毛根), 모공(毛孔)"
彡,터럭 삼,,,none,터럭 삼(彡),http://tonghanja.com/%ed%84%b0%eb%9f%ad-%ec%82%bc%e5%bd%a1/,"彡 .무급 많은 털(彡)은? ‘ 彡 ’은 사람이나 짐승의 몸에 난 많은 털 인 ‘ 터럭 ’을 나타낸 글자입니다. 터럭 삼 * ‘彡’은 무늬 모양 같다 하여 ‘무늬 삼’이라고도 하고, 빛나는 모양 같다 하여 ‘빛날 삼’이라고도 합니다."
寶,보배 보,宀王缶貝,宀(집 면) 王(구슬 옥) 缶(장군 부) 貝(조개(재물) 패),ok,보배 보(寶),http://tonghanja.com/%eb%b3%b4%eb%b0%b0-%eb%b3%b4%e5%af%b6/,"寶 .4급Ⅱ 宀:집 면 王:구슬 옥 缶:장군 부 貝:조개(재물) 패 집(宀)에 두는 구슬(王) 담긴 장군(缶)과 같은 재물(貝)은? 집 안에 두는 ‘옥 구슬 담긴 장군 ‘과 같은 재물 은 ‘ 보배 ’이지요. 보배 보 보 물 (寶 物 : 보배 로운 물건 ) , 보석(寶石), 보화(寶貨)"
陶,질그릇 도,勹缶阝,阝(언덕 부) 勹(쌀 포) 缶(장군 부),ok,질그릇 도(陶),http://tonghanja.com/%ec%a7%88%ea%b7%b8%eb%a6%87-%eb%8f%84%e9%99%b6/,"陶 .3급Ⅱ 阝: 언덕 부 勹: 쌀 포 缶: 장군 부 언덕(阝) 모양으로 싸인(勹) 곳에서 만드는 장군(缶)은? 언덕 모양으로 싸인 곳인 가마에서 만드는 장군 은 ‘ 질그릇 ’이지요. 질그릇 도 도 기 (陶 器 : 질그릇) , 도자기(陶瓷器)"
缶,장군 부,,,none,장군 부(缶),http://tonghanja.com/%ec%9e%a5%ea%b5%b0-%eb%b6%80%e7%bc%b6/,"缶 .특급Ⅱ 입구( )와 몸통(十)과 바닥(凵)은? 작은 입구 와 불룩한 몸통 과 좁은 바닥 으로 된 것은 ‘ 장군 ’이지요. 장군 부 * ‘缶’는 원래 술이나 장을 담던 질그릇을 본뜬 글자였으나, 후에 액체를 담아 옮기는 그릇인 ‘장군’을 뜻하게 되었답니다."
許,허락할 허,午言,言(말씀(말) 언) 午(낮 오),ok,허락할 허(許),http://tonghanja.com/%ed%97%88%eb%9d%bd%ed%95%a0-%ed%97%88%e8%a8%b1/,"許 .5급 言: 말씀(말) 언 午: 낮 오 말(言)인데 낮(午)처럼 밝게 해주는 것은? 말 인데 상대의 기분을 낮 처럼 밝게 해주는 것은 ‘ 허락함 ’이지요. 허락할 허 허 락 (許 諾 : 상대의 청을 들어줌 ) , 허가(許可), 허용(許容)"
午,낮 오,,,none,낮 오(午),http://tonghanja.com/%eb%82%ae-%ec%98%a4%e5%8d%88/,"午 .7급Ⅱ 머리( )와 손잡이(一)와 공이(丨)는? ‘ 午 ’는 머리 와 손잡이 와 공이 로 된 ‘ 절굿공이 ’를 본뜬 글자였으나, 후에 절굿공이를 똑바로 세워 그 그림자의 방향과 길이로 시간을 알 수 있는 때인 ‘ 낮 ’을 뜻하게 되었답니다. 낮 오 정오(正午), 오전(午前), 오후(午後) * ‘午’는 자형이 ‘뿔(╵) 없는 소(牛)’인 말 같다 하여, 십이지(十二支)에서는 ‘말’을 가리킨답니다."
砲,대포 포,包石,石(돌 석) 包(쌀 포),ok,대포 포(砲),http://tonghanja.com/%eb%8c%80%ed%8f%ac-%ed%8f%ac%e7%a0%b2/,"砲 .4급Ⅱ 石: 돌 석 包: 쌀 포 돌(石)을 싸서(包) 쏘는 것은? 돌 을 싸개로 싸서 적에게 쏘는 것은 ‘ 대포 ’이지요. 대포 포 대 포 ( 大 砲: 탄알을 쏘는 큰 무기 ) , 포탄(砲彈), 포격(砲擊)"
抱,안을 포,包手,扌(손 수) 包(쌀 포),ok,안을 포(抱),http://tonghanja.com/%ec%95%88%ec%9d%84-%ed%8f%ac%e6%8a%b1/,抱 .3급 扌: 손 수 包: 쌀 포 손(扌)으로 싸는(包) 것은? 손 으로 무엇을 둘러 싸는 것은 ‘ 안음 ’이지요. 안을 포 포 옹 (抱 擁 : 안음)
飽,배부를 포,包食,食(밥 식) 包(쌀 포),ok,배부를 포(飽),http://tonghanja.com/%eb%b0%b0%eb%b6%80%eb%a5%bc-%ed%8f%ac%e9%a3%bd/,"飽 .3급 食: 밥 식 包: 쌀 포 밥(食)을 싼(包) 것은? 밥 을 배가 싼 것은 ‘ 배부름 ’이지요. 배부를 포 포 식 (飽 食 : 배부르게 먹음 ) , 포만(飽滿), 포화(飽和)"
胞,세포 포,包月,月(고기(몸) 육) 包(쌀 포),ok,세포 포(胞),http://tonghanja.com/%ec%84%b8%ed%8f%ac-%ed%8f%ac%e8%83%9e/,"胞 .4급 月: 고기(몸) 육 包: 쌀 포 몸(月)에서 태아를 싸고(包) 있는 것은? ‘ 胞 ’는 몸 에서 태아를 싸고 있는 것인 ‘ 태보 (胎褓)’를 나타낸 글자였으나, 후에 미세한 태보 같은 것인 ‘ 세포 ’를 뜻하게 되었답니다. 세포 포 세 포 ( 細 胞: 미세한 태보/ 생물체를 이루는 기본 단위 ) , 동포(同胞) * 태보(胎褓): 태아를 싸고 있는 막과 태반."
包,쌀 포,,,none,쌀 포(包),http://tonghanja.com/%ec%8c%80-%ed%8f%ac%e5%8c%85/,"包 .4급Ⅱ 배(勹)가 태아(巳)에게 하는 것은? 배 가 태아 에게 하는 것은 ‘ 쌈 ’이지요. 쌀 포 포 함 (包 含 : 싸서 머금음 ) , 포용(包容), 내포(內包)"
勹,쌀 포,,,none,쌀 포(勹),http://tonghanja.com/%ec%8c%80-%ed%8f%ac%e5%8b%b9/,勹 .무급 배(勹)가 하는 것은? 사람의 배 가 하는 것은 오장육부 등을 ‘ 쌈 ’이지요. 쌀 포
啓,일깨울 계,口戶攵,戶(집 호) 攵(칠(때릴) 복) 口(입(말) 구),ok,일깨울 계(啓),http://tonghanja.com/%ec%9d%bc%ea%b9%a8%ec%9a%b8-%ea%b3%84%e5%95%93/,"啓 .3급Ⅱ 戶: 집 호 攵: 칠(때릴) 복 口: 입(말) 구 집(戶)에서 때리며(攵) 말(ㅁ)하는 것은? 집 에서 때리며 말 하는 것은 윗사람이 아랫사람을 ‘ 일깨움 ’이지요. 일깨울 계 계 몽 (啓 蒙 : 어리석음을 일깨움) , 계발(啓發), 계도(啓導) * ‘啓’는 지게(戶)를 치며(攵) 말(ㅁ)하면 안에서 문을 연다 하여, ‘열 계’라고도 합니다."
所,바 소,戶斤,戶(집 호) 斤(근(도끼) 근),ok,바 소(所),http://tonghanja.com/%eb%b0%94-%ec%86%8c%e6%89%80/,"所 .7급 戶: 집 호 斤: 근(도끼) 근 집(戶)에서 도끼(斤)를 두는 곳은? ‘ 所 ’는 집 에서 도끼 를 두는 곳인 일정한 ‘ 장소 ’를 나타낸 글자였으나, 후에 ‘ 바 (일 또는 방법)’로 뜻이 바뀌었답니다. 바 소 장 소 ( 場 所: 무엇이 있거나 어떤 일이 일어난 곳 ) , 처소(處所), 업소(業所)"
戶,집 호,,,none,집 호(戶),http://tonghanja.com/%ec%a7%91-%ed%98%b8%e6%88%b6/,"戶 .4급Ⅱ 지게(戶)가 있는 곳은? 지게 (마루와 방 사이의 외짝 여닫이문)가 있는 곳은 ‘ 집 ’이지요. 집 호 가가 호호 ( 家家 戶戶: 집집 마다 ) , 호적(戶籍), 호구(戶口) * ‘戶’는 ‘지게 호’라고도 합니다."
析,쪼갤 석,斤木,木(나무 목) 斤(근(도끼) 근),ok,쪼갤 석(析),http://tonghanja.com/%ec%aa%bc%ea%b0%a4-%ec%84%9d%e6%9e%90/,"析 .3급 木: 나무 목 斤: 근(도끼) 근 나무(木)에 도끼(斤)질 하는 것은? 나무 에 도끼 질 하는 것은 나무를 ‘ 쪼갬 ’이지요. 쪼갤 석 분 석 ( 分 析: 나누어 쪼갬) , 해석(解析)"
祈,빌 기,斤示,示(보일(제단) 시) 斤(근(도끼) 근),ok,빌 기(祈),http://tonghanja.com/%eb%b9%8c-%ea%b8%b0%e7%a5%88/,"祈 .3급Ⅱ 示: 보일(제단) 시 斤: 근(도끼) 근 제단(示)에서 도끼(斤)날처럼 양손을 모으는 것은? 제단 에서 도끼 날처럼 양손을 모으는 것은 신에게 바람을 ‘ 빎 ’이지요. 빌 기 기 도 (祈 禱 : 빎 *禱·1급·빌 도 ) , 기원(祈願)"
近,가까울 근,斤辵,斤(근(도끼) 근) 辶(갈 착),ok,가까울 근(近),http://tonghanja.com/%ea%b0%80%ea%b9%8c%ec%9a%b8-%ea%b7%bc%e8%bf%91/,"近 .6급 斤: 근(도끼) 근 辶: 갈 착 도끼(斤)질 하려고 가는(辶) 곳은? 도끼 질 하려고 가는 곳은 도끼질 할 대상이 있는 곳과 ‘ 가까움 ’이지요. 가까울 근 근 처 (近 處 : 가까운 곳 ) , 근방(近方), 근접(近接) * 무엇에 도끼질을 하려면 그 근처로 가야하지요."
斤,근 근,,,none,근 근(斤),http://tonghanja.com/%ea%b7%bc-%ea%b7%bc%e6%96%a4/,"斤 .3급 도끼(斤)는? 도끼 는 한 ‘ 근 ’이지요. 근 근 근 (斤: 600g ) , 천근(千斤), 만근(萬斤) * 옛날엔 도끼날 한 개의 무게가 한 ‘근’이었답니다. * ‘斤’은 ‘도끼 근’이라고도 합니다."
祀,제사 사,巳示,示(보일(제단) 시) 巳(모양),ok,제사 사(祀),http://tonghanja.com/%ec%a0%9c%ec%82%ac-%ec%82%ac%e7%a5%80/,"祀 .3급Ⅱ 示: 보일(제단) 시 巳: 모양 제단(示)에서 절(巳)하는 것은? 제단 에서 머리 숙이고 허리 굽히고 무릎 꿇어 절 하는 것은 ‘ 제사 ’이지요. 제사 사 제 사 ( 祭 祀: 신에게 음식을 바치며 절하는 의식 ) , 고사(告祀)"
巳,뱀 사,,,none,뱀 사(巳),http://tonghanja.com/%eb%b1%80-%ec%82%ac%e5%b7%b3/,"巳 .3급 머리( )와 구불구불한 몸(己)으로 된 것은? ‘ 巳 ’는 ‘ 머리 숙이고 ( ) 허리 굽히고 무릎 꿇은 (己) 사람 ’을 본뜬 글자였으나, 후에 자형이 머리 와 구불구불한 몸 으로 된 뱀과 같다 하여 십이지(十二支)에서는 ‘ 뱀 ’을 가리키게 되었답니다. 뱀 사"
起,일어날 기,己走,走(달릴 주) 己(몸 기),ok,일어날 기(起),http://tonghanja.com/%ec%9d%bc%ec%96%b4%eb%82%a0-%ea%b8%b0%e8%b5%b7/,"起 .4급Ⅱ 走: 달릴 주 己: 몸 기 달릴(走) 때처럼 몸(己)을 펴는 것은? 달릴 때처럼 몸 을 위로 펴는 것은 ‘ 일어남 ’이지요. 일어날 기 기 립 (起 立 : 일어나 섬 ) , 기상(起床), 융기(隆起)"
記,기록할 기,己言,言(말씀(말) 언) 己(몸(꿇어앉은 모양) 기),ok,기록할 기(記),http://tonghanja.com/%ea%b8%b0%eb%a1%9d%ed%95%a0-%ea%b8%b0%e8%a8%98/,"記 .7급Ⅱ 言: 말씀(말) 언 己: 몸(꿇어앉은 모양) 기 말(言)을 꿇어앉아(己) 쓰는 것은? 말 을 바닥에 꿇어앉아 쓰는 것은 ‘ 기록함 ’이지요. 기록할 기 기 록 (記 錄 : 후일에 남길 목적으로 어떤 사실을 적음 ) , 기술(記述), 필기(筆記)"
紀,벼리 기,己糸,糸(실(줄) 사) 己(몸(자기) 기),ok,벼리 기(紀),http://tonghanja.com/%eb%b2%bc%eb%a6%ac-%ea%b8%b0%e7%b4%80/,"紀 .4급 糸: 실(줄) 사 己: 몸(자기) 기 줄(糸)인데 자기(己)가 조절하는 것은? 줄 인데 자기 가 폈다 당겼다 조절하는 것은 ‘ 벼리 ’이지요. 벼리 기 기 강 (紀 綱 : 벼리 / 법도와 규율을 비유적으로 이르는 말 ) , 기율(紀律), 군기(軍紀) * 벼리: 그물을 폈다 당겼다 할 수 있도록 그물의 위쪽 눈들을 꿰어놓은 줄."
忌,꺼릴 기,己心,己(몸(자기) 기) 心(마음 심),ok,꺼릴 기(忌),http://tonghanja.com/%ea%ba%bc%eb%a6%b4-%ea%b8%b0%e5%bf%8c/,"忌 .3급 己: 몸(자기) 기 心: 마음 심 자기(己) 마음(心)대로 하면? 자기 마음 대로 하면 다른 사람들이 ‘ 꺼림 ’이지요. 꺼릴 기 기 피 (忌 避 : 꺼리어 피함 ) , 금기(禁忌)"
己,몸 기,,,none,몸 기(己),http://tonghanja.com/%eb%aa%b8-%ea%b8%b0%e5%b7%b1/,"己 .5급Ⅱ 허리 굽히고( ) 무릎 꿇은( ) 것은? 허리 굽히고 무릎 꿇은 것은 자기의 ‘ 몸 ’이지요. 몸 기 자 기 ( 自 己: 자신의 몸) , 이기(利己), 극기(克己) * 동양인들은 남에게 자기를 낮추어 표현하는 경향이 있답니다. * ‘己’는 ‘자기 기’라고도 합니다."
息,쉴 식,心自,自(스스로(코) 자) 心(마음(심장) 심),ok,쉴 식(息),http://tonghanja.com/%ec%89%b4-%ec%8b%9d%e6%81%af/,"息 .4급Ⅱ 自: 스스로(코) 자 心: 마음(심장) 심 코(自)로 심장(心) 박동에 맞춰 하는 것은? 코 로, 심장 이 박동하는 속도에 맞춰 하는 것은 숨을 ‘ 쉼 ’이지요 . 쉴 식 휴 식 ( 休 息: 쉼) , 안식(安息), 탄식(歎息)"
臭,냄새 취,犬自,自(스스로(코) 자) 犬(개 견),ok,냄새 취(臭),http://tonghanja.com/%eb%83%84%ec%83%88-%ec%b7%a8%e8%87%ad/,"臭 .3급 自: 스스로(코) 자 犬: 개 견 코(自)로 개(犬)가 잘 맡는 것은? 코 로 개 가 잘 맡는 것은 ‘ 냄새 ’이지요. 냄새 취 악취(惡臭), 향취(香臭), 체취(體臭)"
鼻,코 비,廾田自,自(스스로(코) 자) 田(밭 전) 廾(양손 공),ok,코 비(鼻),http://tonghanja.com/%ec%bd%94-%eb%b9%84%e9%bc%bb/,"鼻 .5급 自: 스스로(코) 자 田: 밭 전 廾: 양손 공 코(自)인데 밭(田)처럼 양손(廾)으로 파내는 곳은? 코 인데 밭 에서 돌 따위를 파낼 때처럼 양손 으로 코딱지를 파내는 곳은 ‘ 코 ’이지요. 코 비 비 공 (鼻 孔 : 콧 구멍 ) , 비염(鼻炎), 비음(鼻音)"
自,스스로 자,,,none,스스로 자(自),http://tonghanja.com/%ec%8a%a4%ec%8a%a4%eb%a1%9c-%ec%9e%90%e8%87%aa/,"自 .7급Ⅱ 코(自)를 가리키는 것은? ‘ 自 ’는 ‘ 코 ’를 본뜬 글자였으나, 사람은 스스로를 가리킬 때 손으로 자기 코를 가리킨다 하여 ‘ 스스로 ’를 뜻하게 되었답니다. 스스로 자 자 기 (自 己 : 스스로 / 제 몸 ) , 자신(自身), 자아(自我) * ‘自’는 다른 글자에서 ‘코’를 뜻하기도 합니다."
社,토지신 사,土示,示(보일(신) 시) 土(흙(땅) 토),ok,토지신 사(社),http://tonghanja.com/%ed%86%a0%ec%a7%80%ec%8b%a0-%ec%82%ac%e7%a4%be/,"社 .6급Ⅱ 示: 보일(신) 시 土: 흙(땅) 토 신(示)인데 땅(土)을 관장하는 이는? 신 인데 땅 을 관장하는 이는 ‘ 토지신 (土地神)’이지요. 토지신 사 사회(社會), 회사(會社), 본사(本社) * ‘社’는 토지신에게 제사를 지낼 때 여러 사람들이 한데 모인다는 데서 ‘모일 사’라고도 합니다."
視,볼 시,示見,示(보일(신) 시) 見(볼 견),ok,볼 시(視),http://tonghanja.com/%eb%b3%bc-%ec%8b%9c%e8%a6%96/,"視 .4급Ⅱ 示: 보일(신) 시 見: 볼 견 신(示)이 보는(見) 것은? 신 이 제물을 보는 것은 ‘ 봄 ’이지요. 볼 시 주 시 ( 注 視: 주의를 집중하여 봄) , 응시(凝視), 직시(直視)"
示,보일 시,,,none,보일 시(示),http://tonghanja.com/%eb%b3%b4%ec%9d%bc-%ec%8b%9c%e7%a4%ba/,"示 .5급 제물( )을 제단( )에 올리는 것은? 제물 을 제단 에 올리는 것은 신에게 제물을 ‘ 보임 ’이지요. 보일 시 전 시 ( 展 示: 물품 따위를 펴서 보임) , 표시(表示), 제시(提示) * ‘示’의 ‘ ’는 제물에서 떨어지는 피를 나타낸 것입니다. * ‘示’는 다른 글자에서 ‘신’ ‘제단’ ‘제사’의 뜻으로도 쓰입니다."
械,기계 계,戒木,木(나무 목) 戒(경계할 계),ok,기계 계(械),http://tonghanja.com/%ea%b8%b0%ea%b3%84-%ea%b3%84%e6%a2%b0/,械 .3급Ⅱ 木: 나무 목 戒: 경계할 계 나무(木)로 만든 건데 경계해야(戒) 하는 것은? 나무 로 만든 건데 잘 작동하는지 경계해야 하는 것은 형틀 따위의 ‘ 기계 ’이지요. 기계 계 기 계 ( 機 械: 베틀과 형틀/ 동력을 써서 작업을 하는 장치 )
戒,경계할 계,廾戈,戈(창 과) 廾(양손 공),ok,경계할 계(戒),http://tonghanja.com/%ea%b2%bd%ea%b3%84%ed%95%a0-%ea%b3%84%e6%88%92/,"戒 .4급 戈: 창 과 廾: 양손 공 창(戈)을 양손(廾)으로 들고 하는 것은? 창 을 양손 으로 들고 하는 것은 주변을 ‘ 경계함 ’이지요. 경계할 계 경 계 ( 警 戒: 주변을 살피면서 지킴 ) , 훈계(訓戒), 징계(懲戒)"
弄,희롱할 롱,廾王,王(구슬 옥) 廾(양손 공),ok,희롱할 롱(弄),http://tonghanja.com/%ed%9d%ac%eb%a1%b1%ed%95%a0-%eb%a1%b1%e5%bc%84/,"弄 .3급Ⅱ 王: 구슬 옥 廾: 양손 공 구슬(王)을 양손(廾)으로 들고 하는 것은? 구슬 을 양손 으로 들고 하는 것은 ‘ 희롱함 ’이지요. 희롱할 롱 희 롱 ( 戱 弄: 손아귀에 넣고 제멋대로 가지고 놂 ) , 재롱(才弄), 우롱(愚弄)"
廾,양손 공,,,none,양손 공(廾),http://tonghanja.com/%ec%96%91%ec%86%90-%ea%b3%b5%e5%bb%be/,廾 .무급 왼손(十)과 오른손(十)은? 왼손 과 오른손 은 ‘ 양손 ’이지요. 양손 공
現,나타날 현,王見,王(구슬(옥) 옥) 見(볼 견),ok,나타날 현(現),http://tonghanja.com/%eb%82%98%ed%83%80%eb%82%a0-%ed%98%84%e7%8f%be/,"現 .6급Ⅱ 王: 구슬(옥) 옥 見: 볼 견 옥(王)을 보면(見)? 옥 을 들여다 보면 옥 특유의 문양이 ‘ 나타남 ’이지요. 나타날 현 출 현 ( 出 現: 나타남) , 표현(表現), 현상(現象)"
見,볼 견,儿目,目(눈 목) 儿(사람 인),ok,볼 견(見),http://tonghanja.com/%eb%b3%bc-%ea%b2%ac%e8%a6%8b/,"見 .5급Ⅱ 目: 눈 목 儿: 사람 인 눈(目)으로 사람(儿)이 하는 것은? 눈 으로 사람 이 하는 것은 사물이나 현상을 ‘ 봄 ’이지요. 볼 견 견 해 (見 解 : 사물이나 현상을 보고 의미를 풂 ) , 의견(意見), 소견(所見)"
目,눈 목,,,none,눈 목(目),http://tonghanja.com/%eb%88%88-%eb%aa%a9%e7%9b%ae/,"目 .6급 눈(目)은? ‘ 目 ’은 ‘ 눈 ’을 세워서 나타낸 글자입니다. 눈 목 안 목 ( 眼 目: 보는 눈 / 사물을 보고 분별하는 식견 ) , 주목(注目), 목격(目擊) * 罒: 目의 이형."
御,거느릴 어,,,none,거느릴 어(御),http://tonghanja.com/%ea%b1%b0%eb%8a%90%eb%a6%b4-%ec%96%b4%e5%be%a1/,御 .3급Ⅱ 彳: 모양 午: 낮(말) 오 止: 그칠(발) 지 卩: 병부(무릎 굽힐) 절 거리(彳)에서 말(午)이 발(止)로 다니도록 무릎 굽힌 사람(卩)이 하는 것은? 거리 에서 말 이 발 로 다니도록 무릎 굽힌 사람 인 마부가 하는 것은 말을 ‘ 거느림 ’이지요. 거느릴 어 제 어 ( 制 御: 대상을 통제하여 마음대로 다스림 )
徒,무리 도,彳走,彳(조금 걸을(걸을) 척) 走(달릴 주),ok,무리 도(徒),http://tonghanja.com/%eb%ac%b4%eb%a6%ac-%eb%8f%84%e5%be%92/,"徒 .4급 彳: 조금 걸을(걸을) 척 走: 달릴 주 걷고(彳) 달리기(走)를 함께 하는 이들은? 걷고 달리기 를 함께 하는 이들은 한 ‘ 무리 ’이지요. 무리 도 도 당 (徒 黨 : 무리) , 신도(信徒), 폭도(暴徒)"
走,달릴 주,土,土(모) 양(발 지),ok,달릴 주(走),http://tonghanja.com/%eb%8b%ac%eb%a6%b4-%ec%a3%bc%e8%b5%b0/,"走 .4급Ⅱ 土: 모양 : 발 지 팔다리 벌린 사람(土)이 발( )로 하는 것은? 팔다리 벌린 사람 이 발 로 하는 것은 ‘ 달림 ’이지요. 달릴 주 주 행 (走 行 : 달려 감 ) , 질주(疾走), 폭주(暴走)"
迎,맞을 영,卬辵,卬(높을 앙) 辶(갈 착),ok,맞을 영(迎),http://tonghanja.com/%eb%a7%9e%ec%9d%84-%ec%98%81%e8%bf%8e/,"迎 .4급 卬: 높을 앙 辶: 갈 착 높은(卬) 이가 가면(辶) 하는 것은? 높은 이가 가면 하는 것은 낮은 이가 높은 이를 ‘ 맞음 ’이지요. 맞을 영 환 영 ( 歡 迎: 기쁘게 맞음) , 영접(迎接), 영합(迎合)"
抑,누를 억,卬手,扌(손 수) 卬(높을 앙),ok,누를 억(抑),http://tonghanja.com/%eb%88%84%eb%a5%bc-%ec%96%b5%e6%8a%91/,"抑 .3급Ⅱ 扌: 손 수 卬: 높을 앙 손(扌)으로 높은(卬) 이가 하는 것은? 손 으로 높은 이가 하는 것은 낮은 이를 못 기어오르게 ‘ 누름 ’이지요. 누를 억 억 압 (抑 壓 : 억 누름) , 억제(抑制), 억류(抑留)"
仰,우러를 앙,人卬,亻(사람 인) 卬(높을 앙),ok,우러를 앙(仰),http://tonghanja.com/%ec%9a%b0%eb%9f%ac%eb%a5%bc-%ec%95%99%e4%bb%b0/,"仰 .3급Ⅱ 亻: 사람 인 卬: 높을 앙 사람(亻)이 높은(卬) 이에게 하는 것은? 사람 이 높은 이에게 하는 것은 ‘ 우러름 ’이지요. 우러를 앙 숭 앙 ( 崇 仰: 높여 우러러 봄 ) , 추앙(推仰), 신앙(信仰)"
卬,높을 앙,卩,급(모양) 卩(병부(무릎 굽힐) 절),ok,높을 앙(卬),http://tonghanja.com/%eb%86%92%ec%9d%84-%ec%95%99%e5%8d%ac/,卬 .특급 : 모양 卩: 병부(무릎 굽힐) 절 사람( )인데 다른 이가 무릎 굽히는(卩) 이는? 사람 인데 다른 이가 무릎 을 굽히는 이는 지위나 계급이 ‘ 높음 ’이지요. 높을 앙
卩,병부 절,,,none,병부 절(卩),http://tonghanja.com/%eb%b3%91%eb%b6%80-%ec%a0%88%e5%8d%a9/,"卩 .무급 네모난 나무패(卩)는? ‘ 卩 ’은 윗다리( ) 와 엉덩이( ) 쪽으로 아랫다리( ) 를 굽히는 것인 ‘ 무릎 굽힘 ’을 나타낸 글자였으나, 후에 자형이 병부(兵符: 병사를 동원할 때 쓰던 납작한 패)와 같다 하여 ‘ 병부 ’를 뜻하게 되었답니다. 병부 절 * ‘卩’은 다른 글자에서 ‘무릎 굽힘’을 뜻하기도 합니다."
班,나눌 반,刀王,王(구슬(옥) 옥) 刂(칼 도) 王(구슬(옥) 옥),ok,나눌 반(班),http://tonghanja.com/%eb%82%98%eb%88%8c-%eb%b0%98%e7%8f%ad/,"班 .6급Ⅱ 王: 구슬(옥) 옥 刂: 칼 도 王: 구슬(옥) 옥 옥(王)과 옥(王) 사이에 칼(刂)을 넣는 것은? 옥 과 옥 사이에 칼 을 넣는 것은 옥을 칼로 ‘ 나눔 ’이지요. 나눌 반 반(班), 반장(班長), 양반(兩班)"
碧,푸를 벽,王白石,王(구슬(옥) 옥) 白(흰 백) 石(돌 석),ok,푸를 벽(碧),http://tonghanja.com/%ed%91%b8%eb%a5%bc-%eb%b2%bd%e7%a2%a7/,"碧 .3급Ⅱ 王: 구슬(옥) 옥 白: 흰 백 石: 돌 석 옥(王)돌(石)의 흰(白)색에 섞이는 것은? 옥돌 의 흰 색에 섞이는 것은 ‘ 푸름 ’이지요. 푸를 벽 벽 색 (碧 色 : 푸른 색 ) , 벽해(碧海), 벽안(碧眼) * 옥돌은 원래 흰색이지만 크롬(Cr)이 섞이면 푸른색을 띤답니다."
全,온전할 전,入王,入(들 입) 王(구슬(옥) 옥),ok,온전할 전(全),http://tonghanja.com/%ec%98%a8%ec%a0%84%ed%95%a0-%ec%a0%84%e5%85%a8/,"全 .7급Ⅱ 入: 들 입 王: 구슬(옥) 옥 들이는(入) 옥(王)의 상태는? 집 안에 들이는 옥 의 상태는 깨지거나 부서지지 않고 ‘ 온전함 ’이지요. 온전할 전 온 전 ( 穩 全: 본바탕 그대로 고스란함 ) , 완전(完全), 전체( 全 體)"
玉,구슬 옥,,,none,구슬 옥(玉),http://tonghanja.com/%ea%b5%ac%ec%8a%ac-%ec%98%a5%e7%8e%89-2/,"玉 .4급Ⅱ 구슬꿰미(王)의 구슬( )은? 구슬꿰미 의 구슬 은 ‘ 구슬 ’이지요. 구슬 옥 옥 (玉: 구슬 / 동양에서 귀히 여기는 백옥(白玉)·경옥(硬玉)·연옥(軟玉) 따위의 총칭 ) * ‘玉’ 자는 원래 ‘王’ 자와 모양이 같았으나, 후에 두 글자를 구별하려고 오른쪽에 점 하나를 더 찍은 것이랍니다. * 王: 玉의 이형."
皇,임금 황,王白,白(흰 백) 王(임금 왕),ok,임금 황(皇),http://tonghanja.com/%ec%9e%84%ea%b8%88-%ed%99%a9%e7%9a%87/,"皇 .3급Ⅱ 白: 흰 백 王: 임금 왕 흰(白) 관을 쓴 왕(王)은? 흰 관, 즉 희게 빛나는 관을 쓴 왕 은 ‘ 임금 ’이지요. 임금 황 황 제 (皇 帝 : 임금) , 황후(皇后), 황태자(皇太子)"
狂,미칠 광,犬王,犭(개 견) 王(임금 왕),ok,미칠 광(狂),http://tonghanja.com/%eb%af%b8%ec%b9%a0-%ea%b4%91%e7%8b%82/,"狂 .3급Ⅱ 犭: 개 견 王: 임금 왕 개(犭)가 왕(王)처럼 된 것은? 개 가 왕 처럼 무섭게 된 것은 ‘ 미침 ’이지요. 미칠 광 발 광 ( 發 狂: 미친 증세가 일어남 ) , 광란(狂亂), 광견(狂犬)"
王,임금 왕,,,none,임금 왕(王),http://tonghanja.com/%ec%9e%84%ea%b8%88-%ec%99%95%e7%8e%8b/,"王 .8급 하늘(￣)과 사람(ㅡ)과 땅(__)의 이치를 꿰뚫은(ㅣ) 이는? 하늘 과 사람 과 땅 의 이치를 꿰뚫은 이는 ‘ 임금 ’이지요. 임금 왕 왕 (王: 임금) , 국왕(國王), 제왕(帝王)"
藥,약 약,樂艸,艹(풀 초) 樂(노래 악/ 즐길 락/ 좋아할 요),ok,약 약(藥),http://tonghanja.com/%ec%95%bd-%ec%95%bd%e8%97%a5/,"藥 .6급Ⅱ 艹: 풀 초 樂: 노래 악/ 즐길 락/ 좋아할 요 풀(艹)인데 즐겁게(樂) 해주는 것은? 풀 인데 아픈 곳을 낫게 하여 기분을 즐겁게 해주는 것은 ‘ 약 ’이지요. 약 약 약 (藥: 병이나 상처를 고치는 데 쓰는 물품 ) , 약초(藥草), 약재(藥材)"
樂,노래 악,幺木白,幺(작을(실) 요) 白(모양) 幺(작을(실) 요) 木(나무 목),ok,노래 악(樂),http://tonghanja.com/%eb%85%b8%eb%9e%98-%ec%95%85%e6%a8%82/,"樂 .6급Ⅱ 幺: 작을(실) 요 白: 모양 幺: 작을(실) 요 木: 나무 목 실들(幺幺)을 안족(白)에 건 나무(木)로 연주하는 것은? 실들 을 안족 에 건 나무 인 악기로 연주하는 것은 ‘ 노래 ’이지요. 노래 악 음 악 ( 音 樂: 소리에 의한 예술 ) , 향락(享樂), 요산요수(樂山樂水) * ‘樂’은 노래(樂)를 연주하는 것은 즐기는 것이라 하여, ‘즐길 락’이라고도 합니다. * ‘樂’은 노래(樂)를 연주하면 사람들이 좋아한다는 데서, ‘좋아할 요’라고도 합니다."
迫,닥칠 박,白辵,白(흰(박을) 백) 辶(갈 착),ok,닥칠 박(迫),http://tonghanja.com/%eb%8b%a5%ec%b9%a0-%eb%b0%95%e8%bf%ab/,"迫 .3급Ⅱ 白: 흰(박을) 백 辶: 갈 착 박듯이(白) 가는(辶) 것은? 박듯이 어떤 대상 쪽으로 가는 것은 ‘ 닥침 ’이지요. 닥칠 박 핍 박 ( 逼 迫: 닥침 / 바짝 죄어서 괴롭게 굶 *逼·1급·닥칠 핍 ) , 압박(壓迫), 절박(切迫) * ‘迫’의 ‘닥치다’는 ‘들이닥치다’ ‘밀어닥치다’ 할 때의 ‘닥치다’입니다."
泊,배 댈 박,水白,氵(물 수) 白(흰(박을) 백),ok,배 댈 박(泊),http://tonghanja.com/%eb%b0%b0-%eb%8c%88-%eb%b0%95%e6%b3%8a/,"泊 .3급 氵: 물 수 白: 흰(박을) 백 물(氵)에서 배를 박는(白) 것은? 물 에서 어떤 곳에 배를 박는 것은 ‘ 배 댐 ’이지요. 배 댈 박 정 박 ( 碇 泊: 닻을 내려 배 를 댐 *碇·1급·닻 정 ) , 숙박(宿泊), 외박(外泊)"
拍,칠 박,手白,扌(손 수) 白(흰(박을) 백),ok,칠 박(拍),http://tonghanja.com/%ec%b9%a0-%eb%b0%95%e6%8b%8d/,"拍 .4급 扌: 손 수 白: 흰(박을) 백 손(扌)을 박는(白) 것은? 손 을 박는 것은 손으로 무엇을 ‘ 침 ’이지요. 칠 박 박수(拍手), 박자(拍子), 박장대소(拍掌大笑)"
伯,맏 백,人白,亻(사람 인) 白(흰(아뢸) 백),ok,맏 백(伯),http://tonghanja.com/%eb%a7%8f-%eb%b0%b1%e4%bc%af/,"伯 .3급Ⅱ 亻: 사람 인 白: 흰(아뢸) 백 사람(亻)인데 아뢰는(白) 이는? 사람 인데 무슨 일이 있을 때 대표로 아뢰는 이는 ‘ 맏 ’이지요. 맏 백 백 형 (伯 兄 : 맏 형 ) , 백부(伯父)"
白,흰 백,,,none,흰 백(白),http://tonghanja.com/%ed%9d%b0-%eb%b0%b1%e7%99%bd/,"白 .8급 이(白)는? 이 는 색이 ‘ 흼 ’이지요. 흰 백 백 색 (白 色 : 흰 색 ) , 순백(純白), 결백(潔白) * ‘白’은 이는 잇몸에 박혀 있다는 데서, ‘박다’ ‘박히다’는 뜻으로도 쓰입니다. * ‘白’은 이를 사용하여 어떤 내용을 아뢴다는 데서 ‘아뢰다’는 뜻으로도 쓰입니다."
窓,창 창,厶心穴,穴(굴(구멍) 혈) 厶(囱의 이형) 心(마음 심),ok,창 창(窓),http://tonghanja.com/%ec%b0%bd-%ec%b0%bd%e7%aa%93/,"窓 .6급Ⅱ 穴: 굴(구멍) 혈 厶: 囱의 이형 心: 마음 심 구멍(穴)인데 격자창(厶)이며 마음(心)을 위한 것은? 집에 내는 구멍 인데 격자 무늬의 창 이며 건강한 마음 을 위한 것은 ‘ 창 ’이지요. 창 창 창 (窓: 햇빛과 공기를 들이거나 밖을 내다보려고 벽에 내는 작은 문 ) , 창문(窓門), 창구(窓口)"
空,빌 공,工穴,穴(굴 혈) 工(장인(만들) 공),ok,빌 공(空),http://tonghanja.com/%eb%b9%8c-%ea%b3%b5%e7%a9%ba/,"空 .7급Ⅱ 穴: 굴 혈 工: 장인(만들) 공 굴(穴)을 만들면(工)? 굴 을 파서 만들면 그 속이 ‘ 빔 ’이지요. 빌 공 공 허 (空 虛 : 아무것도 없이 텅 빔) , 공간(空間), 공중(空中)"
突,갑자기 돌,犬穴,穴(굴(구멍) 혈) 犬(개 견),ok,갑자기 돌(突),http://tonghanja.com/%ea%b0%91%ec%9e%90%ea%b8%b0-%eb%8f%8c%e7%aa%81/,"突 .3급Ⅱ 穴: 굴(구멍) 혈 犬: 개 견 구멍(穴)에서 개(犬)가 나오는 것은? 구멍 에서 개 가 튀어나오는 것은 ‘ 갑자기 ’이지요. 갑자기 돌 돌 연 (突 然 : 갑자기 그러함 ) , 돌발(突發), 돌출(突出)"
究,연구할 구,九穴,穴(굴 혈) 九(아홉(길) 구),ok,연구할 구(究),http://tonghanja.com/%ec%97%b0%ea%b5%ac%ed%95%a0-%ea%b5%ac%e7%a9%b6/,"究 .4급Ⅱ 穴: 굴 혈 九: 아홉(길) 구 굴(穴)을 길게(九) 들어가는 것은? 굴 속을 ‘ 길게 ’ 즉 ‘깊게’ 들어가는 것은 ‘ 연구함 ’이지요. 연구할 구 연 구 ( 硏 究: 깊게 조사하여 밝힘 ) , 궁구(窮究), 탐구(探究)"
穴,굴 혈,八宀,宀(집 면) 八(모양),ok,굴 혈(穴),http://tonghanja.com/%ea%b5%b4-%ed%98%88%e7%a9%b4/,"穴 .3급Ⅱ 宀: 집 면 八: 모양 집(宀)인데 입구(八)가 있는 것은? 집 인데 아치형 입구 가 있는 것은 ‘ 굴 ’이지요. 굴 혈 혈 거 (穴 居 : 굴 에서 삶 또는 그 주거 ) * 굴은 자연 굴이든 인공굴이든 대부분 아치형인데, 이 구조는 하중을 고르게 분산시켜 굴을 무너지지 않게 한답니다. * ‘穴’은 ‘구멍 혈’이라고도 합니다."
納,들일 납,內糸,糸(실 사) 內(안 내),ok,들일 납(納),http://tonghanja.com/%eb%93%a4%ec%9d%bc-%eb%82%a9%e7%b4%8d/,"納 .4급 糸: 실 사 內: 안 내 실(糸)을 안(內)으로 가져가는 것은? 실 을 관청 등의 건물 안 으로 가져가는 것은 세금 등을 ‘ 들임 ’이지요. 들일 납 납 세 (納 稅 : 세금을 들임 ) , 납품(納品), 납부(納付) * 들이다: 안으로 들게 하다."
內,안 내,入冂,冂(모양) 入(들 입),ok,안 내(內),http://tonghanja.com/%ec%95%88-%eb%82%b4%e5%85%a7/,"內 .7급Ⅱ 冂: 모양 入: 들 입 건물 (冂)에 들어가면 (入) 있는 곳은? 건물 에 들어가면 있는 곳은 건물의 ‘ 안 ’이지요. 안 내 내 부 (內 部 : 안 쪽 부분 ) , 내면(內面), 실내(室內)"
入,들 입,,,none,들 입(入),http://tonghanja.com/%eb%93%a4-%ec%9e%85%e5%85%a5/,"入 .7급 입구(入)에서 하는 것은? 굴집 등의 입구 에서 하는 것은 ‘ 듦 ’이지요. 들 입 입 장 (入 場 : 장소에 듦) , 진입(進入), 출입(出入)"
素,본디 소,糸,糸(실 사),ok,본디 소(素),http://tonghanja.com/%eb%b3%b8%eb%94%94-%ec%86%8c%e7%b4%a0/,"素 .4급Ⅱ : 모양 糸: 실 사 여러(三) 실들을 하나(ㅣ)로 합친 실(糸)은? 여러 누에고치에서 풀어낸 실들을 하나 로 합쳐 만든 명주 실 은 ‘ 본디 ’의 재료이지요. 본디 소 소 재 (素 材 : 본디 의 재료 ) , 요소(要素), 원소(元素) * 본디: 어떤 일이나 사물의 처음. * ‘素’는 누에고치에서 풀어낸 명주실의 색을 뜻하여 ‘흴 소’라고도 합니다."
絲,실 사,糸,糸(실 사) 糸(실 사),ok,실 사(絲),http://tonghanja.com/%ec%8b%a4-%ec%82%ac%e7%b5%b2/,"絲 .4급 糸: 실 사 糸: 실 사 실(糸)과 실(糸)을 모아놓은 것은? 실 과 실 을 한데 모아놓은 것은 ‘ 실 ’이지요. 실 사 원 사 ( 原 絲: 원료가 되는 실) , 견사(絹絲), 면사(綿絲)"
糸,실 사,,,none,실 사(糸),http://tonghanja.com/%ec%8b%a4-%ec%82%ac%e7%b3%b8/,糸 .특급 꼬인 부분(幺)과 풀린 부분( )으로 된 것은? 꼬인 부분 과 풀린 부분 으로 된 것은 ‘ 실 ’이지요. 실 사 * ‘糸’는 다른 글자에서 ‘줄’을 뜻하기도 합니다.
後,뒤 후,夂幺彳,彳(걸을(거리) 척) 幺(작을(줄) 요) 夂(뒤져 올(발) 치),ok,뒤 후(後),http://tonghanja.com/%eb%92%a4-%ed%9b%84%e5%be%8c/,"後 .7급Ⅱ 彳: 걸을(거리) 척 幺: 작을(줄) 요 夂: 뒤져 올(발) 치 거리(彳)에서 줄(幺)에 묶인 발(夂)이 뒤져 오는 곳은? 거리 에서 줄 에 묶인 전쟁 포로의 발 이 뒤져 오는 곳은 호위병의 ‘ 뒤 ’이지요. 뒤 후 후 방 (後 方 : 뒤 쪽 ) , 후면(後面), 배후(背後)"
夂,천천히 걸을 쇠,,,none,천천히 걸을 쇠(夂),http://tonghanja.com/%ec%b2%9c%ec%b2%9c%ed%9e%88-%ea%b1%b8%ec%9d%84-%ec%87%a0%e5%a4%82/,"夊 .무급 거꾸로 놓인 발(夊)은? 거꾸로 놓인 발 은 남보다 ‘ 천천히 걸음 ’을 뜻하지요. 천천히 걸을 쇠 * ‘夂’와 ‘夊’는 다른 글자 안에서 주로 ‘발’을 뜻하는 부수로 쓰이며, 서로 구분 없이 쓰이기도 합니다."
幽,그윽할 유,山幺,山(뫼 산) 幺(작을 요) 幺(작을 요),ok,그윽할 유(幽),http://tonghanja.com/%ea%b7%b8%ec%9c%bd%ed%95%a0-%ec%9c%a0%e5%b9%bd/,"幽 .3급Ⅱ 山: 뫼 산 幺: 작을 요 幺: 작을 요 산(山) 너머로 작디(幺)작게(幺) 보이는 풍경은? 산 골짜기 너머로 작디작게 보이는 풍경은 ‘ 그윽함 ’이지요. 그윽할 유 유 곡 (幽 谷 : 그윽한 산골짜기 ) , 유령(幽靈) * 그윽하다: 깊숙하여 은밀하다."
幼,어릴 유,力幺,幺(작을 요) 力(힘 력),ok,어릴 유(幼),http://tonghanja.com/%ec%96%b4%eb%a6%b4-%ec%9c%a0%e5%b9%bc/,"幼 .3급Ⅱ 幺: 작을 요 力: 힘 력 작은(幺) 힘(力)을 지닌 이는? 작은 힘 을 지닌 이는 ‘ 어림 ’이지요. 어릴 유 유 아 (幼 兒 : 어린 아이 ) , 유년(幼年), 유치원(幼稚園) * ‘幼’는 ‘어린아이’를 뜻하기도 합니다."
幺,작을 요,,,none,작을 요(幺),http://tonghanja.com/%ec%9e%91%ec%9d%84-%ec%9a%94%e5%b9%ba/,幺 .무급 실(幺)은? 실 한 가닥은 ‘ 작음 ’이지요. 작을 요 * ‘幺’는 다른 글자에서 ‘실’이나 ‘줄’을 뜻하기도 합니다.
雪,눈 설,雨,雨(비) 우(또(손) 우),ok,눈 설(雪),http://tonghanja.com/%eb%88%88-%ec%84%a4%e9%9b%aa/,"雪 .6급Ⅱ 雨: 비 우 : 또(손) 우 비(雨)인데 손( )으로 쓸어내는 것은? 비 의 일종인데 손 으로 빗자루를 들고 쓸어내는 것은 ‘ 눈 ’이지요. 눈 설 백 설 ( 白 雪: 흰 눈) , 강설(降雪), 폭설(暴雪)"
漏,샐 루,尸水雨,氵(물 수) 尸(주검(집) 시) 雨(비 우),ok,샐 루(漏),http://tonghanja.com/%ec%83%90-%eb%a3%a8%e6%bc%8f/,"漏 .3급Ⅱ 氵: 물 수 尸: 주검(집) 시 雨: 비 우 물(氵)이 스며들어 집(尸)에 비(雨)가 들어오는 것은? 물 이 스며들어 집 에 비 가 들어오는 것은 물이 ‘ 샘 ’이지요. 샐 루 누 수 (漏 水 : 물이 샘) , 누출(漏出), 누락(漏落)"
雨,비 우,冂氺,冂(모양) 氺(물 수),ok,비 우(雨),http://tonghanja.com/%eb%b9%84-%ec%9a%b0%e9%9b%a8/,"雨 .5급Ⅱ ￣: 모양 冂: 모양 氺: 물 수 하늘(￣)의 구름(冂)에서 떨어지는 물(氺)은? 하늘 의 구름 에서 떨어지는 물 방울은 ‘ 비 ’이지요. 비 우 강 우 ( 降 雨: 내린 비 또는 비가 내림 ) , 폭우(暴雨), 호우(豪雨)"
天,하늘 천,大,大(큰(사람) 대),ok,하늘 천(天),http://tonghanja.com/%ed%95%98%eb%8a%98-%ec%b2%9c%e5%a4%a9/,"天 .7급 ￣: 모양 大: 큰(사람) 대 사람(大)의 위(￣)에 있는 것은? 사람 의 위 에 펼쳐져 있는 것은 ‘ 하늘 ’이지요. 하늘 천 천 체 (天 體 : 하늘 에 존재하는 모든 물체의 총칭 ) , 천공(天空), 천국(天國)"
太,클 태,丶大,大(큰 대) 丶(모양),ok,클 태(太),http://tonghanja.com/%ed%81%b4-%ed%83%9c%e5%a4%aa/,"太 .6급 大: 큰 대 丶: 모양 대(大) 자에 점(丶)을 찍은 것은? 큰 대 자에 점 을 찍어 강조한 것은 가장 ‘ 큼 ’이지요. 클 태 태초(太初), 태양(太陽), 태조(太祖)"
大,큰 대,,,none,큰 대(大),http://tonghanja.com/%ed%81%b0-%eb%8c%80%e5%a4%a7/,"大 .8급 팔 다리 벌린 사람(大)은? 팔 과 다리 를 벌린 사람 은 모양이 ‘ 큼 ’이지요. 큰 대 대 인 (大 人 : 큰 사람 ) , 거대(巨大), 막대(莫大) * ‘大’는 다른 글자에서 ‘사람’을 뜻하기도 합니다."
陣,진칠 진,車阝,阝(언덕 부) 車(수레 차),ok,진칠 진(陣),http://tonghanja.com/%ec%a7%84%ec%b9%a0-%ec%a7%84%e9%99%a3/,"陣 .4급 阝: 언덕 부 車: 수레 차 언덕(阝)에 수레(車)를 배치하는 것은? 넓은 시야를 확보할 수 있어서 공격과 수비에 유리한 언덕 에 군사용 수레 를 배치하는 것은 ‘ 진침 ’이지요. 진칠 진 진 침 (陣 침 : 전투할 목적으로 자리를 잡음 ) , 진지(陣地), 방어진(防禦陣)"
蓮,연꽃 련,艸連,艹(풀 초) 連(잇닿을 련),ok,연꽃 련(蓮),http://tonghanja.com/%ec%97%b0%ea%bd%83-%eb%a0%a8%e8%93%ae/,"蓮 .3급Ⅱ 艹: 풀 초 連: 잇닿을 련 풀(艹)인데 잇닿아(連) 있는 것은? 풀 인데 뿌리줄기가 서로 잇닿아 있는 것은 ‘ 연꽃 ’이지요. 연꽃 련 연 꽃 (蓮 꽃 : 수련과의 여러해살이 수초 ) , 수련(睡蓮), 연근(蓮根)"
連,잇닿을 련,車辵,車(수레 차) 辶(갈 착),ok,잇닿을 련(連),http://tonghanja.com/%ec%9e%87%eb%8b%bf%ec%9d%84-%eb%a0%a8%e9%80%a3/,"連 .4급Ⅱ 車: 수레 차 辶: 갈 착 수레(車)가 가는(辶) 것은? 수레 가 길을 따라 가는 것은 끊김 없이 죽 ‘ 잇닿음 ’이지요. 잇닿을 련 연 속 (連 續 : 잇닿아 죽 이어짐 ) , 연결(連結), 연계(連繫) * 잇닿다: 서로 이어져 맞닿다."
車,수레 차,,,none,수레 차(車),http://tonghanja.com/%ec%88%98%eb%a0%88-%ec%b0%a8%ef%a4%82/,"車 .7급Ⅱ 바퀴( )와 몸체( )와 축(ㅣ)은? 두 바퀴 와 사람이나 짐을 싣는 몸체 , 그리고 바퀴를 잇는 축 으로 된 것은 ‘ 수레 ’이지요. 수레 차 차 (車: 수레) , 마차(馬車), 인력거(人力車) * ‘車’는 ‘수레 거’라고도 합니다."
恥,부끄러울 치,心耳,耳(귀 이) 心(마음 심),ok,부끄러울 치(恥),http://tonghanja.com/%eb%b6%80%eb%81%84%eb%9f%ac%ec%9a%b8-%ec%b9%98%e6%81%a5/,"恥 .3급Ⅱ 耳: 귀 이 心: 마음 심 귀(耳)가 붉어지는 마음(心)은? 귀 가 붉어지는 마음 은 ‘ 부끄러움 ’이지요. 부끄러울 치 수 치 ( 羞 恥: 부끄러움 *羞·1급·부끄러울 수 ) , 염치(廉恥), 치욕(恥辱)"
耳,귀 이,,,none,귀 이(耳),http://tonghanja.com/%ea%b7%80-%ec%9d%b4%e8%80%b3/,"耳 .5급 귀(耳)는? ‘ 耳 ’는 사람의 ‘ 귀 ’를 본뜬 글자입니다. 귀 이 외 이 ( 外 耳: 바깥 귀) , 내이(內耳), 중이(中耳)"
智,지혜 지,曰知,知(알 지) 曰(가로(말할) 왈),ok,지혜 지(智),http://tonghanja.com/%ec%a7%80%ed%98%9c-%ec%a7%80%e6%99%ba/,"智 .4급 知: 알 지 曰: 가로(말할) 왈 아는(知) 것을 말할(曰) 때 활용하는 것은? 아는 것을 말할 때 적절히 활용하는 것은 ‘ 지혜 ’이지요. 지혜 지 지 혜 (智 慧 : 사리를 바르게 판단하고 일을 잘 처리해 내는 능력 ) , 지략(智略), 기지(機智)"
知,알 지,口矢,矢(화살 시) 口(입 구),ok,알 지(知),http://tonghanja.com/%ec%95%8c-%ec%a7%80%e7%9f%a5/,"知 .5급Ⅱ 矢: 화살 시 口: 입 구 화살(矢)처럼 입(口)으로 맞히는 것은? 화살 이 목표를 맞히듯, 입 으로 정답을 맞히는 것은 ‘ 앎 ’이지요. 알 지 지 식 (知 識 : 아는 것/ 어떤 대상에 대하여 알게 된 명확한 이해나 인식 ) , 지능(知能), 인지(認知)"
疾,병 질,疒矢,疒(병들어 기댈(병) 녁) 矢(화살 시),ok,병 질(疾),http://tonghanja.com/%eb%b3%91-%ec%a7%88%e7%96%be/,"疾 .3급Ⅱ 疒: 병들어 기댈(병) 녁 矢: 화살 시 병(疒)인데 화살(矢) 꽂힌 듯 아픈 것은? 병 인데 화살 이 꽂힌 듯 어느 한 부위가 아픈 것은 ‘ 병 (病)’이지요. 병 질 질 병 (疾 病 : 몸의 온갖 병) , 질환(疾患), 괴질(怪疾)"
矢,화살 시,,,none,화살 시(矢),http://tonghanja.com/%ed%99%94%ec%82%b4-%ec%8b%9c%e7%9f%a2/,矢 .3급 촉( )과 대( )와 깃( )과 오늬( )는? 촉 과 대 와 깃 과 오늬 로 된 것은 ‘ 화살 ’이지요. 화살 시 * 오늬: 화살의 맨 뒷부분을 활시위에 끼도록 두 갈래로 홈을 판 부분.
局,판 국,,,image,판 국(局),http://tonghanja.com/%ed%8c%90-%ea%b5%ad%e5%b1%80/,"局 .5급Ⅱ : 尺(자 척)의 이형 ㅁ: 모양 자( )로 재서 네모(ㅁ) 모양으로 만든 것은? 자 로 재서 반듯한 네모 모양으로 만든 것은 ‘ 판 ’이지요. 판 국 판 국 ( 판 局: 판 또는 그 국면 ) , 국면(局面), 형국(形局) * 판: 바둑판이나 씨름판 등의 어떤 일이 벌어지는 자리."
尺,자 척,尸,尸(주검(몸)) 시(모양),ok,자 척(尺),http://tonghanja.com/%ec%9e%90-%ec%b2%99%e5%b0%ba/,"尺 .3급Ⅱ 尸: 주검(몸) 시 : 모양 몸(尸)의 무릎길이( )는? 몸 의 무릎길이 는 한 ‘ 자 ’이지요. 자 척 1 척 ( 一 尺: 한 자 / 약 30cm ) , 척도(尺度) * 무릎길이: 무릎마디에서부터 발뒤꿈치까지의 길이. * ‘尺’은 길이측정기구인 ‘자’를 뜻하기도 합니다."
屈,굽힐 굴,出尸,尸(주검(몸) 시) 出(날 출),ok,굽힐 굴(屈),http://tonghanja.com/%ea%b5%bd%ed%9e%90-%ea%b5%b4%e5%b1%88/,"屈 .4급 尸: 주검(몸) 시 出: 날 출 몸(尸)이 나갈(出) 때 하는 것은? 몸 이 좁은 문을 나갈 때 하는 것은 ‘ 굽힘 ’이지요. 굽힐 굴 굴 절 (屈 折 : 굽히거나 꺾임 ) , 굴곡(屈曲), 굴복(屈服)"
尸,주검 시,,,none,주검 시(尸),http://tonghanja.com/%ec%a3%bc%ea%b2%80-%ec%8b%9c%e5%b0%b8/,尸 .특급Ⅱ 머리( )와 몸통( )과 다리( )는? 머리 와 몸통 과 다리 로 된 것은 다시 태어나기를 바라며 태아의 자세로 매장한 ‘ 주검 ‘이지요. 주검 시 * ‘尸’는 사람의 ‘몸’을 뜻하기도 합니다. * ‘尸’는 지붕( )과 한쪽 벽( )으로 된 ‘집’을 뜻하기도 합니다.
盤,소반 반,皿般,般(일반 반) 皿(그릇 명),ok,소반 반(盤),http://tonghanja.com/%ec%86%8c%eb%b0%98-%eb%b0%98%e7%9b%a4/,"盤 .3급Ⅱ 般: 일반 반 皿: 그릇 명 일반(般) 배처럼 무엇을 나르는 데 쓰는 그릇(皿)은? ‘ 盤 ’은 일반 배처럼 무엇을 나르는 데 쓰는 그릇 인 ‘ 쟁반 ’ 을 나타낸 글자였으나, 후에 ‘ 소반 ’을 뜻하게 되었답니다. 소반 반 소 반 ( 小 盤: 자그마한 밥상 ) , 쟁반(錚盤), 음반(音盤) * ‘盤’은 ‘쟁반 반’이라고도 합니다."
般,일반 반,殳舟,舟(배 주) 殳(몽둥이/창 수),ok,일반 반(般),http://tonghanja.com/%ec%9d%bc%eb%b0%98-%eb%b0%98%e8%88%ac/,"般 .3급Ⅱ 舟: 배 주 殳: 몽둥이/창 수 배(舟)인데 창(殳) 같은 장대로 움직이는 것은? 배 인데 창 같은 장대로 움직이는 것은 ‘ 일반 ’ 배이지요. 일반 반 일 반 ( 一 般: 특별하지 아니하고 평범한 것 ) , 전반(全般), 제반(諸般)"
舟,배 주,,,none,배 주(舟),http://tonghanja.com/%eb%b0%b0-%ec%a3%bc%e8%88%9f/,舟 .3급 배( )인데 장대(一)로 움직이는 것은? 배 인데 노나 삿대 따위의 장대 로 움직이는 것은 ‘ 배 ’이지요. 배 주 편 주 ( 片 舟: 조각 배)
段,층계 단,殳,급(⻏(언덕 부)의 이형) 殳(몽둥이/창(칠) 수),ok,층계 단(段),http://tonghanja.com/%ec%b8%b5%ea%b3%84-%eb%8b%a8%e6%ae%b5/,"段 .4급 :⻏(언덕 부)의 이형 殳: 몽둥이/창(칠) 수 언덕(阝)의 측면( )을 쳐(殳)내어 만든 것은? 언덕 의 측면 을 쳐 내어 만든 것은 ‘ 층계 (層階)’이지요. 층계 단 계 단 ( 階 段: 층계) , 단계(段階)"
投,던질 투,手殳,扌(손 수) 殳(몽둥이/창 수),ok,던질 투(投),http://tonghanja.com/%eb%8d%98%ec%a7%88-%ed%88%ac%e6%8a%95/,"投 .4급 扌: 손 수 殳: 몽둥이/창 수 손(扌)으로 창(殳)을 날리는 것은? 손 으로 창 을 날리는 것은 창을 ‘ 던짐 ’이지요. 던질 투 투 창 (投 槍 : 창을 던짐 *槍·1급·창 창 ) , 투척(投擲), 투수(投手)"
疫,전염병 역,殳疒,疒(병들어 기댈(병) 녁) 殳(몽둥이/창 수),ok,전염병 역(疫),http://tonghanja.com/%ec%a0%84%ec%97%bc%eb%b3%91-%ec%97%ad%e7%96%ab/,"疫 .3급Ⅱ 疒: 병들어 기댈(병) 녁 殳: 몽둥이/창 수 병(疒)인데 창(殳)을 들고 통제하는 것은? 병 인데 창 을 들고 출입을 통제하여 창궐을 막는 것은 ‘ 전염병 (傳染病)’이지요. 전염병 역 역 병 (疫 病 : 전염병) , 홍역(紅疫), 구제역(口蹄疫)"
役,부릴 역,彳殳,彳(조금 걸을(걸을) 척) 殳(몽둥이/창 수),ok,부릴 역(役),http://tonghanja.com/%eb%b6%80%eb%a6%b4-%ec%97%ad%e5%bd%b9/,"役 .3급Ⅱ 彳: 조금 걸을(걸을) 척 殳: 몽둥이/창 수 걷게(彳) 하려고 몽둥이(殳)로 치는 것은? 걷게 하려고 일꾼 등을 몽둥이 로 치는 것은 ‘ 부림 ’이지요. 출처: 《센나케리브 궁전 부조》, 신아시리아 제국 유물 (AI로 재구성) 부릴 역 노 역 ( 勞 役: 고된 일을 하도록 부림 을 당함 ) , 병역(兵役), 배역(配役) * 부리다: 남을 시켜 일을 하게 하다."
設,베풀 설,殳言,言(말씀(말) 언) 殳(몽둥이/창 수),ok,베풀 설(設),http://tonghanja.com/%eb%b2%a0%ed%92%80-%ec%84%a4%e8%a8%ad/,"設 .4급Ⅱ 言: 말씀(말) 언 殳: 몽둥이/창 수 말(言)로 계획하고 몽둥이(殳)로 치는 것은? 말 로 계획하고 몽둥이 로 자재를 치는 것은 ‘ 베풂 ’이지요. 베풀 설 설 치 (設 置 : 기계나 설비 등을 베풀어 둠 ) , 설립(設立), 건설(建設) * 베풀다: 일을 차리어 벌이다."
殳,몽둥이 수/ 창 수,几又,几(모양) 又(또(손) 우),ok,몽둥이 수/ 창 수(殳),http://tonghanja.com/%eb%aa%bd%eb%91%a5%ec%9d%b4-%ec%88%98-%ec%b0%bd-%ec%88%98%e6%ae%b3/,殳 .특급 几: 모양 又: 또(손) 우 봉(几)인데 손(又)으로 드는 것은? 봉 인데 손 으로 드는 것은 ‘ 몽둥이 ’ 또는 ‘ 창 ’이지요. 몽둥이/창 수 * ‘殳’는 몽둥이나 창을 손으로 들고 하는 것인 ‘침’을 뜻하기도 합니다.
暗,어두울 암,日音,日(날(해) 일) 音(소리 음),ok,어두울 암(暗),http://tonghanja.com/%ec%96%b4%eb%91%90%ec%9a%b8-%ec%95%94%e6%9a%97/,"暗 .4급Ⅱ 日: 날(해) 일 音: 소리 음 해(日)가 져서 소리(音)만 들리는 것은? 해 가 져서 소리 만 들리는 것은 ‘ 어두움 ’이지요. 어두울 암 암 흑 (暗 黑 : 어둡고 캄캄함 ) , 암중(暗中), 암호(暗號)"
音,소리 음,曰立,立(설 립) 曰(가로(말할) 왈),ok,소리 음(音),http://tonghanja.com/%ec%86%8c%eb%a6%ac-%ec%9d%8c%e9%9f%b3/,"音 .6급Ⅱ 立: 설 립 曰: 가로(말할) 왈 서(立) 있는 사람이 말할(曰) 때 나는 것은? 서 있는 사람이 말할 때 나는 것은 ‘ 소리 ’이지요. 소리 음 음 성 (音 聲 : 사람의 말 소리 나 목소리 ) , 음악(音樂), 발음(發音)"
泣,울 읍,水立,氵(물 수) 立(설 립),ok,울 읍(泣),http://tonghanja.com/%ec%9a%b8-%ec%9d%8d%e6%b3%a3/,"泣 .3급 氵: 물 수 立: 설 립 물(氵)이 서는(立) 것은? 눈 물 이 얼굴에서 서는 것은 ‘ 욺 ’이지요. 울 읍 감 읍 ( 感 泣: 감격하여 욺) , 읍소(泣訴)"
位,자리 위,人立,亻(사람 인) 立(설 립),ok,자리 위(位),http://tonghanja.com/%ec%9e%90%eb%a6%ac-%ec%9c%84%e4%bd%8d/,"位 .5급 亻: 사람 인 立: 설 립 사람(亻)이 서(立) 있는 곳은? 사람 이 서 있는 곳은 ‘ 자리 ’이지요. 자리 위 위 치 (位 置 : 일정한 자리 에 둠 또는 그 자리 ) , 지위(地位), 순위(順位)"
立,설 립,,,none,설 립(立),http://tonghanja.com/%ec%84%a4-%eb%a6%bd%e7%ab%8b/,"立 .7급Ⅱ 사람( )이 땅( )에서 하는 것은? 사람 이 땅 위에서 하는 것은 ‘ 섬 ’이지요. 설 립 직 립 ( 直 立: 곧게 섬) , 기립(起立), 독립(獨立)"
管,대롱 관,官竹,竹(대 죽) 官(벼슬 관),ok,대롱 관(管),http://tonghanja.com/%eb%8c%80%eb%a1%b1-%ea%b4%80%e7%ae%a1/,"管 .4급 竹: 대 죽 官: 벼슬 관 대(竹)인데 관(官) 자 같은 것은? 대 나무인데, 벼슬 관 (官)의 집 면(宀)처럼 속이 비어 있고, 언덕 부(阝)처럼 위아래에 구멍이 나 있는 것은 ‘ 대롱 ’이지요. 대롱 관 관 (管: 대롱 / 몸 둘레가 둥글고 속이 비어 양끝이 통하는 물건 ) , 관리(管理), 주관(主管) * ‘管’은 대롱으로 만든 ‘피리’를 뜻하기도 하고, 피리를 불어 무리를 관리하는 데서 ‘주관하다’는 뜻으로도 쓰입니다."
館,집 관,官食,食(밥 식) 官(벼슬(관청) 관),ok,집 관(館),http://tonghanja.com/%ec%a7%91-%ea%b4%80%e9%a4%a8/,"館 .3급Ⅱ 食: 밥 식 官: 벼슬(관청) 관 밥(食)을 제공하는 관청(官)은? ‘ 館 ’은 옛날에 국가에서 운영하던 공적 숙소, 즉 여행객이나 관리에게 밥 과 잠자리를 제공하는 관청 인 ‘ 객관 ’을 나타낸 글자였으나, 후에 의미가 확장되어 ‘ 집 ’을 뜻하게 되었답니다. 집 관 객 관 ( 客 館: 손님을 묵게 하려고 지은 집 ) , 여관(旅館), 공관(公館) * ‘館’은 ‘객사(客舍) 관’이라고도 합니다."
官,벼슬 관,宀,宀(집) 면(⻏(언덕 부)의 이형),ok,벼슬 관(官),http://tonghanja.com/%eb%b2%bc%ec%8a%ac-%ea%b4%80%e5%ae%98/,"官 .4급Ⅱ 宀: 집 면 : ⻏(언덕 부)의 이형 집(宀)인데 언덕( ) 위에 지은 것은? ‘ 官 ’은 집 인데 통치와 방어에 유리하도록 높은 언덕 위에 지은 것인 ‘ 관청 ’을 나타낸 글자였으나, 후에 의미가 확장되어 ‘ 벼슬 ’을 뜻하게 되었답니다. 벼슬 관 관 청 (官 廳 : 벼슬 아치들이 일하는 곳 ) , 관리(官吏), 관직(官職) * ‘官’은 ‘관청’을 뜻하기도 하고, 벼슬하는 이인 ‘벼슬아치’를 뜻하기도 합니다."
阝,언덕 부,,,none,언덕 부(阝),http://tonghanja.com/%ec%96%b8%eb%8d%95-%eb%b6%80%e9%98%9d/,"阝 .무급 계단(阝) 모양으로 된 것은? 계단 모양으로 된 것은 황하의 범람을 피하려고 ‘ 언덕 ’에 조성한 ‘ 고을 ’이지요. 언덕 부 /고을 읍 * ‘阝’가 글자의 왼쪽(阝)에 있으면 ‘언덕 부’이고, 오른쪽(⻏)에 있으면 ‘고을 읍’입니다."
飾,꾸밀 식,巾食,食(밥) 식(사람 인) 巾(수건(천) 건),ok,꾸밀 식(飾),http://tonghanja.com/%ea%be%b8%eb%b0%80-%ec%8b%9d%e9%a3%be/,"飾 .3급Ⅱ 食: 밥 식 : 사람 인 巾: 수건(천) 건 밥 (食)을 사람( )이 천(巾) 위에 차릴 때 하는 것은? 밥 을 사람 이 천 위에 차릴 때 하는 것은 보기 좋게 ‘ 꾸밈 ’이지요. 꾸밀 식 장 식 ( 裝 飾: 꾸밈) , 가식(假飾), 허식(虛飾)"
食,밥 식,,,none,밥 식(食),http://tonghanja.com/%eb%b0%a5-%ec%8b%9d%e9%a3%9f/,"食 .7급Ⅱ 뚜껑( )과 밥( )과 용기( )와 굽( )은? 뚜껑 과 밥 과 용기 와 굽 으로 된 것은 식기( )에 담긴 ‘ 밥 ( )’이지요. 밥 식 음 식 ( 飮 食: 마시고 먹는 것의 총칭), 식품(食品), 식사(食事) * ‘食’은 밥은 먹는 것이라 하여 ‘먹을 식’이라고도 합니다. * , : 食의 이형."
守,지킬 수,宀寸,宀(집 면) 寸(마디(손) 촌),ok,지킬 수(守),http://tonghanja.com/%ec%a7%80%ed%82%ac-%ec%88%98%e5%ae%88/,"守 .4급Ⅱ 宀: 집 면 寸: 마디(손) 촌 집(宀)에서 손(寸)으로 막는 것은? 집 에서 외부인 따위를 못 들어오게 손 으로 막는 것은 집을 ‘ 지킴 ’이지요. 지킬 수 수 비 (守 備 : 외부의 침략이나 공격을 막아 지킴) , 수호(守護), 사수(死守)"
討,칠 토,寸言,言(말씀(말) 언) 寸(마디(손) 촌),ok,칠 토(討),http://tonghanja.com/%ec%b9%a0-%ed%86%a0%e8%a8%8e/,"討 .4급 言: 말씀(말) 언 寸: 마디(손) 촌 말(言)로 따지고 손(寸)으로 하는 것은? 말 로 잘못을 따지고 손 으로 하는 것은 상대를 ‘ 침 ’이지요. 칠 토 토 벌 (討 伐 : 적을 공격하여 침) , 토론(討論), 토의(討議)"
村,마을 촌,寸木,木(나무 목) 寸(마디(손) 촌),ok,마을 촌(村),http://tonghanja.com/%eb%a7%88%ec%9d%84-%ec%b4%8c%e6%9d%91/,"村 .7급 木: 나무 목 寸: 마디(손) 촌 나무(木)를 손(寸)으로 가꾸는 곳은? 나무 를 손 으로 가꾸며 살아가는 곳은 ‘ 마을 ’이지요. 마을 촌 촌 (村: 마을 / 도시에서 떨어진 마을 ) , 농촌(農村), 향촌(鄕村)"
寸,마디 촌,,,none,마디 촌(寸),http://tonghanja.com/%eb%a7%88%eb%94%94-%ec%b4%8c%e5%af%b8/,"寸 .8급 손( )의 선( )은? 손 가락의 짧은 선 은 ‘ 마디 ’이지요. 마디 촌 일 촌 ( 一 寸: 한 마디 / 약 3cm ) , 삼촌(三寸), 촌수(寸數) * ‘寸’은 촌각(寸刻), 촌극(寸劇), 촌철(寸鐵) 등에서 ‘짧다’는 뜻으로도 쓰입니다. * ‘寸’은 다른 글자에서 ‘손’이라는 뜻으로도 쓰입니다."
稀,드물 희,希禾,禾(벼(곡물) 화) 希(바랄 희),ok,드물 희(稀),http://tonghanja.com/%eb%93%9c%eb%ac%bc-%ed%9d%ac%e7%a8%80/,"稀 .3급Ⅱ 禾: 벼(곡물) 화 希: 바랄 희 곡물(禾)을 바라는(希) 것은? 곡물 을 사람들이 바라는 것은 곡물이 ‘ 드묾 ’이지요. 드물 희 희 소 (稀 少 : 드물고 적음 ) , 희귀(稀貴), 희박(稀薄)"
希,바랄 희,布,布(베 포),ok,바랄 희(希),http://tonghanja.com/%eb%b0%94%eb%9e%84-%ed%9d%ac%e5%b8%8c/,"希 .4급Ⅱ X: 모양 布: 베 포 수(X)를 놓은 베(布)는? ‘X’ 자 형태로 수 를 놓은 베 는 누구나 갖기를 ‘ 바람 ’이지요. 바랄 희 희 망 (希 望 : 바람) , 희구(希求)"
布,베 포,巾,巾(수건(천) 건),ok,베 포(布),http://tonghanja.com/%eb%b2%a0-%ed%8f%ac%e5%b8%83/,"布 .4급Ⅱ : 또(손) 우 巾: 수건(천) 건 손( )으로 펴는 천(巾)은? 손 으로 바닥에 펴는 천 은 ‘ 베 ’이지요. 베 포 마 포 ( 麻 布: 삼 베) , 배포(配布), 유포(流布) * ‘布’는 손으로 천을 바닥에 편다 하여, ‘펼 포’라고도 합니다."
巾,수건 건,,,none,수건 건(巾),http://tonghanja.com/%ec%88%98%ea%b1%b4-%ea%b1%b4%e5%b7%be/,巾 .1급 천( )인데 막대(ㅣ)에 걸어놓는 것은? 천 인데 나무 막대 에 걸어놓는 것은 ‘ 수건 ’이지요. 수건 건 * ‘巾’은 다른 글자에서 ‘천’이란 뜻으로 주로 쓰입니다.
金,쇠 금,,,none,쇠 금(金),http://tonghanja.com/%ec%87%a0-%ea%b8%88%e9%87%91/,"金 .8급 칼( ) 만드는 광석( )은? 칼 만드는 광석 은 ‘ 쇠 ’이지요. 쇠 금 금 속 (金 屬 : 쇠 붙이 ) , 금전(金錢), 황금(黃金) * ‘金’은 ‘성씨(姓氏) 김’이라고도 합니다."
光,빛 광,,형(사람 인),image,빛 광(光),http://tonghanja.com/%eb%b9%9b-%ea%b4%91%e5%85%89/,"光 .6급Ⅱ : 火(불 화)의 이형 : 사람 인 불( )을 사람( )이 들어서 비추는 것은? 횃 불 을 사람 이 머리 위로 들어서 비추는 것은 ‘ 빛 ’이지요. 빛 광 광 채 (光 彩 : 찬란한 빛) , 광선(光線), 광명(光明)"
赤,붉을 적,土,土(모) 양(灬(불 화)의 이형),ok,붉을 적(赤),http://tonghanja.com/%eb%b6%89%ec%9d%84-%ec%a0%81%e8%b5%a4/,"赤 .5급 土: 모양 : 灬(불 화)의 이형 사람(土)이 불( )을 쬘 때의 색은? 사람 이 모닥 불 을 쬘 때의 색은 ‘ 붉음 ’이지요. 붉을 적 적 색 (赤 色 : 붉은 색 ) , 적혈구(赤血球), 적신호(赤信號)"
病,병 병,丙疒,疒(병들어 기댈(병) 녁) 丙(남녘(솥) 병),ok,병 병(病),http://tonghanja.com/%eb%b3%91-%eb%b3%91%e7%97%85/,"病 .6급 疒: 병들어 기댈(병) 녁 丙: 남녘(솥) 병 병(疒)들어 솥(丙)처럼 되는 것은? 병 들어 몸이 솥 처럼 뜨겁게 되는 것은 ‘ 병 ’이지요. 병 병 병 (病: 신체에 이상이 생겨 괴로움을 느끼는 상태 ) , 질병(疾病), 열병(熱病)"
丙,남녘 병,,,none,남녘 병(丙),http://tonghanja.com/%eb%82%a8%eb%85%98-%eb%b3%91%e4%b8%99/,"丙 .3급Ⅱ 그릇( )과 다리( )는? ‘ 丙 ’은 그릇 과 다리 로 된, 밑에 불을 때는 ‘ 솥 ’을 나타낸 글자였으나,후에 셋째 천간(天干)으로 쓰이면서 솥처럼 뜨거운 곳인 ‘ 남녘 (南녘)’을 뜻하게 되었답니다. 남녘 병"
疒,병들어 기댈 녁,亠,亠(머리) 두(모양),ok,병들어 기댈 녁(疒),http://tonghanja.com/%eb%b3%91%eb%93%a4%ec%96%b4-%ea%b8%b0%eb%8c%88-%eb%85%81%e7%96%92/,疒 .무급 亠: 머리 두 : 모양 머리(亠)를 침상( )에 대고 있는 것은? 머리 를 침상 에 대고 있는 것은 ‘ 병들어 기댐 ’이지요. 병들어 기댈 녁 * ‘疒’은 ‘머리를 침상에 대고 있는 모습’을 세워서 나타낸 글자입니다. * ‘疒’은 다른 글자에서 ‘병(病)’이란 뜻으로 쓰입니다.
愁,근심 수,心秋,秋(가을 추) 心(마음 심),ok,근심 수(愁),http://tonghanja.com/%ea%b7%bc%ec%8b%ac-%ec%88%98%e6%84%81/,"愁 .3급Ⅱ 秋: 가을 추 心: 마음 심 가을(秋)에 느끼는 마음(心)은? 가을 에 느끼는 마음 은 ‘ 근심 ’이지요. 근심 수 수 심 (愁 心 : 매우 근심 함, 또는 그런 마음 ) , 우수(憂愁), 애수(哀愁)"
秋,가을 추,火禾,禾(벼 화) 火(불 화),ok,가을 추(秋),http://tonghanja.com/%ea%b0%80%ec%9d%84-%ec%b6%94%e7%a7%8b/,"秋 .7급 禾: 벼 화 火: 불 화 벼(禾)가 불(火)처럼 되는 때는? 들판의 벼 가 불 처럼 누렇게 되는 때는 ‘ 가을 ’이지요. 가을 추 추 계 (秋 季 : 가을 철 ) , 추수(秋收), 만추(晩秋)"
火,불 화,,,none,불 화(火),http://tonghanja.com/%eb%b6%88-%ed%99%94%e7%81%ab/,"火 .8급 불(火)은? 활활 타오르는 ‘ 불 ’은 ‘ 불 ’이지요. 불 화 화 염 (火 焰 : 불 꽃 *焰·1급·불꽃 염 ) , 화기(火氣), 화재(火災) * 灬: 火의 이형."
盟,맹세 맹,明皿,明(밝을 명) 皿(그릇 명),ok,맹세 맹(盟),http://tonghanja.com/%eb%a7%b9%ec%84%b8-%eb%a7%b9%e7%9b%9f/,"盟 .3급Ⅱ 明: 밝을 명 皿: 그릇 명 밝게(明) 말하고 그릇(皿)에 담긴 술을 마시는 것은? ‘ 밝게 ’ 즉 ‘명백(明白)하게’ 어떤 내용을 말하고 그릇 에 담긴 술을 마시는 것은 ‘ 맹세 ’이지요. 맹세 맹 맹 세 (盟 誓 : 굳게 약속하거나 다짐함 ) , 맹약(盟約), 혈맹(血盟)"
明,밝을 명,日月,日(날(해) 일) 月(달 월),ok,밝을 명(明),http://tonghanja.com/%eb%b0%9d%ec%9d%84-%eb%aa%85%e6%98%8e/,"明 .6급Ⅱ 日: 날(해) 일 月: 달 월 해(日)와 달(月)은? 해 와 달 은 ‘ 밝음 ’이지요. 밝을 명 광 명 ( 光 明: 밝고 환함 또는 그런 빛 ) , 조명(照明), 명백(明白)"
月,달 월,,,none,달 월(月),http://tonghanja.com/%eb%8b%ac-%ec%9b%94%e6%9c%88/,"月 .8급 달(夕)인데 얼룩( – )이 있는 것은? 달 인데 얼룩 이 있는 것은 ‘ 달 ’이지요. 달 월 초 월 ( 初 月: 초승에 뜨는 달 / 초승달 ) , 반월(半月), 만월(滿月) * ‘月’은 ‘夕’이 ‘저녁’이라는 뜻으로 쓰이자, 후에 얼룩(-)을 덧붙여 ‘달’을 구별한 글자입니다."
移,옮길 이,多禾,禾(벼 화) 多(많을 다),ok,옮길 이(移),http://tonghanja.com/%ec%98%ae%ea%b8%b8-%ec%9d%b4%e7%a7%bb/,"移 .4급Ⅱ 禾: 벼 화 多: 많을 다 벼(禾)를 많이(多) 모으려고 하는 것은? 볏 단을 한곳에 많이 모으려고 하는 것은 ‘ 옮김 ’이지요. 옮길 이 이 동 (移 動 : 움직여 옮김) , 이전(移轉), 이송(移送)"
多,많을 다,夕,夕(저녁(달) 석) 夕(저녁(달) 석),ok,많을 다(多),http://tonghanja.com/%eb%a7%8e%ec%9d%84-%eb%8b%a4%e5%a4%9a/,"多 .6급 夕: 저녁(달) 석 夕: 저녁(달) 석 달들(多)의 모양은? 초승달, 반달, 보름달 등 달들 의 모양은 ‘ 많음 ’이지요. 많을 다 다 양 (多 樣 : 모양이 많음) , 다수(多數), 파다(頗多)"
夕,저녁 석,,,none,저녁 석(夕),http://tonghanja.com/%ec%a0%80%eb%85%81-%ec%84%9d%e5%a4%95/,"夕 .7급 달(夕)이 뜨는 때는? ‘ 夕 ’은 ‘ 달 ’을 본뜬 글자였으나, 후에 달이 뜨는 때인 ‘ 저녁 ’을 뜻하게 되었답니다. 저녁 석 석식(夕食), 석양(夕陽), 추석(秋夕)"
香,향기 향,日禾,禾(벼 화) 日(날(해) 일),ok,향기 향(香),http://tonghanja.com/%ed%96%a5%ea%b8%b0-%ed%96%a5%e9%a6%99/,"香 .4급Ⅱ 禾: 벼 화 日: 날(해) 일 벼(禾)가 해(日)에 익을 때 나는 것은? 벼 가 햇 볕에 익을 때 나는 것은 ‘ 향기 ’이지요. 향기 향 향 기 (香 氣 : 좋은 느낌을 주는 냄새 ) , 향취(香臭)"
日,날 일,,,none,날 일(日),http://tonghanja.com/%eb%82%a0-%ec%9d%bc%e6%97%a5/,"日 .8급 해(日)로 구분하는 것은? 해 뜨는 주기(週期)로 구분하는 것은 ‘ 날 ’이지요. 날 일 일 일 ( 一 日: 한 날 / 하루 ) , 매일(每日), 요일(曜日) * ‘ 日’은 다른 글자에서 ‘해’를 뜻하기도 합니다."
篤,도타울 독,竹馬,竹(대(대나무) 죽) 馬(말 마),ok,도타울 독(篤),http://tonghanja.com/%eb%8f%84%ed%83%80%ec%9a%b8-%eb%8f%85%e7%af%a4/,"篤 .3급 竹: 대(대나무) 죽 馬: 말 마 대나무(竹) 말(馬)을 함께 타는 것은? ‘ 대나무 말 ’ 즉 ‘죽마(竹馬)’를 함께 타는 것은 인정이 ‘ 도타움 ’이지요. 도타울 독 돈 독 ( 敦 篤: 인정이 도타움) , 독실(篤實) * 도탑다: ‘두텁다’의 작은말. * 죽마고우(竹馬故友): 죽마를 함께 타던 벗이란 뜻으로, 어릴 때 돈독하게 지낸 친구를 이르는 말."
馬,말 마,,,none,말 마(馬),http://tonghanja.com/%eb%a7%90-%eb%a7%88%e9%a6%ac/,"馬 .5급 머리 및 목( )과 갈기( )와 등( )과 꼬리( )와 다리( )는? 머리 및 목 과 많은 갈기 와 등 과 꼬리 와 다리 로 된 것은 ‘ 말 ’이지요. 말 마 기마(騎馬), 승마(乘馬), 경마(競馬)"
筋,힘줄 근,力月竹,竹(대(대나무) 죽) 月(고기(몸) 육) 力(힘 력),ok,힘줄 근(筋),http://tonghanja.com/%ed%9e%98%ec%a4%84-%ea%b7%bc%e7%ad%8b/,"筋 .4급 竹: 대(대나무) 죽 月: 고기(몸) 육 力: 힘 력 대나무(竹) 같은 건데 몸(月)에서 힘(力)을 내는 부위는? 대 나무 같이 수많은 가닥의 섬유로 이루어진 것인데, 몸 에서 힘 을 내는 부위는 ‘ 힘줄 ’이지요. 힘줄 근 근 육 (筋 肉 : 힘줄 과 살 ) , 근력(筋力), 근섬유(筋纖維 *纖·2급·가늘 섬)"
竹,대 죽,,,none,대 죽(竹),http://tonghanja.com/%eb%8c%80-%ec%a3%bd%e7%ab%b9/,"竹 .4급Ⅱ 잎들( )과 줄기들( )은? 잎들 과 줄기들 로 된 것은 ‘ 대 (대나무)’이지요. 대 죽 청 죽 ( 靑 竹: 푸른 대나무) , 죽림(竹林), 죽간(竹簡)"
衆,무리 중,乑血,血(피 혈) 乑((많은 사람들)의 이형),ok,무리 중(衆),http://tonghanja.com/%eb%ac%b4%eb%a6%ac-%ec%a4%91%e8%a1%86/,"衆 .4급Ⅱ 血: 피 혈 乑: (많은 사람들)의 이형 피(血) 흘리는 광경을 보는 많은 사람들(乑)은? 제물이 피 흘리는 광경을 보는 많은 사람들 은 ‘ 무리 ’이지요. 무리 중 군 중 ( 群 衆: 무리) , 대중(大衆), 관중(觀衆)"
血,피 혈,皿,皿(그릇 명),ok,피 혈(血),http://tonghanja.com/%ed%94%bc-%ed%98%88%e8%a1%80/,"血 .4급Ⅱ ´ : 모양 皿: 그릇 명 한 방울( ´ )씩 그릇(皿)에 받는 것은? 한 방울 씩 그릇 에 받는 것은 제물에서 떨어지는 ‘ 피 ’이지요. 피 혈 혈 액 (血 液 : 피 인 액체 ) , 선혈(鮮血), 유혈(流血)"
猛,사나울 맹,孟犬,犭(개 견) 孟(맏 맹),ok,사나울 맹(猛),http://tonghanja.com/%ec%82%ac%eb%82%98%ec%9a%b8-%eb%a7%b9%e7%8c%9b/,"猛 .3급Ⅱ 犭: 개 견 孟: 맏 맹 개(犭)처럼 맏(孟)이가 구는 것은? 개 처럼 맏 이가 무섭게 구는 것은 ‘ 사나움 ’이지요. 사나울 맹 맹 렬 (猛 烈 : 사납고 세참 ) , 맹공(猛攻), 맹견(猛犬)"
孟,맏 맹,子皿,子(아들(아이) 자) 皿(그릇 명),ok,맏 맹(孟),http://tonghanja.com/%eb%a7%8f-%eb%a7%b9%e5%ad%9f/,"孟 .3급Ⅱ 子: 아들(아이) 자 皿: 그릇 명 아이(子)인데 그릇(皿)을 물려받는 이는? 아이 인데 부모에게 제사용 그릇 을 물려받는 이는 ‘ 맏 ’이지요. 맏 맹 맹자(孟子) , 맹모(孟母) * ‘孟’은 중국 전국 시대의 사상가인 맹자(孟子)의 약칭으로도 쓰입니다."
皿,그릇 명,,,none,그릇 명(皿),http://tonghanja.com/%ea%b7%b8%eb%a6%87-%eb%aa%85%e7%9a%bf/,皿 .1급 용기( )와 손잡이( )와 굽( )은? 용기 와 손잡이 와 굽 으로 된 것은 고대 중국의 제사용 ‘ 그릇 ’이지요. 그릇 명
好,좋을 호,子女,女(여자 녀) 子(아들(아이) 자),ok,좋을 호(好),http://tonghanja.com/%ec%a2%8b%ec%9d%84-%ed%98%b8%e5%a5%bd/,"好 .4급Ⅱ 女: 여자 녀 子: 아들(아이) 자 여자(女)가 아이(子)에게 느끼는 것은? 여자 가 아이 에게 느끼는 것은 ‘ 좋음 ’이지요. 좋을 호 호 감 (好 感 : 좋은 감정 ) , 호의(好意), 애호(愛好)"
恕,용서할 서,如心,如(같을 여) 心(마음 심),ok,용서할 서(恕),http://tonghanja.com/%ec%9a%a9%ec%84%9c%ed%95%a0-%ec%84%9c%e6%81%95/,恕 .3급Ⅱ 如: 같을 여 心: 마음 심 같은(如) 마음(心)이 되어서 하는 것은? 상대와 같은 마음 이 되어서 “나라도 그랬을 거야.” 하는 것은 ‘ 용서함 ’이지요. 용서할 서 용 서 ( 容 恕: 상대의 잘못을 받아들임 )
如,같을 여,口女,女(여자 녀) 口(입(말) 구),ok,같을 여(如),http://tonghanja.com/%ea%b0%99%ec%9d%84-%ec%97%ac%e5%a6%82/,"如 .4급Ⅱ 女: 여자 녀 口: 입(말) 구 여자(女)가 말(口)할 때 하는 것은? 여자 가 말 할 때 하는 것은 상대와 ‘ 같음 ’이지요. 같을 여 여 일 (如 一 : 하나 같음) , 여전(如前) * 여자는 공감 능력이 뛰어나서 대화 상대와 쉽게 동화된답니다."
汝,너 여,女水,氵(물 수) 女(여자 녀),ok,너 여(汝),http://tonghanja.com/%eb%84%88-%ec%97%ac%e6%b1%9d/,汝 .3급 氵: 물 수 女: 여자 녀 물(氵)가에서 여자(女)가 대화하는 이는? 빨래터 같은 물 가에서 여자 가 대화하는 이는 ‘ 너 ’이지요. 너 여
女,여자 녀,,,none,여자 녀(女),http://tonghanja.com/%ec%97%ac%ec%9e%90-%eb%85%80%e5%a5%b3/,"女 .8급 양손 모으고( ) 앉아 있는 이( )는? 양손 모으고 다소곳이 앉아 있는 이 는 ‘ 여자 ’이지요. 여자 녀 여 자 (女 子 : 여성인 사람 ) , 여인(女人), 여성(女性)"
李,오얏나무 리,子木,木(나무 목) 子(아들(아이) 자),ok,오얏나무 리(李),http://tonghanja.com/%ec%98%a4%ec%96%8f%eb%82%98%eb%ac%b4-%eb%a6%ac%e6%9d%8e/,李 .6급 木: 나무 목 子: 아들(아이) 자 나무(木)인데 아이(子)가 좋아하는 것은? 나무 인데 아이 가 좋아하는 것은 새콤달콤한 열매가 열리는 ‘ 오얏나무 ’이지요. 오얏나무 리 이 목 (李 木 : 오얏나무) * 오얏: ‘자두’의 옛말. * ‘李’는 ‘오얏 리’라고도 합니다.
季,계절 계,子禾,禾(벼 화) 子(아들(아이) 자),ok,계절 계(季),http://tonghanja.com/%ea%b3%84%ec%a0%88-%ea%b3%84%e5%ad%a3/,"季 .4급 禾: 벼 화 子: 아들(아이) 자 벼(禾)가 아이(子)처럼 자라는 시기로 구분하는 것은? 벼 가 아이 처럼 자라는 시기로 구분하는 것은 ‘ 계절 ’이지요. 계절 계 계 절 (季 節 : 일 년을 봄·여름·가을·겨울로 구분한 것 ) , 사계(四季) * 봄(벼가 싹을 틔우고 뿌리내리는 계절), 여름(벼가 푸르게 무럭무럭 자라는 계절), 가을(벼가 황금빛으로 알차게 익어가는 계절), 겨울(벼가 씨앗으로 돌아가 새봄을 기다리는 계절)."
字,글자 자,子宀,宀(집 면) 子(아들(아이) 자),ok,글자 자(字),http://tonghanja.com/%ea%b8%80%ec%9e%90-%ec%9e%90%e5%ad%97/,"字 .7급 宀: 집 면 子: 아들(아이) 자 집(宀)에서 아이(子)가 익히는 것은? 집 에서 아이 가 익히는 것은 ‘ 글자 ’이지요. 글자 자 글 자 ( 글 字: 말을 나타내는 기호 ) , 문자(文字), 한자(漢字)"
子,아들 자,,,none,아들 자(子),http://tonghanja.com/%ec%95%84%eb%93%a4-%ec%9e%90%e5%ad%90/,"子 .7급Ⅱ 머리( )와 몸( )과 팔(一)은? ‘ 子 ’는 큰 머리 와 작은 몸 과 벌린 양 팔 로 된 ‘ 아이 ’를 본뜬 글자였으나, 후에 부계 중심 사회에서 가문을 이어나가는 아이인 ‘ 아들 ’을 뜻하게 되었답니다. 아들 자 자 식 (子 息 : 아들 과 딸의 총칭 ) , 장자(長子), 차자(次子) * ‘子’는 다른 글자에서 주로 ‘아이’란 뜻으로 쓰입니다."
宀,집 면,,,none,집 면(宀),http://tonghanja.com/%ec%a7%91-%eb%a9%b4%e5%ae%80/,宀 .무급 지붕( )과 벽( )은? 지붕 과 벽 으로 된 것은 ‘ 집 ’이지요. 집 면
貢,바칠 공,工貝,工(장인 공) 貝(조개(재물) 패),ok,바칠 공(貢),http://tonghanja.com/%eb%b0%94%ec%b9%a0-%ea%b3%b5%e8%b2%a2/,"貢 .3급Ⅱ 工: 장인 공 貝: 조개(재물) 패 장인(工)이 재물(貝)을 진상하는 것은? 장인 이 자신이 만든 재물 의 일부를 나라에 진상하는 것은 ‘ 바침 ’이지요. 바칠 공 공 납 (貢 納 : 공물 따위를 바침) , 공헌(貢獻), 공물(貢物)"
功,공 공,力工,工(장인 공) 力(힘 력),ok,공 공(功),http://tonghanja.com/%ea%b3%b5-%ea%b3%b5%e5%8a%9f/,"功 .6급Ⅱ 工: 장인 공 力: 힘 력 장인 (工)이 들이는 힘(力)은? 장인 이 작품을 만들 때 들이는 힘 은 ‘ 공 ’이지요. 공 공 공 (功: 애써서 들이는 정성과 힘 ) , 공로(功勞), 공적(功績)"
攻,칠 공,工攵,工(장인(공이) 공) 攵(칠 복),ok,칠 공(攻),http://tonghanja.com/%ec%b9%a0-%ea%b3%b5%e6%94%bb/,"攻 .4급 工: 장인(공이) 공 攵: 칠 복 공이(工)로 치는(攵) 것은? 공이 로 무엇을 치는 것은 ‘ 침 ’이지요. 칠 공 공 격 (攻 擊 : 침) , 강공(強攻), 맹공(猛攻)"
工,장인 공,,,none,장인 공(工),http://tonghanja.com/%ec%9e%a5%ec%9d%b8-%ea%b3%b5%e5%b7%a5/,"工 .7급Ⅱ 공이(工)로 무엇을 만드는 이는? ‘ 工 ’은 흙을 다질 때 쓰는 ‘ 공이 ’를 본뜬 글자였으나, 후에 공이로 흙을 다져 건물 등을 만드는 이인 ‘ 장인 (匠人)’을 뜻하게 되었답니다. 장인 공 토 공 ( 土 工: 흙을 다루어 무엇을 만드는 장인) , 목공(木工), 석공(石工) * ‘工’은 공이로 장인이 무엇을 만든다 하여 ‘만들 공’이라고도 합니다."
賀,하례할 하,加貝,加(더할 가) 貝(조개(재물) 패),ok,하례할 하(賀),http://tonghanja.com/%ed%95%98%eb%a1%80%ed%95%a0-%ed%95%98%e8%b3%80/,"賀 .3급Ⅱ 加: 더할 가 貝: 조개(재물) 패 재물(貝)을 더하여(加) 주는 것은? 남에게 좋은 일이 있을 때, 재물 을 더하여 주는 것은 ‘ 하례함 ’이지요. 하례할 하 하 례 (賀 禮 : 축하하여 예를 차림 ) , 축하(祝賀), 경하(慶賀)"
架,시렁 가,加木,加(더할 가) 木(나무 목),ok,시렁 가(架),http://tonghanja.com/%ec%8b%9c%eb%a0%81-%ea%b0%80%e6%9e%b6/,"架 .3급Ⅱ 加: 더할 가 木: 나무 목 더하여(加) 놓는 나무(木)는? 공중에 더하여 놓는 나무 는 ‘ 시렁 ’이지요. 시렁 가 가교(架橋), 가설(架設), 고가도로(高架道路) * ‘架’는 ‘가로질러 달아놓다’는 뜻으로도 쓰입니다."
加,더할 가,力,力(힘 력  ㅁ: 모양),ok,더할 가(加),http://tonghanja.com/%eb%8d%94%ed%95%a0-%ea%b0%80%e5%8a%a0/,"加 .5급 力: 힘 력 ㅁ: 모양 힘(力)으로 물건(ㅁ)을 들어서 얹는 것은? 힘 으로 물건 을 들어서 어떤 것 위에 얹는 것은 ‘ 더함 ’이지요. 더할 가 증 가 ( 增 加: 더함) , 첨가(添加), 추가(追加)"
脅,위협할 협,劦月,劦(힘 합할 협) 月(고기(몸) 육),ok,위협할 협(脅),http://tonghanja.com/%ec%9c%84%ed%98%91%ed%95%a0-%ed%98%91%e8%84%85/,"脅 .3급Ⅱ 劦: 힘 합할 협 月: 고기(몸) 육 힘을 합하여(劦) 몸(月)을 누르는 것은? 힘 을 합하여 다른 이의 몸 을 누르는 것은 ‘ 위협함 ’이지요. 위협할 협 위 협 ( 威 脅: 힘으로 으르고 압박함 ) , 협박(脅迫)"
協,화합할 협,劦十,十(열(여러) 십) 劦(힘 합할 협),ok,화합할 협(協),http://tonghanja.com/%ed%99%94%ed%95%a9%ed%95%a0-%ed%98%91%e5%8d%94/,"協 .4급Ⅱ 十: 열(여러) 십 劦: 힘 합할 협 여럿(十)이 힘을 합하는(劦) 것은? 여럿 이 힘 을 합하는 것은 ‘ 화합함 (和合함)’이지요. 화합할 협 협 력 (協 力 : 힘을 합하여 서로 도움 ) , 협조(協助), 협동(協同)"
劦,힘 합할 협,力,力(힘 력) 力(힘 력) 力(힘 력),ok,힘 합할 협(劦),http://tonghanja.com/%ed%9e%98-%ed%95%a9%ed%95%a0-%ed%98%91%e5%8a%a6/,劦 .무급 力: 힘 력 力: 힘 력 力: 힘 력 많은 힘(劦)을 합하는 것은? 많은 힘 을 하나로 합하는 것은 ‘ 힘 합함 ’이지요. 힘 합할 협
力,힘 력,,,none,힘 력(力),http://tonghanja.com/%ed%9e%98-%eb%a0%a5%e5%8a%9b/,"力 .7급Ⅱ 팔(力)에서 알통 나오게 하는 것은? 팔 에서 알통 튀어나오게 하는 것은 ‘ 힘 ’이지요. 힘 력 근 력 ( 筋 力: 근육의 힘) , 체력(體力), 강력(強力)"
礎,주춧돌 초,楚石,石(돌 석) 楚(초나라(회초리) 초),ok,주춧돌 초(礎),http://tonghanja.com/%ec%a3%bc%ec%b6%a7%eb%8f%8c-%ec%b4%88%e7%a4%8e/,"礎 .3급Ⅱ 石: 돌 석 楚: 초나라(회초리) 초 돌(石)인데 회초리(楚)처럼 생긴 나무 기둥들의 발 같은 것은? 돌 인데 ‘ 회초리 처럼 생긴 나무 기둥들(林)’의 발(疋) 같은 것은 ‘ 주춧돌 ’이지요. 주춧돌 초 초 석 (礎 石 : 주춧돌) , 기초(基礎)"
楚,초나라 초,木疋,木(나무 목) 木(나무 목) 疋(발 소),ok,초나라 초(楚),http://tonghanja.com/%ec%b4%88%eb%82%98%eb%9d%bc-%ec%b4%88%e6%a5%9a/,"楚 .1급Ⅱ 木: 나무 목 木: 나무 목 疋: 발 소 나무들(林)인데 발(疋)을 때리는 것은? ‘ 楚 ’는 한데 모아놓은 나무들 인데 발 을 때릴 때 쓰는 것인 ‘ 회초리 ’를 나타낸 글자였으나, 후에 초(楚)나라의 이름자로 쓰여 ‘ 초나라 ’를 뜻하게 되었답니다. 초나라 초"
疋,발 소,,,none,발 소(疋),http://tonghanja.com/%eb%b0%9c-%ec%86%8c%e7%96%8b/,"疋 .1급 : 모양 : 발 지 복사뼈( )와 발( )은? ‘ 疋 ’는 ‘足(발 족)’과 마찬가지로, 복사뼈 와 발 로 된 ‘ 발 ’을 나타낸 글자입니다. 발 소"
捉,잡을 착,手足,扌(손 수) 足(발 족),ok,잡을 착(捉),http://tonghanja.com/%ec%9e%a1%ec%9d%84-%ec%b0%a9%e6%8d%89/,捉 .3급 扌: 손 수 足: 발 족 손(扌)으로 발(足)을 잡는 것은? 손 으로 발 을 잡는 것은 다른 곳으로 가지 못하게 ‘ 잡음 ’이지요. 잡을 착 포 착 ( 捕 捉: 잡음)
促,재촉할 촉,人足,亻(사람 인) 足(발 족),ok,재촉할 촉(促),http://tonghanja.com/%ec%9e%ac%ec%b4%89%ed%95%a0-%ec%b4%89%e4%bf%83/,"促 .3급Ⅱ 亻: 사람 인 足: 발 족 사람(亻)이 발(足)을 구르는 것은? 사람 이 발 을 동동 구르는 것은 무엇을 빨리 하도록 ‘ 재촉함 ’이지요. 재촉할 촉 촉 구 (促 求 : 재촉하여 요구함 ) , 독촉(督促)"
足,발 족,,양(발 지),image,발 족(足),http://tonghanja.com/%eb%b0%9c-%ec%a1%b1%e8%b6%b3/,"足 .7급Ⅱ ㅁ: 모양 : 발 지 복사뼈(ㅁ)와 발( )은? 복사뼈 와 발 로 된 것은 ‘ 발 ’이지요. 발 족 족 부 (足 部 : 발 에서부터 발목까지의 부분 ) , 족발(足발), 족쇄(足鎖) * : 足의 이형."
伐,칠 벌,人戈,亻(사람 인) 戈(창 과),ok,칠 벌(伐),http://tonghanja.com/%ec%b9%a0-%eb%b2%8c%e4%bc%90/,"伐 .4급Ⅱ 亻: 사람 인 戈: 창 과 사람(亻)이 창(戈)으로 하는 것은? 사람 이 창 으로 하는 것은 상대를 ‘ 침 ’이지요. 칠 벌 정 벌 ( 征 伐: 적을 무력으로 침) , 토벌(討伐), 살벌(殺伐)"
戈,창 과,,,none,창 과(戈),http://tonghanja.com/%ec%b0%bd-%ea%b3%bc%e6%88%88/,戈 .2급 갈고리( )와 창날( )과 봉( )과 받침( )은? 적을 끌어당기는 갈고리 와 찌르고 베는 창날 과 목 봉 과 쇠 받침 은 ‘ 창 ’이지요. 창 과
私,사사로울 사,厶禾,禾(벼(곡물) 화) 厶(사사로울 사),ok,사사로울 사(私),http://tonghanja.com/%ec%82%ac%ec%82%ac%eb%a1%9c%ec%9a%b8-%ec%82%ac%e7%a7%81/,"私 .4급 禾: 벼(곡물) 화 厶: 사사로울 사 곡물(禾)을 사사롭게(厶) 가지는 것은? 곡물 을 개인이 사사롭게 가지는 것은 ‘ 사사로움 ’이지요. 사사로울 사 사사 로움 (私私 로움 : 공적(公的)이 아닌 개인적인 범위나 관계의 성질이 있음 ) , 사유(私有) * ‘私’는 ‘厶’가 다른 뜻으로도 쓰이자, 후에 ‘禾’를 덧붙여 ‘사사로움’이란 뜻을 구별한 글자입니다. * ‘厶’와 ‘私’는 ‘사사(私事: 사사로운 일) 사’라고도 합니다."
厶,사사로울 사,,,none,사사로울 사(厶),http://tonghanja.com/%ec%82%ac%ec%82%ac%eb%a1%9c%ec%9a%b8-%ec%82%ac%e5%8e%b6/,厶 .무급 팔을 굽혀(厶) 가지는 것은? 팔을 굽혀 무엇을 가지는 것은 ‘ 사사로움 ’이지요. 사사로울 사
菌,버섯 균,囗禾艸,艹(풀 초) 囗(모양) 禾(벼 화),ok,버섯 균(菌),http://tonghanja.com/%eb%b2%84%ec%84%af-%ea%b7%a0%e8%8f%8c/,"菌 .3급Ⅱ 艹: 풀 초 囗: 모양 禾: 벼 화 풀(艹)인데 곳간(囗)의 볏단(禾)에서 생기는 것은? 풀 인데 곳간 에 넣어둔 볏단 에서 생기는 것은 ‘ 버섯 ’이지요. 버섯 균 균 (菌: 버섯 등의 광합성을 하지 않는 하등 식물을 통틀어 이르는 말 ) , 세균(細菌), 병균(病菌)"
梨,배나무 리,利木,利(이로울 리) 木(나무 목),ok,배나무 리(梨),http://tonghanja.com/%eb%b0%b0%eb%82%98%eb%ac%b4-%eb%a6%ac%e6%a2%a8/,梨 .3급 利: 이로울 리 木: 나무 목 이로운(利) 과일이 열리는 나무(木)는? 몸에 좋고 맛도 좋은 이로운 과일이 열리는 나무 는 ‘ 배나무 ’이지요. 배나무 리 오비이락(烏飛梨落) * ‘梨’는 ‘배’를 뜻하기도 합니다.
利,이로울 리,刀禾,禾(벼 화) 刂(칼 도),ok,이로울 리(利),http://tonghanja.com/%ec%9d%b4%eb%a1%9c%ec%9a%b8-%eb%a6%ac%e5%88%a9/,"利 .6급Ⅱ 禾: 벼 화 刂: 칼 도 벼(禾)를 칼(刂)로 베면? 벼 를 칼 로 베어 거두면 ‘ 이로움 ’이지요. 이로울 리 이 로움 (利 로움 : 물질적 또는 정신적으로 보탬이 됨 ) , 이익(利益), 이득(利得)"
和,화할 화,口禾,禾(벼(곡물) 화) 口(입 구),ok,화할 화(和),http://tonghanja.com/%ed%99%94%ed%95%a0-%ed%99%94%e5%92%8c/,"和 .6급Ⅱ 禾: 벼(곡물) 화 口: 입 구 곡물(禾)이 입(ㅁ)으로 들어가면? 곡물 이 입 으로 들어가면 분위기가 ‘ 화함 ’이지요. 화할 화 화 함 (和 함 : 서로 사이좋은 상태가 됨/ 날씨나 마음 , 태도 등이 따뜻하고 부드러움 ) , 화목(和睦), 평화(平和) * ‘和’는 ‘화목할 화’라고도 합니다."
禾,벼 화,,,none,벼 화(禾),http://tonghanja.com/%eb%b2%bc-%ed%99%94%e7%a6%be/,禾 .3급 이삭( )과 잎(一)과 줄기( Ι )와 뿌리( )는? 이삭 과 잎 과 줄기 와 뿌리 로 된 것은 ‘ 벼 ’이지요. 벼 화 * ‘禾’는 다른 글자에서 ‘곡물’이라는 뜻으로도 쓰입니다.
初,처음 초,刀衣,衤(옷 의) 刀(칼 도),ok,처음 초(初),http://tonghanja.com/%ec%b2%98%ec%9d%8c-%ec%b4%88%e5%88%9d/,"初 .5급 衤: 옷 의 刀: 칼 도 옷(衤)감을 칼(刀)로 베는 것은? 옷 감을 칼 로 베는 것은 옷 만드는 과정의 ‘ 처음 ’이지요. 처음 초 초 기 (初 期 : 처음 시기 ) , 시초(始初), 최초(最初)"
刀,칼 도,,,none,칼 도(刀),http://tonghanja.com/%ec%b9%bc-%eb%8f%84%e5%88%80/,"刀 .3급Ⅱ 칼날( )과 칼등( )은? 칼날 과 칼등 으로 된 것은 ‘ 칼 ’이지요. 칼 도 도 (刀: 한쪽에 날이 달린 칼) , 단도(短刀), 도검(刀劍) * 刂: 刀의 이형."
表,겉 표,土,土(흙 토),ok,겉 표(表),http://tonghanja.com/%ea%b2%89-%ed%91%9c%e8%a1%a8/,"表 .6급Ⅱ : 옷 의 土: 흙 토 옷( )에서 흙(土)이 묻는 쪽은? 옷 에서 흙 이 묻는 쪽은 옷의 ‘ 겉 ’ 이지요. 겉 표 표 면 (表 面 : 겉 면 ) , 표피(表皮), 표시(表示)"
依,의지할 의,人衣,亻(사람 인) 衣(옷 의),ok,의지할 의(依),http://tonghanja.com/%ec%9d%98%ec%a7%80%ed%95%a0-%ec%9d%98%e4%be%9d/,"依 .4급 亻: 사람 인 衣: 옷 의 사람(亻)이 옷(衣)에 하는 것은? 사람 이 옷 에 하는 것은 ‘ 의지함 ’이지요. 의지할 의 의 지 (依 支 : 어떤 것에 몸이나 마음을 기대어 도움을 받음 ) , 의존(依存), 의탁(依托)"
衣,옷 의,,,none,옷 의(衣),http://tonghanja.com/%ec%98%b7-%ec%9d%98%e8%a1%a3/,"衣 .6급 깃( )과 소매( )와 섶( )은? 목 깃 과 팔 소매 와 앞 섶 으로 된 것은 ‘ 옷 ’이지요. 옷 의 의 복 (衣 服 : 옷) , 의류(衣類), 상의(上衣) * 衤, : 衣의 이형. ."
一,한 일,,,none,한 일(一),http://tonghanja.com/%ed%95%9c-%ec%9d%bc%e4%b8%80/,"一 .8급 하나(一)는? 一 을 세워서 쓴 것은 ㅣ, 즉 ‘ 한 (하나)’이지요. 한 일 일 (一: 한 / 하나 ) , 일치(一致), 일방적(一方的)"
二,두 이,,,none,두 이(二),http://tonghanja.com/%eb%91%90-%ec%9d%b4%e4%ba%8c/,"二 .8급 둘(二)은? 二 를 이어서 쓴 것은 2, 즉 ‘ 두 (둘)’이지요. 두 이 이 (二: 두 / 둘 ) , 이중(二重), 이원론(二元論)"
三,석 삼,,,none,석 삼(三),http://tonghanja.com/%ec%84%9d-%ec%82%bc%e4%b8%89/,"三 .8급 셋(三)은? 三 을 이어서 쓴 것은 3, 즉 ‘ 석 (셋)’이지요. 석 삼 삼 (三: 석 / 셋 ) , 삼성(三星), 삼각형(三角形)"
四,넉 사,口,口(모) 양(사람 인),ok,넉 사(四),http://tonghanja.com/%eb%84%89-%ec%82%ac%e5%9b%9b/,"四 .8급 口: 모양 : 사람 인 사방(口) 안에 인( ) 자가 든 것은? 사방 (十) 안에 인 ( ) 자가 든 것은 4, 즉 ‘ 넉 (넷)’이지요. 넉 사 사 (四: 넉 / 넷 ) , 사방(四方), 사대문(四大門)"
五,다섯 오,,,none,다섯 오(五),http://tonghanja.com/%eb%8b%a4%ec%84%af-%ec%98%a4%e4%ba%94/,"五 .8급 다섯(五)을 이어서 쓴 것은? 다섯 을 이어서 쓴 것은 , 즉 ‘ 다섯 ’이지요. 다섯 오 오 (五: 다섯) , 오곡(五穀), 오방색(五方色)"
六,여섯 륙,,,none,여섯 륙(六),http://tonghanja.com/%ec%97%ac%ec%84%af-%eb%a5%99%ef%a7%91/,"六 .8급 뿔( )과 머리( )로 된 것은? 뿔 ( )과 머리 ( )로 된 것은 , 즉 ‘ 여섯 ’이지요. ☞ 여기서의 머리( )는 머리통(ㅡ)과 목( )입니다. 여섯 륙 육 (六: 여섯) , 유월(六月), 오뉴월(五六月)"
七,일곱 칠,一,一(한 일),ok,일곱 칠(七),http://tonghanja.com/%ec%9d%bc%ea%b3%b1-%ec%b9%a0%e4%b8%83/,"七 .8급 一: 한 일 : 굽을 을 하나(一)에 굽음( )을 붙인 것은? 하나 ( )에 굽음 ( ) 을 붙인 것은 , 즉 ‘ 일곱 ’이지요. 일곱 칠 칠 (七: 일곱) , 칠석(七夕), 칠면조(七面鳥)"
八,여덟 팔,丨,丨(뚫을 곤) 丨(뚫을 곤),ok,여덟 팔(八),http://tonghanja.com/%ec%97%ac%eb%8d%9f-%ed%8c%94%e5%85%ab/,"八 .8급 丨: 뚫을 곤 丨: 뚫을 곤 뚫음(丨)과 뚫음(丨)을 붙인 것은? 뚫음 (0)과 뚫음 (0) 을 붙인 것은 8, 즉 ‘ 여덟 ’이지요. 여덟 팔 팔 (八: 여덟) , 팔자(八字), 팔보채(八寶菜) * ‘八’은 양쪽으로 나눈 모양이라 하여 ‘나눔’을 뜻하기도 합니다."
九,아홉 구,丨乙,丨(뚫을 곤) 乙(새(굽을) 을),ok,아홉 구(九),http://tonghanja.com/%ec%95%84%ed%99%89-%ea%b5%ac%e4%b9%9d/,"九 .8급 丨: 뚫을 곤 乙: 새(굽을) 을 뚫음(丨)에 굽음(乙)을 붙인 것은? 뚫음 ( )에 굽음 ( )을 붙인 것은 , 즉 ‘ 아홉 ’이 지요. 아홉 구 구 (九: 아홉) , 구천(九泉), 구구단(九九段) * ‘九’는 한 자리 숫자 중 가장 길다 하여 ‘긺’을 뜻하기도 합니다."
十,열 십,一丨,一(한 일) 丨(뚫을 곤),ok,열 십(十),http://tonghanja.com/%ec%97%b4-%ec%8b%ad%e5%8d%81/,"十 .8급 一: 한 일 丨: 뚫을 곤 하나(一)에 뚫음(丨)을 붙인 것은? 하나 (1)에 뚫음 (0)을 붙인 것은 10, 즉 ‘ 열 ’이지요. 열 십 십 (十: 열) , 십상(十常), 십자가(十字架)"
丨,뚫을 곤,,,none,뚫을 곤(丨),http://tonghanja.com/%eb%9a%ab%ec%9d%84-%ea%b3%a4%e4%b8%a8/,丨 .무급 꼬챙이(丨)로 하는 것은? 꼬챙이 로 하는 것은 ‘ 뚫음 ’이지요. 뚫을 곤
乞,빌 걸,,,none,빌 걸(乞),http://tonghanja.com/%eb%b9%8c-%ea%b1%b8%e4%b9%9e/,"乞 .3급 : 사람 인 乙: 새(굽을) 을 사람( )이 굽히고(乙) 하는 것은? 사람 이 ‘乙’ 자처럼 몸을 굽히고 하는 것은 ‘ 빎 ’이지요. 빌 걸 구 걸 ( 求 乞: 무엇을 구하려고 빎) , 복걸(伏乞), 걸인(乞人)"
乙,새 을,,,none,새 을(乙),http://tonghanja.com/%ec%83%88-%ec%9d%84%e4%b9%99/,乙 .3급Ⅱ 머리( )와 목( )과 몸통( )은? 머리 와 목 과 몸통 으로 된 것은 ‘ 새 ’이지요. 새 을 * ‘乙’은 자형(字形: 글자의 모양)이 굽었다 하여 ‘굽을 을’이라고도 합니다. * : 乙(굽을 을)의 이형.
廴,길게 걸을 인,彳,彳(조금 걸을(걸을) 척),ok,길게 걸을 인(廴),http://tonghanja.com/%ea%b8%b8%ea%b2%8c-%ea%b1%b8%ec%9d%84-%ec%9d%b8%e5%bb%b4/,廴 .무급 彳: 조금 걸을(걸을) 척 길게 걷는( 彳 ) 것은? 길게 걷는 것은 ‘ 길게 걸음 ’이지요. 길게 걸을 인 * ‘廴’은 ‘彳(조금 걸을 척)’을 길게 이어서 쓴 글자입니다.
辵,갈 착,彡止,彡(彳의 이형) 止(그칠(발) 지),ok,갈 착(辵),http://tonghanja.com/%ea%b0%88-%ec%b0%a9%e8%be%b5/,辵 .무급 彡: 彳의 이형 止: 그칠(발) 지 거리(彡)에서 발(止)로 하는 것은? 거리 에서 발 로 하는 것은 ‘ 감 ’이지요. 갈 착 * 辶: 辵의 이형.
彳,조금 걸을 척,,,none,조금 걸을 척(彳),http://tonghanja.com/%ec%a1%b0%ea%b8%88-%ea%b1%b8%ec%9d%84-%ec%b2%99%e5%bd%b3/,彳 .무급 거리(彳)에서 하는 것은? 거리 에서 하는 것은 ‘ 조금 걸음 ’이지요. 조금 걸을 척 * ‘彳’은 다른 글자에서 ‘걷다’나 ‘가다’는 뜻으로도 쓰입니다.
衡,저울대 형,行,行(다닐(움직일) 행),ok,저울대 형(衡),http://tonghanja.com/%ec%a0%80%ec%9a%b8%eb%8c%80-%ed%98%95%e8%a1%a1/,"衡 .3급Ⅱ : 魚(물고기 어)의 이형 行: 다닐(움직일) 행 물고기( )처럼 움직이는(行) 것은? 가슴지느러미로 몸의 균형을 잡는 물고기 처럼 양팔을 움직여 몸의 균형을 잡는 것은 ‘ 저울대 ’이지요. 저울대 형 균 형 ( 均 衡: 어느 한쪽으로 기울지 않고 고름 ) , 평형(平衡), 형평(衡平) * ‘衡’은 ‘고르다’ ‘평평하다’는 뜻으로도 쓰입니다."
行,다닐 행,,,none,다닐 행(行),http://tonghanja.com/%eb%8b%a4%eb%8b%90-%ed%96%89%e8%a1%8c/,"行 .6급 사거리(行)에서 하는 것은? 사거리 에서 하는 것은 ‘ 다님 ’이지요 다닐 행 통 행 ( 通 行: 지나 다님) , 보행(步行), 행동(行動) * ‘行’은 ‘거리’ ‘행하다’ ‘움직이다’라는 뜻으로도 쓰입니다."
崩,무너질 붕,山朋,山(뫼 산) 朋(벗 붕),ok,무너질 붕(崩),http://tonghanja.com/%eb%ac%b4%eb%84%88%ec%a7%88-%eb%b6%95%e5%b4%a9/,崩 .3급 山: 뫼 산 朋: 벗 붕 산(山)이 벗(朋)처럼 하는 것은? 산 의 흙과 돌 따위가 벗 처럼 무리지어 이동하는 것은 ‘ 무너짐 ’이지요. 무너질 붕 붕 괴 (崩 壞 : 무너짐)
朋,벗 붕,月,月(고기(몸) 육) 月(고기(몸) 육),ok,벗 붕(朋),http://tonghanja.com/%eb%b2%97-%eb%b6%95%e6%9c%8b/,朋 .3급 月: 고기(몸) 육 月: 고기(몸) 육 몸(月)과 몸(月)이 붙어 다니는 이들은? 몸 과 몸 이 함께 붙어 다니는 이들은 ‘ 벗 ’이지요. 벗 붕 붕 우 (朋 友 : 벗)
有,있을 유,,,none,있을 유(有),http://tonghanja.com/%ec%9e%88%ec%9d%84-%ec%9c%a0%e6%9c%89/,"有 .7급 : 또(손) 우 月: 고기 육 손( )으로 고기(月)를 들고 있는 것은? 손 으로 고기 를 들고 있는 것은 손에 고기가 ‘ 있음 ’이지요. 있을 유 소 유 ( 所 有: 갖고 있음) , 보유(保有), 점유(占有)"
肉,고기 육,,,none,고기 육(肉),http://tonghanja.com/%ea%b3%a0%ea%b8%b0-%ec%9c%a1%e8%82%89/,"肉 .4급Ⅱ 덩어리(冂)인데 결( )이 있는 것은? 덩어리 인데 결 이 있는 것은 ‘ 고기 ’이지요. 고기 육 육 류 (肉 類 : 고기 에 속하는 무리를 통틀어 이르는 말 ) , 육체(肉體), 근육(筋肉) * ‘肉’은 고기는 동물의 몸이라는 데서 ‘몸’을 뜻하기도 합니다. * 月: ‘肉’의 이형. 달 월(月)과 모양이 같아 ‘육(肉)달월’이라고 부름."
敗,패할 패,攵貝,貝(조개(재물) 패) 攵(칠 복),ok,패할 패(敗),http://tonghanja.com/%ed%8c%a8%ed%95%a0-%ed%8c%a8%e6%95%97/,"敗 .5급 貝: 조개(재물) 패 攵: 칠 복 재물(貝)이 침(攵)을 당하는 것은? 자기 나라의 재물 이 적군에게 침 을 당하는 것은 전쟁에서 ‘ 패함 ’이지요. 패할 패 패 함 (敗 함 : 싸움에 짐 ) , 패배(敗北), 패전(敗戰)"
貝,조개 패,,,none,조개 패(貝),http://tonghanja.com/%ec%a1%b0%ea%b0%9c-%ed%8c%a8%e8%b2%9d/,"貝 .3급 껍데기( )와 수관( )은? 껍데기 와 수관 (水管: 입수관과 출수관)으로 된 것은 ‘ 조개 ’이지요. 조개 패 패 류 (貝 類 : 조개 에 속하는 무리를 통틀어 이르는 말 ) , 어패류(魚貝類) * 고대 중국에서는 희귀한 조개껍데기를 ‘화폐’로 사용했습니다. 그래서 ‘貝’는 다른 글자에서 주로 ‘돈’이나 ‘재물’을 뜻한답니다."
父,아버지 부,,,none,아버지 부(父),http://tonghanja.com/%ec%95%84%eb%b2%84%ec%a7%80-%eb%b6%80%e7%88%b6/,"父 .8급 매( )를 손( )에 드는 이는? 매 를 손 에 들어 자식을 훈육하는 이는 ‘ 아버지 ’이지요. 아버지 부 부 친 (父 親 : ‘ 아버지 ’의 높임말 ) , 친부(親父), 생부(生父)"
牧,칠 목,攵牛,牛(소 우) 攵(칠 복),ok,칠 목(牧),http://tonghanja.com/%ec%b9%a0-%eb%aa%a9%e7%89%a7/,"牧 .4급Ⅱ 牛: 소 우 攵: 칠 복 소(牛)를 치는(攵) 것은? 소 를 회초리 따위로 치는 것은 방목할 때 몰기 위해 ‘ 침 ’이지요. 칠 목 방 목 ( 放 牧: 가축을 놓아기르는 일 ) , 목동(牧童), 목초지(牧草地) * ‘牧’은 ‘(가축을) 기르다’는 뜻으로도 쓰입니다."
攵,칠 복,又,급(모양) 又(또(손) 우),ok,칠 복(攵),http://tonghanja.com/%ec%b9%a0-%eb%b3%b5%e6%94%b5/,攵 .무급 : 모양 又: 또(손) 우 막대( )를 손(又)에 들고 하는 것은? 막대 를 손 에 들고 하는 것은 ‘ 침 (때림)’이지요. 칠 복 * ‘攵’은 ‘때릴 복’이라고도 합니다.
件,물건 건,人牛,亻(사람 인) 牛(소 우),ok,물건 건(件),http://tonghanja.com/%eb%ac%bc%ea%b1%b4-%ea%b1%b4%e4%bb%b6/,"件 .5급 亻: 사람 인 牛: 소 우 사람(亻)이 소(牛)로 나르는 것은? 사람 이 소 로 나르는 것은 ‘ 물건 ’이지요. 물건 건 물 건 ( 物 件: 일정한 형체를 갖춘 모든 물질적 대상 ) , 사건(事件) * ‘件’은 사람(亻)이 소(牛)한테 받힌 것인 ‘사건(事件: 문제가 되거나 주목을 받을 만한 뜻밖의 일)’을 뜻하기도 합니다."
牛,소 우,,,none,소 우(牛),http://tonghanja.com/%ec%86%8c-%ec%9a%b0%e7%89%9b/,"牛 .5급 뿔( )과 귀(ㅡ)와 머리통(ㅣ)은? 뿔 과 귀 와 머리통 으로 된 것은 ‘ 소 ’의 머리이지요. 소 우 한우(韓牛) , 우유(牛乳), 우육(牛肉) * ."
沒,가라앉을 몰/ 빠질 몰,又水,氵(물) 수(사람 인) 又(또(손) 우),ok,가라앉을 몰/ 빠질 몰(沒),http://tonghanja.com/%ea%b0%80%eb%9d%bc%ec%95%89%ec%9d%84-%eb%aa%b0-%eb%b9%a0%ec%a7%88-%eb%aa%b0%e6%b2%92/,"沒 .3급Ⅱ 氵: 물 수 : 사람 인 又: 또(손) 우 물(氵)에서 사람( )이 손(又)을 내리고 있는 것은? 물 에서 사람 이 손 을 아래로 내리고 있는 것은 ‘ 가라앉음 ’ 또는 ‘ 빠짐 ’이지요. 가라앉을/빠질 몰 침 몰 ( 沈 沒: 물에 가라앉음) , 수몰(水沒), 함몰(陷沒)"
怪,괴이할 괴,又土心,忄(마음 심) 又(또(손) 우) 土(흙 토),ok,괴이할 괴(怪),http://tonghanja.com/%ea%b4%b4%ec%9d%b4%ed%95%a0-%ea%b4%b4%e6%80%aa/,"怪 .3급Ⅱ 忄: 마음 심 又: 또(손) 우 土: 흙 토 마음(忄)인데 손(又)이 흙(土) 위로 드러난 모습을 볼 때 드는 것은? 마음 인데 시체의 손 이 흙 위로 드러난 모습을 볼 때 드는 것은 ‘ 괴이함 ’이지요. 괴이할 괴 괴 이 (怪 異 : 이상야릇함/ 정상적이지 않고 별나며 이상함 ) , 괴기(怪奇), 괴물(怪物)"
又,또 우,,,none,또 우(又),http://tonghanja.com/%eb%98%90-%ec%9a%b0%e5%8f%88/,"又 .3급 손(又)은? ‘ 又 ’는 ‘ 손 ’을 본뜬 글자였으나, 후에 손은 또 쓴다 하여 ‘ 또 ’를 뜻하게 되었답니다. 또 우 * , : 又의 이형."
蟲,벌레 충,虫,虫(벌레 충) 虫(벌레 충) 虫(벌레 충),ok,벌레 충(蟲),http://tonghanja.com/%eb%b2%8c%eb%a0%88-%ec%b6%a9%e8%9f%b2/,"蟲 .4급Ⅱ 虫: 벌레 충 虫: 벌레 충 虫: 벌레 충 많은 벌레들(蟲)은? 많은 벌레들 은 ‘ 벌레 ’이지요. 벌레 충 곤 충 ( 昆 蟲: 벌레 를 통틀어 이르는 말 *昆·1급·벌레 곤 ) , 해충(害蟲), 기생충(寄生蟲) * ‘蟲’은 떼 지어 모여 있는 많은 벌레들을 나타낸 글자입니다."
虫,벌레 충,,,none,벌레 충(虫),http://tonghanja.com/%eb%b2%8c%eb%a0%88-%ec%b6%a9%e8%99%ab/,"虫 .특급 머리( )와 몸통( )으로 된 것은? ‘ 虫 ’은 머리 와 몸통 으로 된 ‘ 뱀 ’을 본뜬 글자였으나, 후에 의미가 확장되어 ‘ 벌레 ’를 뜻하게 되었답니다. 벌레 충 * ‘虫’은 곤충류와 파충류를 통틀어 가리키는 글자입니다."
漁,고기 잡을 어,水魚,氵(물 수) 魚(물고기 어),ok,고기 잡을 어(漁),http://tonghanja.com/%ea%b3%a0%ea%b8%b0-%ec%9e%a1%ec%9d%84-%ec%96%b4%e6%bc%81/,"漁 .5급 氵: 물 수 魚: 물고기 어 물(氵)에서 물고기(魚)를 잡는 것은? 물 에서 물고기 를 잡는 것은 ‘ 고기 잡음 ’이지요. 고기 잡을 어 어 업 (漁 業 : 고기 잡는 일 ) , 어획(漁獲), 어부(漁夫)"
魚,물고기 어,,,none,물고기 어(魚),http://tonghanja.com/%eb%ac%bc%ea%b3%a0%ea%b8%b0-%ec%96%b4%e9%ad%9a/,"魚 .5급 머리( )와 몸통(田)과 꼬리(灬)로 된 것은? 뾰족한 머리 와 비늘 달린 몸통 과 갈라진 꼬리 로 된 것은 ‘ 물고기 ’이지요. 물고기 어 어 류 (魚 類 : 물고기 에 속하는 무리를 통틀어 이르는 말 ) , 어물(魚物), 대어(大漁)"
苗,모 묘,田艸,艹(풀 초) 田(밭 전),ok,모 묘(苗),http://tonghanja.com/%eb%aa%a8-%eb%ac%98%e8%8b%97/,"苗 .3급 艹: 풀 초 田: 밭 전 풀(艹)인데 밭(田)에 옮겨 심는 것은? 풀 인데 밭 에 옮겨 심는 것은 ‘ 모 ’이지요. 모 묘 종 묘 ( 種 苗: 씨 모) , 묘목(苗木) * 모: 옮겨 심으려고 기르는 어린 초목."
畓,논 답,水田,水(물 수) 田(밭 전),ok,논 답(畓),http://tonghanja.com/%eb%85%bc-%eb%8b%b5%e7%95%93/,"畓 .3급 水: 물 수 田: 밭 전 물(水)이 차 있는 밭(田)은? 물 이 차 있는 밭 은 ‘ 논 ’이지요. 논 답 수 답 ( 水 畓: 무 논) , 전답(田畓)"
田,밭 전,,,none,밭 전(田),http://tonghanja.com/%eb%b0%ad-%ec%a0%84%e7%94%b0/,"田 .4급Ⅱ 구역(囗)인데 두둑(十)으로 나뉜 곳은? 구역 인데 두둑 으로 나뉜 곳은 ‘ 밭 ’이지요. 밭 전 공전(公田), 사전(私田), 염전(鹽田)"
漆,옻 칠,人木水氺,氵(물 수) 木(나무 목) 人(사람 인) 氺(물 수),ok,옻 칠(漆),http://tonghanja.com/%ec%98%bb-%ec%b9%a0%e6%bc%86/,"漆 .3급Ⅱ 氵: 물 수 木: 나무 목 人: 사람 인 氺: 물 수 물(氵)인데 나무(木)에서 사람(人)이 채취하는 물(氺)은? 물 인데 나무 에서 사람 이 채취하는 물 은 옻나무의 진액인 ‘ 옻 ’이지요. 옻 칠 옻 칠 ( 옻 漆: 옻나무의 진액을 칠하는 일 ) , 색칠(色漆), 칠기(漆器)"
林,수풀 림,木,木(나무 목) 木(나무 목),ok,수풀 림(林),http://tonghanja.com/%ec%88%98%ed%92%80-%eb%a6%bc%e6%9e%97/,"林 .7급 木: 나무 목 木: 나무 목 나무들(林)이 모여 있는 곳은? 나무들 이 모여 있는 곳은 ‘ 수풀 ’이지요. 수풀 림 삼 림 ( 森 林: 수풀) , 산림(山林), 밀림(密林)"
森,수풀 삼,,,none,수풀 삼(森),http://tonghanja.com/%ec%88%98%ed%92%80-%ec%82%bc%e6%a3%ae/,"森 .3급Ⅱ 木: 나무 목 木: 나무 목 木: 나무 목 많은 나무들(森)이 모여 있는 곳은? 많은 나무들 이 모여 있는 곳은 ‘ 수풀 ’이지요. 수풀 삼 삼 림 (森 林 : 수풀) , 삼엄(森嚴) * 수풀: 나무가 빽빽하게 들어찬 곳/ 숲(수풀의 준말). * ‘森’은 많은 나무들이 모여 있는 모양인 ‘빽빽함’을 뜻하기도 합니다."
困,곤란할 곤,,,none,곤란할 곤(困),http://tonghanja.com/%ea%b3%a4%eb%9e%80%ed%95%a0-%ea%b3%a4%e5%9b%b0/,"困 .4급 口: 모양 木: 나무 목 갇힌(囗) 나무(木)는? 갇힌 나무 는 자라기가 ‘ 곤란함 ’이지요. 곤란할 곤 곤 란 (困 難 : 사정이 몹시 딱하고 어려움 ) , 곤궁(困窮), 곤경(困境)"
床,상 상,广木,广(집 엄) 木(나무 목),ok,상 상(床),http://tonghanja.com/%ec%83%81-%ec%83%81%e5%ba%8a/,床 .4급Ⅱ 广: 집 엄 木: 나무 목 집(广) 안에 놓는 건데 나무(木)로 만든 것은? 집 안에 놓는 건데 나무 로 만든 것은 ‘ 상 ’이지요. 상 상 상 (床: 밥상·책상·평상 따위의 총칭 )
广,집 엄,,,none,집 엄(广),http://tonghanja.com/%ec%a7%91-%ec%97%84%e5%b9%bf/,广 .무급 지붕(亠)과 언덕( )은? 지붕 과 언덕 으로 된 것은 언덕의 속을 파내서 만든 ‘ 집 ’이지요. 집 엄
休,쉴 휴,人木,亻(사람 인) 木(나무 목),ok,쉴 휴(休),http://tonghanja.com/%ec%89%b4-%ed%9c%b4%e4%bc%91/,"休 .7급 亻: 사람 인 木: 나무 목 사람(亻)이 나무(木) 곁에서 하는 것은? 사람 이 나무 곁의 그늘에서 하는 것은 ‘ 쉼 ’이지요. 쉴 휴 휴 식 (休 息 : 쉼) , 휴일(休日), 휴가(休暇)"
木,나무 목,,,none,나무 목(木),http://tonghanja.com/%eb%82%98%eb%ac%b4-%eb%aa%a9%e6%9c%a8/,"木 .8급 가지(一)와 줄기(丨)와 뿌리(人)는? 가지 와 줄기 와 뿌리 로 된 것은 ‘ 나무 ’이지요. 나무 목 수 목 ( 樹 木: 살아 있는 나무) , 교목(喬木), 목재(木材)"
伏,엎드릴 복,人犬,亻(사람 인) 犬(개 견),ok,엎드릴 복(伏),http://tonghanja.com/%ec%97%8e%eb%93%9c%eb%a6%b4-%eb%b3%b5%e4%bc%8f/,"伏 .4급 亻: 사람 인 犬: 개 견 사람(亻)이 개(犬)처럼 자세를 취하는 것은? 사람 이 개 처럼 자세를 취하는 것은 ‘ 엎드림 ’이지요. 엎드릴 복 굴 복 ( 屈 伏: 몸을 굽혀 엎드림) , 항복(降伏), 복걸(伏乞)"
犬,개 견,,,none,개 견(犬),http://tonghanja.com/%ea%b0%9c-%ea%b2%ac%e7%8a%ac/,"犬 .4급 머리( )와 앞다리( )와 몸통 및 뒷다리( )와 꼬리( )는? 머리 와 앞다리 와 몸통 및 뒷다리 와 꼬리 로 된 것은 ‘ 개 ’이지요. 개 견 충견(忠犬), 맹견(猛犬), 애견(愛犬) * 고대 중국에서는 폭이 좁은 죽간에 세로로 글을 썼기 때문에 한자에는 ‘犬’처럼 세로형으로 된 글자가 많답니다. * 犭: 犬의 이형."
心,마음 심,,,none,마음 심(心),http://tonghanja.com/%eb%a7%88%ec%9d%8c-%ec%8b%ac%e5%bf%83/,"心 .7급 혈관( )과 염통( )에 들어 있는 것은? ‘ 혈관 과 염통 ’ 즉 ‘심장(心臟)’에 들어 있는 것은 ‘ 마음 ’이지요. 마음 심 진 심 ( 眞 心: 참된 마음) , 본심(本心), 양심(良心) * 고대 중국인들은 기쁨, 슬픔, 분노 등의 감정에 따라 심장 박동이 달라지는 것을 보고 마음이 심장에 들어 있다 믿었답니다. * 忄, 㣺: 心의 이형."
吐,토할 토,口土,口(입 구) 土(흙(땅) 토),ok,토할 토(吐),http://tonghanja.com/%ed%86%a0%ed%95%a0-%ed%86%a0%e5%90%90/,"吐 .3급Ⅱ 口: 입 구 土: 흙(땅) 토 입(口)을 땅(土)에 대고 하는 것은? 입 을 땅 에 대고 하는 것은 ‘ 토함 ’이지요. 토할 토 토 함 (吐 함 : 먹었던 것을 게움 ) , 구토(嘔吐 *嘔·1급·게울 구)"
土,흙 토,,,none,흙 토(土),http://tonghanja.com/%ed%9d%99-%ed%86%a0%e5%9c%9f/,"土 .8급 울퉁불퉁한 덩어리(十)인데 땅(__) 위에 있는 것은? 울퉁불퉁한 덩어리 인데 땅 위에 있는 것은 ‘ 흙 ’이지요. 흙 토 토 양 (土 壤 : 흙 덩이 ) , 토지(土地) * ‘土’는 흙이 있는 곳인 ‘땅’을 뜻하기도 합니다."
拓,넓힐 척,手石,扌(손 수) 石(돌 석),ok,넓힐 척(拓),http://tonghanja.com/%eb%84%93%ed%9e%90-%ec%b2%99%e6%8b%93/,拓 .3급Ⅱ 扌: 손 수 石: 돌 석 손(扌)으로 돌(石)을 치우는 것은? 손 으로 돌 을 치우는 것은 쓸 수 있는 땅을 ‘ 넓힘 ’이지요. 넓힐 척 개 척 ( 開 拓: 거친 땅을 일구어 쓸 수 있는 땅을 넓힘 )
石,돌 석,厂,厂(기슭(벼랑) 엄  ㅁ: 모양),ok,돌 석(石),http://tonghanja.com/%eb%8f%8c-%ec%84%9d%e7%9f%b3/,"石 .6급 厂: 기슭(벼랑) 엄 ㅁ: 모양 벼랑(厂) 아래의 네모난(ㅁ) 것은? 벼랑 아래의 네모난 것은 벼랑에서 떨어진 ‘ 돌 ’이지요. 돌 석 낙 석 ( 落 石: 떨어진 돌) , 암석(巖石), 괴석(怪石)"
厂,기슭 엄,,,none,기슭 엄(厂),http://tonghanja.com/%ea%b8%b0%ec%8a%ad-%ec%97%84%e5%8e%82/,厂 .무급 평지(￣)와 비탈( )로 된 곳은? 평지 와 비탈 로 된 곳은 ‘ 기슭 (비탈진 곳의 끝자리)’이지요. 기슭 엄 * ‘厂’은 평지(￣)와 비탈( )로 된 ‘언덕’을 뜻하기도 합니다. * ‘厂’은 평지(￣)와 절벽( )으로 된 ‘벼랑(깎아지른 듯이 가파른 언덕)’을 뜻하기도 합니다. * ‘厂’은 천장(￣)과 벽( )으로 된 ‘굴바위’를 뜻하기도 합니다.
仙,신선 선,人山,亻(사람 인) 山(뫼 산),ok,신선 선(仙),http://tonghanja.com/%ec%8b%a0%ec%84%a0-%ec%84%a0%e4%bb%99/,"仙 .5급Ⅱ 亻: 사람 인 山: 뫼 산 사람(亻)인데 산(山)에서 사는 이는? 사람 인데 산 에서 도를 닦으며 사는 이는 ‘ 신선 ’이지요. 신선 선 신 선 ( 神 仙: 도를 닦아 신통력을 얻은 사람 ) , 선인(仙人), 선녀(仙女)"
山,뫼 산,,,none,뫼 산(山),http://tonghanja.com/%eb%ab%bc-%ec%82%b0%e5%b1%b1/,"山 .8급 봉우리들(山)이 있는 곳은? 봉우리들 이 모여 있는 곳은 ‘ 뫼 ’이지요. 뫼 산 산 (山: 뫼) , 산맥(山脈)"
唱,부를 창,口昌,口(입 구) 昌(창성할 창),ok,부를 창(唱),http://tonghanja.com/%eb%b6%80%eb%a5%bc-%ec%b0%bd%e5%94%b1/,"唱 .5급 口: 입 구 昌: 창성할 창 입(口)으로 창성하게(昌) 하는 것은? 입 으로 창성하게 하는 것은 노래를 ‘ 부름 ’이지요. 부를 창 가 창 ( 歌 唱: 노래를 부름) , 합창(合唱), 제창(齊唱)"
昌,창성할 창,日曰,日(날(해) 일) 曰(가로(말할) 왈),ok,창성할 창(昌),http://tonghanja.com/%ec%b0%bd%ec%84%b1%ed%95%a0-%ec%b0%bd%e6%98%8c/,"昌 .3급Ⅱ 日: 날(해) 일 曰: 가로(말할) 왈 해(日)처럼 말하면(曰)? 해 처럼 빛나게 말하면 ‘ 창성함 ’이지요. 창성할 창 창 성 (昌 盛 : 기세가 크게 일어나 잘 뻗어 나감 ) , 번창(繁昌)"
曰,가로 왈,口,口(입 구  ㅡ: 모양),ok,가로 왈(曰),http://tonghanja.com/%ea%b0%80%eb%a1%9c-%ec%99%88%e6%9b%b0/,"曰 .3급 口: 입 구 ㅡ: 모양 입(口) 안의 혀(ㅡ)로 하는 것은? 입 안의 혀 로 하는 것은 ‘ 가롬 (말함)’이지요. 가로 왈 공자왈(孔子曰), 맹자왈(孟子曰), 장자왈(莊子曰) * 가로다: ‘말하다’를 예스럽게 이르는 말."
吅,부르짖을 훤,口,口(입(말) 구) 口(입(말) 구),ok,부르짖을 훤(吅),http://tonghanja.com/%eb%b6%80%eb%a5%b4%ec%a7%96%ec%9d%84-%ed%9b%a4%e5%90%85/,吅 .무급 口: 입(말) 구 口: 입(말) 구 말(口)하고 또 말(口)하는 것은? 말 하고 또 말 하는 것은 ‘ 부르짖음 ’이지요. 부르짖을 훤 * : 吅의 이형.
口,입 구,,,none,입 구(口),http://tonghanja.com/%ec%9e%85-%ea%b5%ac%e5%8f%a3/,"口 .7급 입(口)은? 벌린 ‘ 입 ’은 ‘ 입 ’이지요. 입 구 구 강 (口 腔 : 입 의 빈 곳 *腔·1급·속 빌 강 ) , 인구(人口) * ‘口’는 입을 벌리고 하는 것인 ‘말’을 뜻하기도 합니다."
拙,졸할 졸,出手,扌(손 수) 出(날 출),ok,졸할 졸(拙),http://tonghanja.com/%ec%a1%b8%ed%95%a0-%ec%a1%b8%e6%8b%99/,"拙 .3급 扌: 손 수 出: 날 출 손(扌)이 나가는(出) 것은? 손 이 빗 나가는 것은 ‘ 졸함 ’이지요. 졸할 졸 졸 함 (拙 함 : 재주가 없고 솜씨가 서투름 ) , 졸작(拙作), 졸렬(拙劣)"
出,날 출,凵屮,屮(풀 초) 凵(모양),ok,날 출(出),http://tonghanja.com/%eb%82%a0-%ec%b6%9c%e5%87%ba/,"出 .7급 屮: 풀 초 凵: 모양 풀(屮)이 틈(凵)에서 나는 것은? 풀 이 땅의 틈 에서 솟아나는 것은 풀이 ‘ 남 ’이지요. 날 출 출 생 (出 生 : 남) , 출아(出芽), 출세(出世)"
艸,풀 초,屮,屮(풀 초) 屮(풀 초),ok,풀 초(艸),http://tonghanja.com/%ed%92%80-%ec%b4%88%e8%89%b8/,艸 .특급Ⅱ 屮: 풀 초 屮: 풀 초 풀들(艸)은? 여럿이 함께 자라는 풀들 은 ‘ 풀 ’이지요. 풀 초 * 艹: 艸의 이형.
屮,풀 초,,,none,풀 초(屮),http://tonghanja.com/%ed%92%80-%ec%b4%88%e5%b1%ae/,屮 .무급 잎( )과 줄기( )는? 많은 잎 과 줄기 로 된 것은 ‘ 풀 ’이지요. 풀 초 * ＋: 屮의 이형.
企,꾀할 기,人止,人(사람 인) 止(그칠 지),ok,꾀할 기(企),http://tonghanja.com/%ea%be%80%ed%95%a0-%ea%b8%b0%e4%bc%81/,"企 .3급Ⅱ 人: 사람 인 止: 그칠 지 사람(人)이 그치고(止) 하는 것은? 사람 이 하던 일을 그치고 하는 것은 새로운 일을 ‘ 꾀함 ’이지요. 꾀할 기 기 획 (企 劃 : 일을 꾀하여 계획함 ) , 기도(企圖), 기업(企業)"
止,그칠 지,,,none,그칠 지(止),http://tonghanja.com/%ea%b7%b8%ec%b9%a0-%ec%a7%80%e6%ad%a2/,"止 .5급 발(止)이 그냥 있는 것은? 발 이 그냥 있는 것은 ‘ 그침 ’이지요. 그칠 지 정 지 ( 停 止: 멈추거나 그침) , 중지(中止), 금지(禁止) * ‘止’는 다른 글자에서 ‘발’을 뜻하기도 합니다. * : 止의 이형."
手,손 수,,,none,손 수(手),http://tonghanja.com/%ec%86%90-%ec%88%98%e6%89%8b/,"手 .7급Ⅱ 손(手)은? ‘ 手 ’는 다섯 손가락과 하나의 손목으로 된 ‘ 손 ’을 본뜬 글자입니다. 손 수 좌 수 ( 左 手: 왼 손) , 공수(空手), 거수(擧手) * 扌: 手의 이형."
詠,읊을 영,永言,言(말씀(말) 언) 永(길 영),ok,읊을 영(詠),http://tonghanja.com/%ec%9d%8a%ec%9d%84-%ec%98%81%e8%a9%a0/,"詠 .3급 言: 말씀(말) 언 永: 길 영 말(言)을 길게(永) 하는 것은? 말 소리를 길게 뽑아서 하는 것은 ‘ 읊음 ’이지요. 읊을 영 영 탄 (詠 歎 : 목소리를 길게 뽑아 읊음) , 영시(詠詩), 영가(詠歌)"
泳,헤엄칠 영,水永,氵(물 수) 永(길 영),ok,헤엄칠 영(泳),http://tonghanja.com/%ed%97%a4%ec%97%84%ec%b9%a0-%ec%98%81%e6%b3%b3/,"泳 .3급 氵: 물 수 永: 길 영 물(氵)에서 길게(永) 있는 것은? 물 에서 ‘ 길게 ’ 즉 ‘오래’ 있는 것은 ‘ 헤엄침 ’이지요. 헤엄칠 영 수 영 ( 水 泳: 물에서 헤엄침) , 평영(平泳), 접영(蝶泳)"
永,길 영,丶水,丶(모양) 水(물 수),ok,길 영(永),http://tonghanja.com/%ea%b8%b8-%ec%98%81%e6%b0%b8/,"永 .6급 丶: 모양 水: 물 수 근원(丶)으로부터 물(水)이 흐르는 모양은? 근원 으로부터 물 이 이어져 흐르는 모양은 ‘ 긺 ’이지요. 길 영 영 원 (永 遠 : 길게 멀리 이어짐 ) , 영속(永續), 영영(永永)"
氷,얼음 빙,丶水,丶(모양) 水(물 수),ok,얼음 빙(氷),http://tonghanja.com/%ec%96%bc%ec%9d%8c-%eb%b9%99%e6%b0%b7/,"氷 .5급 丶: 모양 水: 물 수 덩어리(丶)인데 물(水) 위에서 생기는 것은? 덩어리 인데 물 위에서 거의 잠긴 채로 생기는 것은 ‘ 얼음 ’이지요. 얼음 빙 빙 판 (氷 板 : 얼음 판 ) , 빙하(氷河), 빙산(氷山) * 冫: 氷의 이형."
水,물 수,,,none,물 수(水),http://tonghanja.com/%eb%ac%bc-%ec%88%98%e6%b0%b4/,"水 .8급 물줄기(亅)와 물가( )는? 물줄기 와 물가 로 된 것은 ‘ 물 ’이지요. 물 수 수 로 (水 路 : 물 길 ) , 유수(流水), 하수(河水) * 氵, 氺: 水의 이형."
信,믿을 신,人言,亻(사람 인) 言(말씀(말) 언),ok,믿을 신(信),http://tonghanja.com/%eb%af%bf%ec%9d%84-%ec%8b%a0%e4%bf%a1/,"信 .6급Ⅱ 亻: 사람 인 言: 말씀(말) 언 사람(亻)이 말(言)을 지키면? 사람 이 자기가 한 말 을 지키면, 그 사람은 다음에도 자기의 말을 지킬 것이라 남들이 ‘ 믿음 ’이지요. 믿을 신 신 뢰 (信 賴 : 굳게 믿고 의지함 ) , 신용(信用), 확신(確信)"
言,말씀 언,二亠口,亠(머리 두) 二(두 이) 口(입 구),ok,말씀 언(言),http://tonghanja.com/%eb%a7%90%ec%94%80-%ec%96%b8%e8%a8%80/,"言 .6급 亠: 머리 두 二: 두 이 口: 입 구 머리(亠)를 둘(二)이 마주하고 입(口)으로 하는 것은? 머리 를 둘 이 마주하고 입 을 열어 하는 것은 ‘ 말씀 (말)’이지요. 말씀 언 언 어 (言 語 : 말) , 언급(言及), 발언(發言)"
亠,머리 두,,,none,머리 두(亠),http://tonghanja.com/%eb%a8%b8%eb%a6%ac-%eb%91%90%e4%ba%a0/,亠 .무급 상투( )와 머리(ㅡ)는? 상투 와 머리 로 된 것은 ‘ 머리 ’이지요. 머리 두
仁,어질 인,二人,亻(사람 인) 二(두 이),ok,어질 인(仁),http://tonghanja.com/%ec%96%b4%ec%a7%88-%ec%9d%b8%e4%bb%81/,"仁 .4급 亻: 사람 인 二: 두 이 사람(亻)이 둘(二)이 있을 때 해야 하는 것은? 사람 이 둘 이 있을 때 상대에게 해야 하는 것은 ‘ 어짊 ’이지요. 어질 인 인 자 (仁 慈 : 어질고 자애로움 ) , 인자무적(仁者無敵)"
人,사람 인,,,none,사람 인(人),http://tonghanja.com/%ec%82%ac%eb%9e%8c-%ec%9d%b8%e4%ba%ba/,"人 .8급 머리 및 팔( )과 몸통 및 다리( )는? 머리 및 팔 과 몸통 및 다리 로 된 것은 ‘ 사람 ’이지요. 사람 인 인 간 (人 間 : 사람 들 사이/ 사람 ) , 인체(人體), 인류(人類) * 亻, , , 儿: 人의 이형(異形: 다른 형태)."
